material,critical_temp,vF (m/s),subfamily,family,number_of_elements,mean_atomic_mass,wtd_mean_atomic_mass,gmean_atomic_mass,wtd_gmean_atomic_mass,entropy_atomic_mass,wtd_entropy_atomic_mass,range_atomic_mass,wtd_range_atomic_mass,std_atomic_mass,wtd_std_atomic_mass,mean_fie,wtd_mean_fie,gmean_fie,wtd_gmean_fie,entropy_fie,wtd_entropy_fie,range_fie,wtd_range_fie,std_fie,wtd_std_fie,mean_atomic_radius,wtd_mean_atomic_radius,gmean_atomic_radius,wtd_gmean_atomic_radius,entropy_atomic_radius,wtd_entropy_atomic_radius,range_atomic_radius,wtd_range_atomic_radius,std_atomic_radius,wtd_std_atomic_radius,mean_Density,wtd_mean_Density,gmean_Density,wtd_gmean_Density,entropy_Density,wtd_entropy_Density,range_Density,wtd_range_Density,std_Density,wtd_std_Density,mean_ElectronAffinity,wtd_mean_ElectronAffinity,gmean_ElectronAffinity,wtd_gmean_ElectronAffinity,entropy_ElectronAffinity,wtd_entropy_ElectronAffinity,range_ElectronAffinity,wtd_range_ElectronAffinity,std_ElectronAffinity,wtd_std_ElectronAffinity,mean_FusionHeat,wtd_mean_FusionHeat,gmean_FusionHeat,wtd_gmean_FusionHeat,entropy_FusionHeat,wtd_entropy_FusionHeat,range_FusionHeat,wtd_range_FusionHeat,std_FusionHeat,wtd_std_FusionHeat,mean_ThermalConductivity,wtd_mean_ThermalConductivity,gmean_ThermalConductivity,wtd_gmean_ThermalConductivity,entropy_ThermalConductivity,wtd_entropy_ThermalConductivity,range_ThermalConductivity,wtd_range_ThermalConductivity,std_ThermalConductivity,wtd_std_ThermalConductivity,mean_Valence,wtd_mean_Valence,gmean_Valence,wtd_gmean_Valence,entropy_Valence,wtd_entropy_Valence,range_Valence,wtd_range_Valence,std_Valence,wtd_std_Valence,low_confidence
ag0.775sn0.225,0.09,1800000,conventional_simple_metal,Conventional / Alloys,2,113.2891,110.307605,113.1593302,110.21788,0.692001925,0.553532753,10.8418,56.888105,5.4209,4.527344075,719.35,725.4825,719.2635817,725.4220516,0.693027049,0.526451985,22.3,406.7925,11.15,9.312085897,155,160.5,154.677083,160.2720741,0.691064569,0.50490373,20,95.25,10,8.351646544,8900,9774.5,8756.820199,9671.24562,0.677102977,0.453131607,3180,6485,1590,1327.911801,117.95,122.9825,117.5945577,122.7310086,0.690135196,0.499086394,18.3,74.0225,9.15,7.641756588,9.15,10.3325,8.893818078,10.14571954,0.665281287,0.426903941,4.3,7.1825,2.15,1.795604007,248.5,348.325,169.7350877,283.0120217,0.395426957,0.178227109,363,318.175,181.5,151.5823848,2.5,1.675,2,1.366040257,0.500402424,0.690360006,3,0.125,1.5,1.252746982,FALSE
al0.14au0.86,0.385,1800000,conventional_simple_metal,Conventional / Alloys,2,111.9740538,173.1686647,72.90035037,149.1169138,0.36788267,0.105015425,169.9850304,165.6138339,84.9925152,58.98260109,733.25,845.606,716.4523431,837.0804836,0.670326958,0.315221327,312.1,683.99,156.05,108.2946525,146,166.16,143.2899159,164.7918899,0.674642817,0.323811655,56,133.12,28,19.43127376,11000,16976,7218.725649,14654.47326,0.372323902,0.106734337,16600,16220,8300,5759.984722,134.15,199.058,99.34384732,178.5650871,0.446236379,0.13801449,180.3,186.738,90.15,62.56176177,11.6,12.248,11.56503351,12.23084155,0.690134344,0.371493869,1.8,9.252,0.9,0.624576657,277.5,308.1,274.226184,306.4633059,0.681372953,0.339737196,85,242.3,42.5,29.49389767,4,4.72,3.872983346,4.65490883,0.661563238,0.300178639,2,3.88,1,0.693974063,FALSE
al1,1.159,1800000,conventional_simple_metal,Conventional / Alloys,1,26.9815386,26.9815386,26.9815386,26.9815386,0,0,0,0,0,0,577.2,577.2,577.2,577.2,0,0,0,0,0,0,118,118,118,118,0,0,0,0,0,0,2700,2700,2700,2700,0,0,0,0,0,0,44,44,44,44,0,0,0,0,0,0,10.7,10.7,10.7,10.7,0,0,0,0,0,0,235,235,235,235,0,0,0,0,0,0,3,3,3,3,0,0,0,0,0,0,FALSE
b1nb1,8.25,726000,conventional_Nb_based,Conventional / Alloys,2,51.85869,51.85869,31.69244191,31.69244191,0.334290195,0.334290195,82.09538,41.04769,41.04769,41.04769,731.9,731.9,728.7061959,728.7061959,0.688786643,0.688786643,136.6,68.3,68.3,68.3,142.5,142.5,131.2478571,131.2478571,0.615258028,0.615258028,111,55.5,55.5,55.5,5515,5515,4591.535691,4591.535691,0.530713902,0.530713902,6110,3055,3055,3055,57.9,57.9,49.70231383,49.70231383,0.555107266,0.555107266,59.4,29.7,29.7,29.7,38.4,38.4,36.60601044,36.60601044,0.646799421,0.646799421,23.2,11.6,11.6,11.6,40.5,40.5,38.18376618,38.18376618,0.636514168,0.636514168,27,13.5,13.5,13.5,4,4,3.872983346,3.872983346,0.661563238,0.661563238,2,1,1,1,FALSE
b2mg1,35.56130435,560000,MgB2_type,Mg-B related,2,17.558,15.309,16.20991533,14.16258252,0.617382033,0.691439831,13.494,0.894333333,6.747,6.361132604,768.75,779.2333333,768.1064119,778.6586444,0.69231011,0.623349854,62.9,287.7,31.45,29.65134436,116,106.3333333,112.316517,103.1499058,0.661563238,0.689009238,58,9.666666667,29,27.34146221,2099,2219.333333,2067.723386,2190.987982,0.678283686,0.574141241,722,1060.666667,361,340.354064,14.85,19.3,6.503845017,10.60546769,0.199999657,0.120212062,26.7,18.3,13.35,12.58650071,29.35,36.23333333,20.85665361,27.91385086,0.41959372,0.278859237,41.3,30.43333333,20.65,19.46900671,93.5,71.33333333,65.7267069,48.8595171,0.412844415,0.564887469,133,35.33333333,66.5,62.69680127,2.5,2.666666667,2.449489743,2.620741394,0.673011667,0.562335145,1,1.333333333,0.5,0.471404521,FALSE
ba0.64k0.34fe2as2,39,91981,iron_122,Iron-based,4,76.797975,72.83451847,68.84561542,68.84740583,1.276356556,1.19257042,98.2287,27.41963414,37.17383592,27.0166676,656.575,778.0100402,623.4166052,755.1716273,1.335639259,1.045041977,527.7,351.4277108,209.0531197,173.4453286,191.5,157.5381526,181.8398486,150.8504533,1.337702233,1.288549647,139,46.06024096,58.52563541,49.31547032,4491.75,5971.7751,3411.73954,5367.544665,1.190014393,0.944536131,7018,3103.807229,2605.185634,2010.69215,40.5125,44.22771084,32.04285107,33.73839441,1.174228708,0.862033614,64.05,29.94216867,26.36167614,30.02750672,12.9575,17.85385542,9.18758121,15.07412776,1.115043996,0.864337387,25.37,10.96542169,9.428304129,8.629363595,61.75,60.94779116,51.63776065,55.24371172,1.244889386,1.075031234,82,29.41365462,30.87373479,22.80741101,2.75,3.53815261,2.340347319,3.243488725,1.240684292,0.954982784,4,1.939759036,1.479019946,1.310886683,FALSE
ba0.77k0.23fe2as2,20.25,91981,iron_122,Iron-based,4,76.797975,75.2535198,68.84561542,70.97251763,1.276356556,1.173137397,98.2287,28.1701182,37.17383592,28.35897619,656.575,778.756,623.4166052,756.9822908,1.335639259,1.038806937,527.7,359.229,209.0531197,170.5652323,191.5,158.14,181.8398486,151.2969694,1.337702233,1.25794715,139,51.222,58.52563541,49.98180069,4491.75,6020.316,3411.73954,5527.39023,1.190014393,0.955913555,7018,3110.224,2605.185634,1898.988814,40.5125,43.3547,32.04285107,32.77674647,1.174228708,0.83433355,64.05,29.5046,26.36167614,30.30027447,12.9575,17.93918,9.18758121,15.44961895,1.115043996,0.874804906,25.37,10.97282,9.428304129,8.448878643,61.75,58.972,51.63776065,52.96034481,1.244889386,1.043750082,82,28.828,30.87373479,22.99128565,2.75,3.554,2.340347319,3.286965327,1.240684292,0.958359859,4,1.954,1.479019946,1.27713899,FALSE
ba1fe1.83zn0.04co0.13as2,20,91981,iron_122,Iron-based,5,78.481359,79.92861307,73.96571075,75.39510927,1.54437511,1.192309293,81.482,29.4456,30.13855478,29.90626696,774.34,783.7676,756.5460408,764.4321939,1.587935984,1.118453569,443.7,371.2336,155.6987938,163.5083442,163.4,158.384,157.5637762,151.361662,1.570989178,1.218335569,139,55.96,47.14064064,50.83011454,6630.2,6163.204,6316.893947,5912.260247,1.56624462,1.137362354,5390,2824.764,1871.381565,1660.602141,35.77,42.8924,18.32451896,31.52935797,1.205111968,0.822963378,78,31.788,30.69403199,30.90153721,14.61,18.2108,12.94941768,16.33741495,1.489804423,0.977323112,20.35,11.0212,7.361141216,8.064702311,73.4,56.074,61.12377514,49.40915972,1.46985708,1.09755595,102,27.954,36.13087322,24.08137297,3.2,3.618,2.992555739,3.407863412,1.543789185,1.059034183,3,1.984,1.166190379,1.205021162,FALSE
ba1fe1.892ni0.108as2,15.88,91981,iron_122,Iron-based,4,81.69675,79.83356544,76.20511712,75.27562836,1.312300369,1.15250678,81.482,28.70086256,32.93210615,29.96921602,736,782.12536,717.9652979,762.8736925,1.362654593,1.061986543,443.7,362.57808,157.5118567,163.2557382,168,158.4488,160.9103798,151.4276617,1.341746881,1.169972834,139,55.812,51.58972766,50.81792773,6504.75,6164.7344,6127.770332,5913.817149,1.332089099,1.07489143,5398,2787.1088,2075.083056,1659.592624,56.4125,43.85008,39.35092814,32.34777571,1.092989976,0.864325783,98.05,29.3484,41.85559065,32.29881484,16.675,18.27344,15.14412977,16.42962178,1.294776495,0.953750233,19.7,10.70848,7.164975576,8.015611678,59.5,55.4592,50.43450332,49.09303574,1.256714214,0.996812545,73,27.928,28.21790212,23.01176081,3,3.5784,2.783157684,3.363867892,1.308605387,0.987636332,3,1.9568,1.224744871,1.219448006,FALSE
ba1fe1.8co0.2as2,20.05,91981,iron_122,Iron-based,4,81.75669875,79.8955678,76.28283317,75.35685234,1.312595878,1.186030895,81.482,27.6113122,32.89036869,29.92292764,741.475,782.58,723.24614,763.33836,1.362745785,1.108258299,443.7,348.156,157.8039983,163.1563839,168.75,158.44,161.7142868,151.4204888,1.342443743,1.215728475,139,50.08,51.32920709,50.81423423,6502.75,6183.44,6126.394078,5927.045273,1.33216904,1.136781675,5390,2478.64,2072.768363,1684.297102,44.3375,43.69,34.2584661,32.75613806,1.166444656,0.863713951,64.05,29.192,28.47181446,30.7175585,16.425,18.296,14.91904295,16.45686008,1.29351873,0.989125529,19.7,10.432,7.15973987,8.001773803,61.75,56.04,51.63776065,49.40697399,1.244889386,1.076698837,82,24.84,30.87373479,23.8972467,3.5,3.64,3.30975092,3.432733215,1.333736027,1.069543308,3,1.84,1.118033989,1.195993311,FALSE
ba1fe2as1.5p0.5,22.9,91981,iron_122,Iron-based,4,74.7668405,75.3772562,64.95092001,68.83770984,1.252351191,1.220266536,106.353238,24.3680238,39.33721927,33.42734032,804.75,789.12,777.2554314,768.4673123,1.354248855,1.26102095,508.7,203.14,197.52765,170.6601172,155.25,157,144.9085503,149.3028186,1.315423652,1.236781555,155,52.6,60.28007548,52.40610651,4733.5,5752,4121.488522,5260.129173,1.264339012,1.056805769,6051,2967.3,2281.323355,2085.751184,46.1625,41.07,35.17956917,30.77095781,1.158558489,1.115709892,64.05,20.76,29.94635568,30.01718841,12.535,15.494,6.651310222,11.21841651,1.031412371,0.958962396,27.06,8.246,9.920114667,8.896062275,36.809,50.2236,11.38139251,28.6475535,0.968065319,0.844951688,78.764,31.5764,30.18876352,28.08550467,3.75,3.6,3.499635512,3.39345819,1.322949511,1.249296721,3,1.1,1.299038106,1.2,FALSE
bi0.066mo0.264cu0.67sr2y1cu2o,37.5,304000,cuprate_BSCCO,Cuprates,6,93.50194167,69.84845949,73.59023948,61.63688682,1.599960089,1.410925942,192.981,23.06389909,58.16791798,27.92393292,768.3666667,748.9755143,736.1057343,717.7331491,1.744464345,1.451277531,764.1,277.5369429,251.6843967,244.1688124,159.5,163.5354286,143.630435,148.552562,1.712425757,1.35613957,171,61.22314286,57.9389046,57.29613452,6020.5715,5288.004143,1572.853568,1649.04983,1.506974999,1.077292462,10278.571,3417.395857,3895.304843,3518.42975,77.68833333,76.04125714,53.56082222,43.2118477,1.564261808,1.087439776,135.97,44.85925714,47.3640125,55.105421,13.27033333,10.4032,6.858429591,6.460549415,1.453600832,1.30451504,35.778,4.965,10.98346335,6.639787565,99.83776333,170.3215114,13.84223188,29.76557573,0.933747629,0.436444136,399.97342,152.5676314,142.0642617,182.0431848,3.333333333,2.322,2.993795166,2.228087196,1.683108957,1.586436669,4,0.715714286,1.598610508,0.852911987,FALSE
bi1.6pb0.4sr1.8ba0.2ca1.98er0.02cu3o,107,304000,cuprate_BSCCO,Cuprates,8,116.001225,89.176706,87.86031228,69.09636372,1.874194301,1.640384883,192.981,33.102346,70.14826921,64.20696066,712.2625,722.6152,681.3711242,698.8307889,2.029921473,1.726526021,810.6,222.338,241.1311155,212.2037587,172.75,160.684,157.1692571,149.9423903,2.006988042,1.673434978,205,43.048,60.65836711,49.05376789,5854.678625,5575.1749,1919.388123,2127.810999,1.773706603,1.355472483,11338.571,2687.8571,4094.80408,3947.277131,58.63125,68.86966,32.23438144,32.10351384,1.684152899,1.231276121,138.63,35.867,50.07830429,55.22341958,9.179,9.21772,5.984219411,6.770021111,1.872898026,1.468241568,19.678,3.9078,5.432902723,3.804439407,88.8783225,168.972658,16.54928939,38.93358851,1.202198388,0.797234828,399.97342,119.997342,132.2252581,166.2976576,2.75,2.562,2.572839256,2.382833951,2.008329923,1.719159535,3,0.794,1.089724736,1.13408818,FALSE
bi1sr0.95nd0.05cu1o,8.01,304000,cuprate_BSCCO,Cuprates,5,104.07756,94.744225,76.87736531,66.09692965,1.385832586,1.16958755,192.981,50.442075,66.76707121,71.4050046,768.3,827.28125,725.2448376,783.5272893,1.547497237,1.361483372,781.6,321.63125,284.8837728,289.9152963,152.2,138.5875,135.0365465,121.4129851,1.516525575,1.354006757,171,49.4375,60.58184547,60.49125841,5676.2858,5397.60725,1182.144516,766.8858751,1.297438402,1.040795767,9778.571,2444.64275,3765.259609,4135.861638,82.626,90.969625,55.62715365,58.19262074,1.386618087,1.185751219,135.97,34.98125,48.65215621,50.85956317,7.8644,8.04425,4.477955988,3.984623512,1.384087383,1.157459989,12.878,3.2195,4.373450519,4.872113293,92.005316,110.531645,8.726586224,7.320201077,0.510463972,0.370391652,399.97342,99.993355,154.4364658,167.6105773,2.8,2.7625,2.605171085,2.527645349,1.531778079,1.338653716,3,1.2125,1.166190379,1.296569994,FALSE
bi2.05sr1.95cu1o6,8.94,304000,cuprate_BSCCO,Cuprates,4,94.03645,68.98283818,65.68635754,39.57808977,1.100637313,1.127693874,192.981,33.16943818,71.19117078,72.44367621,827.5,1012.281364,783.8446355,951.0508097,1.329468602,0.915488127,764.1,648.5090909,289.6985589,334.2750228,138.75,104.8363636,121.5058948,85.1337665,1.278720308,1.323231046,171,25.64090909,60.68927006,67.01160378,5342.85725,3104.188545,757.5454786,62.19889998,0.980642981,0.950525131,9778.571,1821.856909,4143.139138,4088.264084,90.4075,107.0607727,56.70962046,74.96278005,1.154421796,0.808356027,135.97,76.56968182,51.53670215,50.29983249,8.0555,4.761545455,3.990572347,1.25448992,1.112766771,1.16415821,12.878,1.910272727,4.870958915,5.142255764,110.756645,44.07358909,7.386577347,0.659540617,0.365842258,0.55185227,399.97342,36.34913818,167.4969127,113.2786831,2.75,2.559090909,2.514866859,2.372419815,1.288252305,1.193050758,3,0.909090909,1.299038106,1.168199505,FALSE
bi2.1sr1.85cu1o6,5.515,304000,cuprate_BSCCO,Cuprates,4,94.03645,69.45189406,65.68635754,39.5915554,1.100637313,1.115405151,192.981,34.27514521,71.19117078,73.19940289,827.5,1015.099543,783.8446355,954.5164377,1.329468602,0.911847944,764.1,651.4703196,289.6985589,332.744724,138.75,103.9680365,121.5058948,84.60244155,1.278720308,1.329372626,171,23.75799087,60.68927006,66.31689442,5342.85725,3139.002192,757.5454786,61.51226876,0.980642981,0.936994458,9778.571,1874.833425,4143.139138,4121.948177,90.4075,107.9132877,56.70962046,76.726713,1.154421796,0.810229003,135.97,76.97894977,51.53670215,49.49287512,8.0555,4.76,3.990572347,1.245680047,1.112766771,1.159655802,12.878,1.968767123,4.870958915,5.161377325,110.756645,43.99173333,7.386577347,0.64333738,0.365842258,0.543791565,399.97342,36.51511598,167.4969127,113.5598405,2.75,2.575342466,2.514866859,2.38422511,1.288252305,1.185582765,3,0.913242009,1.299038106,1.181104756,FALSE
bi2sr1.8la0.2ca1cu2o,87.94,304000,cuprate_BSCCO,Cuprates,6,92.521545,98.32841175,68.53635732,74.5295288,1.545920563,1.301671007,192.981,50.245175,64.78645029,68.56952645,740.0833333,736.84,702.6967386,708.9027506,1.73455624,1.627023073,772,172.7225,267.260032,231.1452323,157.3333333,156.4,142.1360653,144.263735,1.715023487,1.562310943,171,44.4,56.09119559,51.39931906,4844.5715,5624.328625,1209.928897,1853.689817,1.431987019,1.180431489,9778.571,2444.821375,3701.429452,3892.348349,69.16666667,74.153,35.43973952,38.00896587,1.42312991,1.251060897,138.63,29.49125,53.35299294,53.42903149,7.843666667,9.05275,4.88828512,6.26007541,1.600140792,1.390709942,12.878,3.24725,4.040467038,3.894557476,109.3377633,135.2033225,14.06450304,21.99122945,0.952020166,0.777868235,399.97342,99.9966775,147.0428066,164.3651778,2.666666667,2.775,2.492882872,2.540488769,1.71707598,1.494304741,3,1.175,1.105541597,1.293976429,FALSE
bi2sr2ca0.6ce0.4cu2o8,71,304000,cuprate_BSCCO,Cuprates,6,92.7233,61.89208,68.63554426,37.35231203,1.545564222,1.483511047,192.981,26.26093333,64.93230355,65.41227211,739.9166667,1004.552,702.480131,943.1718539,1.734472633,1.041362983,773,685.9173333,267.3843514,334.9715918,155.6666667,105.8933333,140.8944248,86.34788991,1.716277463,1.652050648,171,24.26666667,55.08680019,66.0164774,4935.0715,3090.4688,1227.122604,67.19244383,1.433604146,1.223522884,9778.571,1303.237867,3738.594629,4014.70168,69.5,106.7454667,35.67446971,73.4456658,1.426418382,0.880572459,138.63,75.8452,53.23519794,50.74435807,7.710333333,4.873333333,4.778888369,1.306455466,1.592037522,1.443170167,12.878,1.628266667,4.101939446,5.220808145,109.00443,67.374176,13.67831539,0.897022621,0.942696666,0.714021563,399.97342,53.31915733,147.2629203,136.2686591,2.833333333,2.453333333,2.615320972,2.302057304,1.707475435,1.446573469,3,0.986666667,1.213351648,1.049359593,FALSE
bi2sr2ca0.6y0.4cu2o,72.7,304000,cuprate_BSCCO,Cuprates,6,84.188275,99.4876675,63.62427548,76.67021619,1.54595952,1.28753366,192.981,50.245175,61.41206351,67.05910904,752.4666667,738.3375,717.9286159,710.6919558,1.739706757,1.637148642,764.1,155.48,259.3578716,230.2185371,160.1666667,157.9,144.1300367,145.3262664,1.711992822,1.566700877,171,48.75,58.30785158,52.76589808,4565.5715,5682.528625,1147.478937,1913.50521,1.417135123,1.186566367,9778.571,2444.821375,3655.624144,3821.0889,66.1,74.44025,32.79817807,40.10017099,1.381601465,1.257986195,138.63,29.68475,54.90160562,52.90935099,8.693666667,9.23825,5.396148749,6.389187743,1.613577624,1.433377429,12.878,3.24725,4.160966301,3.903045918,110.00443,126.6033225,14.70760596,19.92845239,0.969184034,0.723108507,399.97342,99.9966775,146.6129559,165.2522279,2.666666667,2.8,2.492882872,2.566371719,1.71707598,1.504593463,3,1.1,1.105541597,1.288409873,FALSE
bi2sr2ca1cu2o8,77.62825,304000,cuprate_BSCCO,Cuprates,5,83.24476,59.2244,59.50608142,36.12617465,1.311510373,1.372050269,192.981,25.19218667,67.23383471,64.19630382,779.88,1005.866667,740.3993327,945.3713955,1.553218704,1.019202288,764.1,661.0266667,276.0631478,333.2384325,149.8,106.1333333,133.4253112,86.45733859,1.519537361,1.573184663,171,16.26666667,58.6085318,66.319295,4584.2858,2953.4288,874.1647863,64.62288119,1.161774357,1.099512422,9778.571,1303.237867,4004.273231,3977.060817,73.1,105.4753333,33.14878276,68.54728717,1.200885906,0.827671215,138.63,75.742,57.64567252,52.67078227,8.1524,4.9544,4.646433492,1.321875282,1.392937492,1.395813727,12.878,1.628266667,4.361026375,5.25340957,128.605316,72.414176,14.28764329,0.969156078,0.871976277,0.777322833,399.97342,53.31915733,154.0080285,137.579265,2.6,2.4,2.402248868,2.259897093,1.519382665,1.365076724,3,0.933333333,1.2,1.019803903,FALSE
bi2sr2ca1cu2o8.16,92.7,304000,cuprate_BSCCO,Cuprates,5,83.24476,58.76819947,59.50608142,35.81696667,1.311510373,1.373650259,192.981,24.92630607,67.23383471,64.0092292,779.88,1009.109235,740.3993327,948.6553865,1.553218704,1.010136292,764.1,667.9087071,276.0631478,332.9587882,149.8,105.5197889,133.4253112,85.92205446,1.519537361,1.572423199,171,16.09498681,58.6085318,66.23534042,4584.2858,2922.273129,874.1647863,62.07483322,1.161774357,1.099549338,9778.571,1289.468296,4004.273231,3967.502922,73.1,105.866095,33.14878276,69.07877398,1.200885906,0.820529882,138.63,76.44656992,57.64567252,52.52853658,8.1524,4.904453826,4.646433492,1.297217436,1.392937492,1.3969261,12.878,1.608738786,4.361026375,5.247943187,128.605316,71.65019082,14.28764329,0.933060785,0.871976277,0.777353181,399.97342,52.75614164,154.0080285,137.0511042,2.6,2.395778364,2.402248868,2.256985025,1.519382665,1.360145894,3,0.944591029,1.2,1.015231293,FALSE
bi4sr3ca2.9tm0.1cu4o16.36,80,304000,cuprate_BSCCO,Cuprates,6,97.526335,57.57033613,70.80882607,35.0345647,1.53386154,1.42751561,192.981,26.97721275,69.18675714,64.1534938,748.0666667,1010.83913,712.7013225,951.2819655,1.738107073,1.024913516,764.1,705.6461133,261.857771,331.1564371,161.8333333,104.71278,145.2414857,85.5520493,1.709741099,1.631383604,174,25.13438735,59.88716242,65.09720497,5373.5715,2908.444613,1296.871885,61.06050494,1.42725736,1.144265678,9778.571,1287.767509,4059.149707,3989.889493,69.5,105.9836298,35.67446971,68.54533381,1.426418382,0.827280724,138.63,76.61890646,53.23519794,52.44497291,9.593666667,4.943277997,5.756404684,1.29988508,1.590203861,1.457306397,16.578,1.670619236,5.122015283,5.29851648,110.00443,76.38784087,14.70760596,0.975619516,0.969184034,0.808827011,399.97342,52.68659918,146.6129559,138.5514901,2.666666667,2.398550725,2.492882872,2.259641384,1.71707598,1.3868366,3,1.067852437,1.105541597,1.014998462,FALSE
c1nb1,10.025,726000,conventional_Nb_based,Conventional / Alloys,2,52.45854,52.45854,33.40465025,33.40465025,0.355776505,0.355776505,80.89568,40.44784,40.44784,40.44784,874.65,874.65,848.8053487,848.8053487,0.66374588,0.66374588,422.1,211.05,211.05,211.05,132.5,132.5,115.1781229,115.1781229,0.565423118,0.565423118,131,65.5,65.5,65.5,5415,5415,4400.93172,4400.93172,0.512201968,0.512201968,6310,3155,3155,3155,121.5,121.5,116.674933,116.674933,0.653701796,0.653701796,67.8,33.9,33.9,33.9,65.9,65.9,53.04714884,53.04714884,0.504995733,0.504995733,78.2,39.1,39.1,39.1,97,97,86.94826048,86.94826048,0.591388686,0.591388686,86,43,43,43,4.5,4.5,4.472135955,4.472135955,0.686961577,0.686961577,1,0.5,0.5,0.5,FALSE
ca0.3ba1.45la1.25cu3o7.12,69.3,273400,cuprate_YBCO,Cuprates,5,79.171174,52.5406338,59.99494331,34.8977367,1.389953237,1.429597622,122.90607,14.2607279,50.42495724,47.5499375,738.22,1003.51311,690.3281148,935.996268,1.53656958,0.914707654,810.6,699.1198171,299.0319675,345.4402921,167,110.179878,146.1211967,87.63531009,1.508759894,1.479830225,205,28.7195122,68.6352679,73.99888527,4033.4858,3058.473665,843.9453445,65.10121623,1.224750185,0.900545248,8958.571,2048.004994,3207.256758,3744.085256,66.244,111.2605564,34.73567471,89.22111427,1.209740908,0.801759117,138.63,77.24382622,55.57850613,46.77938336,7.2324,4.795551829,4.16392152,1.253180893,1.378110416,1.088687099,12.878,2.87495122,4.165161106,5.365796705,126.205316,99.27890622,13.7839016,1.090164351,0.835026704,0.351638541,399.97342,91.44899012,155.4696702,166.4199762,2.2,2.09527439,2.168943542,2.078772596,1.594166699,1.265421835,1,1.039634146,0.4,0.293593564,FALSE
ca0.81la0.19fe1as2,30.03333333,91981,iron_122,Iron-based,4,77.4375175,66.13585483,69.47110104,63.15638127,1.276403887,1.137705922,98.82747,30.86279018,37.57196224,21.30967559,708.95,807.93075,691.8188645,792.3279097,1.361618186,1.045847826,405.1,447.39775,159.1134894,152.3409534,164.75,144.5475,161.0521206,140.8607737,1.364921475,1.250541578,81,47.7375,33.25187965,33.39906801,5324.25,5437.81,4552.623249,4775.433035,1.270406159,1.027189814,6324,2571.565,2322.91136,2147.136387,37.5175,47.184925,22.6231427,28.74556793,1.045020245,0.580254463,75.63,38.966325,29.37288577,33.5721246,14.085,19.3286,11.97538043,17.09222303,1.224592087,0.82690733,21.4,13.55075,8.318694309,8.620565297,85.5,85.8675,56.60992909,69.62459122,1.057631364,1.087222099,187,39.8825,70.12310604,59.540322,3.25,3.7975,3.080070288,3.567690316,1.332244922,0.957450327,3,2.3575,1.089724736,1.251596481,FALSE
ca0.8la0.2fe1as1h1,40.6,152000,iron_1111,Iron-based,5,62.151602,47.9045085,29.79410073,21.57613647,1.294090884,1.333220657,137.89753,18.478415,45.43081254,34.26915947,829.42,899.085,786.2023405,859.4921254,1.555048244,1.419304472,770.2,300.77,279.8316737,271.1509363,142.4,129.3,128.9520742,116.3157181,1.52828995,1.484415256,142,29.25,53.69022257,52.39475165,4259.41798,4017.572475,521.6284954,301.6244471,1.270457257,1.11161356,7873.9101,1968.477525,2975.265143,3150.853608,44.874,45.999,28.69723873,28.44418865,1.333952042,1.176279016,75.63,19.101,30.11121891,32.3070407,11.3796,12.5375,6.485721485,6.434382362,1.267695374,1.097107039,27.142,6.7855,9.199853077,9.944458495,68.4361,72.945125,17.93120724,16.95007961,1.061582054,1.032132013,199.8195,39.954875,71.40382856,69.80484857,2.8,2.8,2.459509486,2.388277992,1.494403211,1.363365844,4,1.1,1.326649916,1.469693846,FALSE
ca0.8la0.2fe2as2,40,91981,iron_122,Iron-based,4,77.4375175,64.2753388,69.47110104,61.77464751,1.276403887,1.164660047,98.82747,24.4124212,37.57196224,19.75432732,708.95,798.068,691.8188645,785.433637,1.361618186,1.071666452,405.1,356.836,159.1134894,137.8140536,164.75,146.84,161.0521206,143.7677385,1.364921475,1.211248906,81,54.6,33.25187965,30.2253933,5324.25,5934.24,4552.623249,5292.316533,1.270406159,0.968237171,6324,2903.76,2322.91136,2144.642222,37.5175,41.2792,22.6231427,26.07211077,1.045020245,0.708293177,75.63,31.1808,29.37288577,32.29349704,14.085,18.2184,11.97538043,16.36629683,1.224592087,0.917711156,21.4,10.828,8.318694309,8.027363044,85.5,84.12,56.60992909,71.01684455,1.057631364,1.108445996,187,31.48,70.12310604,53.16940474,3.25,3.64,3.080070288,3.448944082,1.332244922,1.021096419,3,1.88,1.089724736,1.162067124,FALSE
ce0.8yb0.2co1in5,0.92,7595,heavy_fermion_115,Heavy Fermion,4,121.7302988,111.3895421,113.1774317,108.0451305,1.322369855,0.837705195,114.120805,77.06845714,41.72353183,24.58544444,614.8,585.8257143,609.2394905,582.0917858,1.376904176,0.914923315,218,381.3428571,85.84937391,70.99441162,178.75,160.6285714,176.6538969,160.0860571,1.374285924,0.918738079,70,105.0857143,28.03011773,14.19272593,7367.25,7445.028571,7312.37554,7419.881833,1.378603485,0.877153487,2330,5033.714286,928.4706175,634.5418813,49.65,38.38571429,47.88328193,36.55253778,1.352962747,1.078445032,34.8,20.24285714,12.44196528,13.14669199,8.165,5.491428571,6.876960143,4.459775984,1.218449807,1.104947224,12.94,2.108571429,4.897415135,4.480839936,58,75.22857143,43.3079659,65.64467098,1.174652246,0.641106203,89,57.45714286,35.03569608,25.08737385,3.5,3.257142857,3.464101615,3.230340917,1.376055285,0.952132568,1,2.057142857,0.5,0.437058815,FALSE
ce0.98la0.02pt3si1,0.03,7595,heavy_fermion_Ce,Heavy Fermion,4,125.5477425,150.6858579,101.6196565,123.9115803,1.240228528,0.649746392,166.9985,116.4947781,60.67298169,64.89483158,683.825,786.084,668.2454392,773.9705072,1.363451758,0.88082113,328,518.6956,146.1371851,127.0261302,167,165.44,163.1644894,162.6950549,1.365160783,0.912011622,84,105.42,32.95451411,27.41179308,9153.75,14671.628,6732.622162,10895.63953,1.098674877,0.451010962,19120,12845.416,7295.253264,8414.943756,110.725,161.392,91.86595156,143.7983915,1.212901218,0.682935539,157.3,123.882,65.34647561,61.58254896,20.5,23.1432,13.65712354,18.580919,1.022936601,0.85311857,44.7,11.9748,18.08991432,14.64541067,61.25,74.808,35.12945493,56.82533448,0.954455129,0.794345066,139,42.548,56.62320637,44.18998909,4.25,5.196,4.119534288,5.095830711,1.354581075,0.841694073,3,3.588,1.089724736,0.986703603,FALSE
ce1co0.5rh0.5in5,1.6,7595,heavy_fermion_115,Heavy Fermion,4,104.1931738,113.5893354,99.38573881,111.7575059,1.343603358,0.840374593,81.182805,77.80334321,29.38307403,17.97590065,643.925,581.2714286,636.746282,578.1005769,1.375148002,0.962355847,218,347.1785714,96.06019922,65.01716728,166.5,161.0714286,165.9764626,160.7332226,1.383132539,0.930238505,33,100.5714286,13.27591805,10.78003635,8837.25,7702,8579.450695,7603.832423,1.355735103,0.97759131,5761,4585.714286,2236.2564,1403.253515,64.575,41.67142857,58.04412904,37.97333693,1.283657843,1.20667936,80.8,17.05714286,29.63598952,22.12217467,11.665,5.821428571,8.910226817,4.510300083,1.161288395,1.310292753,18.44,1.542857143,7.581535135,5.514005359,85.75,78,60.64911237,65.17372007,1.173473482,0.78537714,139,57,49.83159139,32.52032332,4.25,3.428571429,4.119534288,3.352709953,1.354581075,1.059384593,3,1.857142857,1.089724736,0.820651807,FALSE
ce1fe1as1h0.6o0.6,45.8,152000,iron_1111,Iron-based,5,57.577988,66.92547714,24.83839271,35.14452207,1.199337602,1.149084351,139.10806,33.21696095,49.08212885,48.07414861,973.96,909.5333333,922.4677565,862.5793455,1.558655394,1.594389397,773,96.69047619,304.6257218,290.7400759,111.2,122.7619048,96.50363162,109.1985848,1.483154791,1.396107402,137,37.19047619,54.48449321,51.93577055,4058.30378,4831.169367,131.1158341,403.547802,1.090916354,1.090650839,7873.9101,1874.749062,3382.069786,3143.863938,73,66.25714286,59.4978533,53.60272982,1.443471418,1.49815591,125.3,16.26190476,41.10980418,38.81073209,9.556,11.30190476,3.041877662,4.587234231,1.000542753,0.974630775,27.478,6.56352381,10.31266181,10.37071855,28.041416,33.36291619,2.909406419,5.929282796,0.900821491,0.897136569,78.97342,18.80572667,31.40200067,31.57404913,3,3.285714286,2.605171085,2.926669155,1.489750319,1.407241464,4,1.047619048,1.414213562,1.350233036,FALSE
ce1rh0.5co0.5in5,1.4,7595,heavy_fermion_115,Heavy Fermion,4,104.1931738,113.5893354,99.38573881,111.7575059,1.343603358,0.840374593,81.182805,77.80334321,29.38307403,17.97590065,643.925,581.2714286,636.746282,578.1005769,1.375148002,0.962355847,218,347.1785714,96.06019922,65.01716728,166.5,161.0714286,165.9764626,160.7332226,1.383132539,0.930238505,33,100.5714286,13.27591805,10.78003635,8837.25,7702,8579.450695,7603.832423,1.355735103,0.97759131,5761,4585.714286,2236.2564,1403.253515,64.575,41.67142857,58.04412904,37.97333693,1.283657843,1.20667936,80.8,17.05714286,29.63598952,22.12217467,11.665,5.821428571,8.910226817,4.510300083,1.161288395,1.310292753,18.44,1.542857143,7.581535135,5.514005359,85.75,78,60.64911237,65.17372007,1.173473482,0.78537714,139,57,49.83159139,32.52032332,4.25,3.428571429,4.119534288,3.352709953,1.354581075,1.059384593,3,1.857142857,1.089724736,0.820651807,FALSE
ce1ru0.2co1.8,0.35,7595,heavy_fermion_Ce,Heavy Fermion,3,100.0397317,88.80325033,94.15065108,81.53674808,1.041782111,0.900273347,81.182805,39.96733333,33.15074707,37.72306667,669.5,682.2466667,662.5431419,674.1503196,1.088536357,0.807006201,218,407.5066667,93.55739771,101.1925285,171.6666667,164.7333333,171.058676,164.0053678,1.09513168,0.884661309,33,79.33333333,14.19702629,15.68212004,9319.666667,8394.333333,9030.399577,8271.40049,1.067353325,0.867827066,5681,4515.333333,2338.165995,1475.308405,73.16666667,63.14,70.14811089,62.12749476,1.055989341,0.89172956,51.3,32.26666667,21.68752842,12.35193912,15.8,13.26666667,13.18065348,11.65445887,0.948746382,0.765742432,20.2,8.006666667,8.251464516,5.964524755,77,71.66666667,50.9164337,48.50013842,0.847643357,0.545603735,109,56.33333333,47.37791328,43.17663977,4.666666667,4.133333333,4.57885697,4.109598636,1.078992208,0.906620126,2,2,0.942809042,0.498887652,FALSE
cr0.071nb0.929,6.95,726000,conventional_Nb_based,Conventional / Alloys,2,72.45124,90.00175012,69.50373677,89.15551849,0.652745023,0.171167118,40.91028,82.61830392,20.45514,10.50677624,658,662.8048,657.9761698,662.7984974,0.693110965,0.253342495,11.2,570.164,5.6,2.876438242,182,195.728,181.2953392,195.5373099,0.68927792,0.227562041,32,172.156,16,8.218394977,7880,8472.02,7849.73248,8463.830059,0.689308587,0.227671323,1380,7451.04,690,354.4182834,76.7,86.0522,75.92153845,85.83815079,0.683014986,0.210959059,21.8,76.7086,10.9,5.598781578,23.65,26.3527,23.43928327,26.29491358,0.68425066,0.213640126,6.3,23.4417,3.15,1.617996511,74,56.84,71.24605252,56.16760172,0.656166003,0.361747385,40,43.492,20,10.27299372,5.5,5.071,5.477225575,5.065144888,0.689009238,0.288448639,1,4.219,0.5,0.256824843,FALSE
cs0.86fe1.66se2,25.5,79000,iron_245,Iron-based,3,89.2368173,80.73482049,83.68444569,76.76957962,1.034715375,1.074169337,77.0604519,14.42860619,32.28816132,27.3270974,691.6666667,766.3353982,644.7735069,729.9504633,1.035895164,0.920648579,564.9,344.6615044,235.4972658,206.1289114,185.6666667,159.5663717,168.5489413,146.8363116,1.003196332,1.093343816,195,11.71681416,82.3259106,71.18085853,4857.333333,5381.588496,4146.608551,4824.428285,0.962667773,0.880702229,5995,2534.269912,2447.598596,2180.754072,86.9,102.2061947,54.15804181,61.18722083,0.701308386,0.522756343,179.3,80.6300885,78.44798701,84.66348565,7.096666667,7.855176991,5.380298579,6.362224421,0.856844627,0.795766644,11.71,4.670486726,4.928829025,4.687248869,38.50666667,36.09292035,11.39316303,7.368253509,0.64753041,0.523133241,78.48,28.78318584,32.08831702,35.15755238,3.333333333,3.946902655,2.620741394,3.307810794,0.897945725,0.769099351,5,2.46460177,2.054804668,1.961310326,FALSE
cu0.1ti1se2,3.2,95000,chalcogenide,Chalcogenide,3,63.45766667,68.43277419,62.15993083,66.71829495,1.078385618,0.660740969,31.093,48.89206452,12.69381777,14.44661017,781.0666667,842.9354839,772.4213229,831.7234522,1.087355846,0.685346675,282.6,582.6774194,118.1560926,132.2667723,141.3333333,127.9032258,138.0085411,123.7898779,1.075656423,0.821710519,73,61.77419355,29.91469353,33.99654142,6095.333333,4851.935484,5794.965188,4811.36667,1.046171769,0.814334356,4453,2820,2029.625964,763.8546955,108.5,133.5774194,59.8514087,71.78201072,0.772564408,0.236070278,187.4,123.8387097,76.92923155,86.94053848,12.4,9.938709677,10.97746903,8.295156779,0.993427996,0.804787586,13.3,5.609677419,5.452216675,6.194673957,140.84,20.33548387,16.602061,2.156519275,0.213971539,0.723736107,399.48,12.56774194,183.4634874,70.02900758,4,5.225806452,3.634241186,5.081086756,1.011404265,0.62191435,4,3.806451613,1.632993162,1.098670088,FALSE
dy1ba2cu2.94zn0.06o6.9,62,273400,cuprate_YBCO,Cuprates,5,88.95048,57.23239535,68.27303759,36.83450094,1.41019397,1.360721034,146.5006,20.98691473,53.42777327,52.65349613,806.68,998.22,759.3484365,930.0400675,1.548018922,0.908281058,810.6,698.1427907,289.84906,346.6992369,163.2,116.2806202,141.6415238,90.6217681,1.497294468,1.373352245,205,38.56434109,72.5462611,80.93431357,5632.4858,3283.074426,1223.693053,71.79174225,1.334215597,0.964695086,8958.571,2041.282163,3408.12035,3915.808181,66.17,109.9415504,28.96624528,87.83450648,1.187724473,0.804347754,141,76.21395349,56.00556758,47.88893832,7.9544,5.239286822,4.525482762,1.349226163,1.385547657,1.076910612,12.878,2.951395349,4.393845405,5.604664302,109.805316,95.37855829,12.03627996,1.084831651,0.753967774,0.22011015,399.97342,91.14857349,151.3664187,165.8150669,2.2,2.07751938,2.168943542,2.063861173,1.594166699,1.227813715,1,1.060465116,0.4,0.267413772,FALSE
er0.5y0.5ba2cu3o7,91.8,273400,cuprate_YBCO,Cuprates,5,94.60745,54.25924808,73.02196851,35.79481959,1.425038667,1.440073482,151.2596,17.707775,53.44109863,49.06088165,751.4,1002.3,706.2927575,935.4872543,1.542327743,0.919445773,810.6,684.7076923,291.5583029,343.9565134,176.8,115.0769231,153.1915506,89.90604894,1.503881518,1.443924627,205,30.76923077,73.57553941,79.94032538,5201.8858,3129.154077,1127.490712,68.17011828,1.308025178,0.983005106,9064.571,2066.922846,3449.485836,3815.854741,72.09,109.9538462,53.11608165,88.23454375,1.357428929,0.802684279,127.05,75.53461538,50.1110407,48.35039361,10.5244,5.577230769,5.552575046,1.365875294,1.354697885,1.220264532,19.678,2.903538462,6.446926511,6.212818314,90.005316,96.32200462,8.663343425,1.091030562,0.471191964,0.208684447,399.97342,92.29338,155.1342748,166.4775183,2.4,2.076923077,2.352158045,2.063362233,1.589026915,1.278839377,1,0.961538462,0.489897949,0.266469355,FALSE
eu1.45pr0.05ce0.5sr2cu2nb1o10,21.4,230000,cuprate_electron_doped,Cuprates,7,99.00849,50.15785662,81.95434057,33.13410912,1.816724262,1.759024981,135.9646,12.54720103,45.6143519,46.11192822,697.7571429,1027.763824,661.51889,960.2611693,1.885646066,0.937320233,786.5,770.8629412,262.1565882,345.7194348,181.8571429,108.5764706,163.961825,84.91988645,1.871432573,1.715068853,199,27.50882353,62.77494626,75.67031844,5533.489857,2532.034706,1824.176963,42.74546349,1.731725551,1.487964366,8958.571,1053.277059,2991.384989,3458.16759,73.00428571,109.9094118,53.97720987,83.76123172,1.748101822,0.845092591,135.97,83.67205882,43.1741172,48.21320438,9.974571429,5.164705882,5.79723012,1.106745377,1.645414329,1.544298617,26.578,1.556176471,7.762591225,7.1923475,75.28951143,55.92445882,12.20008841,0.623184148,0.891811077,0.619442846,399.97342,47.04318824,133.6025165,126.6191349,3.142857143,2.326470588,2.9447134,2.234585549,1.882303162,1.490160849,3,1.164705882,1.124858268,0.79845764,FALSE
eu1ba2cu3s1o6,85,273400,cuprate_YBCO,Cuprates,5,80.18028,57.33210769,58.41763376,38.40588198,1.357244707,1.440164178,135.9646,18.66069231,55.00839002,50.19820797,821.3,974.1923077,768.798824,909.7523098,1.543699335,1.138506087,810.6,563.9769231,302.0579481,336.8313078,152.8,119,128.7574001,94.5051922,1.464321612,1.4810682,205,32.23076923,79.40881563,79.30176058,3935.0858,3162.505692,856.8666141,117.0670421,1.24859283,0.98915325,8958.571,2067.032769,3050.191364,3582.085758,106.17,115.2769231,77.18429864,92.3926414,1.386035266,1.128353687,186.05,63.39230769,66.05318766,52.58212483,6.4704,5.204769231,3.270759879,1.541329331,1.260738367,1.100372215,12.878,2.920615385,4.812729022,5.40970288,86.446316,96.18188308,3.531456605,1.263826454,0.319409339,0.19447058,399.97342,92.29542462,156.9428017,166.5444353,3,2.384615385,2.701920077,2.245314144,1.494365083,1.493309535,4,0.692307692,1.549193338,1.076923077,FALSE
fe0.5ba2dy1cu2.5o7.52,75,273400,cuprate_YBCO,Cuprates,5,87.04348,55.04859379,66.15415121,35.27910695,1.39763906,1.447522608,146.5006,18.2493713,54.39642786,52.12418473,777.34,1012.467604,732.9839044,944.7033947,1.547533544,0.930033192,810.6,702.2900888,285.7261948,344.9955565,166,113.5695266,144.3304086,88.26547253,1.500871577,1.48155005,205,31.65680473,71.94164302,80.5294585,5779.2858,3100.49897,1247.877443,59.76274874,1.334247492,1.182680446,8958.571,1656.009905,3484.837364,3841.292363,69.31,108.1619822,47.18235799,85.22352219,1.303671315,0.782229766,127.05,78.62426036,52.63016625,49.96294874,9.2444,5.060609467,5.133141834,1.247654428,1.390027583,1.30948071,13.578,2.298857988,4.939931724,5.636823864,101.605316,80.37721018,11.07086232,0.866488728,0.679486977,0.357946251,399.97342,73.9497129,151.702208,153.0130328,2.4,2.110946746,2.352158045,2.092024411,1.589026915,1.309767374,1,1.00147929,0.489897949,0.31406618,FALSE
fe1se0.082te0.738,10.9,13700,iron_11,Iron-based,3,87.46833333,85.9827033,82.55575809,79.30123177,1.04127007,0.805126559,71.755,48.18356044,29.90528168,34.69285017,856.1666667,811.8323077,852.8587891,809.656247,1.094784085,0.858530033,181.3,374.7182418,74.56962444,59.98176802,127.3333333,140.2307692,125.493812,139.0422624,1.084024539,0.781363637,53,81.07362637,21.85304454,17.87384173,6311,7073.779121,6186.508901,7008.557318,1.078970436,0.775370527,3055,4109.253846,1248.208583,928.8691841,135.1333333,96.03714286,86.53086361,51.02462632,0.839248416,0.619085613,179.3,68.88,83.41448049,87.06642535,12.23333333,14.92186813,10.92539041,14.56633353,1.002899471,0.764591902,12.1,7.339120879,5.062498285,2.733442628,27.50666667,44.64650549,4.976422327,16.72348717,0.194158291,0.129511598,78.48,43.38316484,36.42535869,37.94037506,5,4.351648352,4.762203156,4.099681837,1.054920168,0.865413099,3,2.162637363,1.414213562,1.492645902,FALSE
fe1se0.85,9.62,13700,iron_11,Iron-based,2,67.4025,66.46540541,66.40422577,65.47831488,0.678373317,0.688940206,23.115,6.092432432,11.5575,11.51944703,849.75,842.4,844.9009646,837.5967492,0.687446194,0.692813789,181.3,21.75135135,90.65,90.35153568,129.5,131.6486486,126.759615,128.9109649,0.672061178,0.653115207,53,37,26.5,26.41274899,6346.5,6470.351351,6159.935552,6283.780002,0.663896492,0.642482023,3055,2042.081081,1527.5,1522.47072,106.85,99.58108108,58.13604734,52.6696381,0.279956367,0.310252776,179.3,80.98648649,89.65,89.35482817,9.6,9.940540541,8.632496742,8.967184356,0.594130023,0.561886653,8.4,4.978378378,4.2,4.186171537,39.76,42.94162162,6.409368144,7.85704831,0.039409737,0.034432655,78.48,42.46378378,39.24,39.11080265,4.5,4.378378378,4.242640687,4.125079604,0.636514168,0.659152504,3,1.135135135,1.5,1.495061263,FALSE
fe1se0.94,8.545,13700,iron_11,Iron-based,2,67.4025,67.04505155,66.40422577,66.04950862,0.678373317,0.683132077,23.115,9.472886598,11.5575,11.55197112,849.75,846.9463918,844.9009646,842.1073363,0.687446194,0.690256291,181.3,64.36907216,90.65,90.60663486,129.5,130.3195876,126.759615,127.5759646,0.672061178,0.665494713,53,30.50515464,26.5,26.48732293,6346.5,6393.742268,6159.935552,6206.884597,0.663896492,0.656350207,3055,1723.783505,1527.5,1526.769275,106.85,104.0773196,58.13604734,55.98700573,0.279956367,0.291257281,179.3,86.34536082,89.65,89.60711324,9.6,9.729896907,8.632496742,8.758661506,0.594130023,0.582174591,8.4,4.496907216,4.2,4.197990804,39.76,40.97360825,6.409368144,6.927103349,0.039409737,0.037438974,78.48,40.46969072,39.24,39.22122837,4.5,4.453608247,4.242640687,4.197407648,0.636514168,0.645710106,3,1.360824742,1.5,1.49928243,FALSE
fe1te0.5se0.5,14.725,13700,iron_11,Iron-based,3,87.46833333,79.5625,82.55575809,74.86978761,1.04127007,1.079755169,71.755,12.16,29.90528168,29.29592132,856.1666667,831.9,852.8587891,828.3857032,1.094784085,1.065792197,181.3,162.3,74.56962444,77.05248211,127.3333333,134.5,125.493812,132.5097648,1.084024539,0.969842285,53,52.25,21.85304454,22.6329406,6311,6701.75,6186.508901,6571.024466,1.078970436,0.960307163,3055,2732.25,1248.208583,1275.372568,135.1333333,105.65,86.53086361,57.77771873,0.839248416,0.918831664,179.3,40.525,83.41448049,88.46627889,12.23333333,12.625,10.92539041,11.58237162,1.002899471,0.936492443,12.1,5.55,5.062498285,4.436425926,27.50666667,40.38,4.976422327,9.933326149,0.194158291,0.114063036,78.48,39.37,36.42535869,38.62995211,5,4.5,4.762203156,4.242640687,1.054920168,1.098612289,3,0,1.414213562,1.5,FALSE
ga0.19nb0.81,13.3,726000,conventional_Nb_based,Conventional / Alloys,2,81.31469,88.5015378,80.48423158,87.97481023,0.68295174,0.422162639,23.18338,62.0067978,11.59169,9.094860953,621.15,647.469,619.697765,646.5622245,0.690810115,0.45560023,84.9,427.563,42.45,33.30634683,167,186.22,164.097532,184.3619091,0.67581783,0.40270723,62,134.54,31,24.3226561,7237,8063.46,7113.176506,7984.215898,0.676086526,0.403356354,2666,5819.94,1333,1045.874213,59,76.732,51.60465095,71.64308967,0.570560296,0.26707476,57.2,65.18,28.6,22.43961176,16.195,22.7701,12.23977124,19.89745021,0.459960113,0.188514068,21.21,20.6459,10.605,8.320702193,41.5,49.25,39.57271787,47.98379191,0.647072926,0.350424183,25,38.23,12.5,9.807522623,4,4.62,3.872983346,4.537521981,0.661563238,0.373599124,2,3.48,1,0.78460181,FALSE
ga1v2.1,6.3,212100,conventional_A15,Conventional / Alloys,2,60.33225,57.00004839,59.59693117,56.36907,0.680984235,0.670754338,18.7815,12.01746774,9.39075,8.779670721,614.4,627.0677419,613.3619405,626.1541103,0.691458107,0.608902017,71.4,253.7129032,35.7,33.37691289,153.5,159.7096774,152.4991803,158.8229074,0.686634286,0.587869946,35,71.96774194,17.5,16.36123181,6007,6043.548387,6006.116882,6042.774895,0.693000169,0.623145579,206,2234.516129,103,96.2975358,41.25,45.1,39.79748736,43.7890396,0.658144365,0.523646083,21.7,25.48709677,10.85,10.14396372,14.195,17.2483871,11.28946411,14.48744937,0.496075208,0.334955259,17.21,13.64193548,8.605,8.045051413,30,30.35483871,29.9833287,30.34020886,0.692591522,0.617638948,2,11.64516129,1,0.934927532,4,4.35483871,3.872983346,4.240390878,0.661563238,0.529706199,2,2.419354839,1,0.934927532,FALSE
ga24.8v75.2,15.1,212100,conventional_A15,Conventional / Alloys,2,60.33225,55.599312,59.59693117,55.06494431,0.680984235,0.619897274,18.7815,21.016704,9.39075,8.110825078,614.4,632.3928,613.3619405,631.6108015,0.691458107,0.535556999,71.4,345.3576,35.7,30.83422041,153.5,162.32,152.4991803,161.5588393,0.686634286,0.511009929,35,94.864,17.5,15.11481393,6007,6058.912,6006.116882,6058.251306,0.693000169,0.552984952,206,3130.528,103,88.96147625,41.25,46.7184,39.79748736,45.58422932,0.658144365,0.441943568,21.7,31.64,10.85,9.371184634,14.195,18.53192,11.28946411,16.08885484,0.496075208,0.265899681,17.21,15.75928,8.605,7.432169933,30,30.504,29.9833287,30.49149352,0.692591522,0.546157619,2,16.12,1,0.863703653,4,4.504,3.872983346,4.405056818,0.661563238,0.448171068,2,3.016,1,0.863703653,FALSE
ge0.937te1,0.311,95000,chalcogenide,Chalcogenide,2,100.115,101.0089365,96.26831254,97.15458427,0.654974393,0.646092551,54.97,30.74119257,27.485,27.47045872,814.5,816.2725865,812.6745966,814.4477888,0.690906885,0.688216688,109,80.99122354,54.5,54.47116611,124,123.9674755,123.9959677,123.9634478,0.693114662,0.692847848,2,3.033040785,1,0.999470938,5781.5,5796.412494,5763.290727,5778.206804,0.68999926,0.686913464,917,646.5405266,458.5,458.257425,156.1,157.257873,151.9863481,153.1382296,0.666911489,0.65931003,71.2,40.67707796,35.6,35.58116538,24.65,24.41744966,23.59025222,23.36223195,0.650468839,0.658958584,14.3,6.348270521,7.15,7.146217205,31.5,30.57305111,13.41640786,12.77846133,0.191444082,0.20044979,57,27.47547754,28.5,28.48492173,5,5.032524522,4.898979486,4.931389009,0.673011667,0.666219067,2,1.162622612,1,0.999470938,FALSE
hf0.5nb0.5,8.905,726000,conventional_Nb_based,Conventional / Alloys,2,135.69819,135.69819,128.7744531,128.7744531,0.642567083,0.642567083,85.58362,42.79181,42.79181,42.79181,619.4,619.4,617.8209449,617.8209449,0.690598935,0.690598935,88.4,44.2,44.2,44.2,203,203,202.9384143,202.9384143,0.692843818,0.692843818,10,5,5,5,10940,10940,10680.20131,10680.20131,0.66949448,0.66949448,4740,2370,2370,2370,44.55,44.55,11.4629839,11.4629839,0.085451668,0.085451668,86.1,43.05,43.05,43.05,26.15,26.15,26.14192036,26.14192036,0.692838224,0.692838224,1.3,0.65,0.65,0.65,38.5,38.5,35.24202037,35.24202037,0.609759896,0.609759896,31,15.5,15.5,15.5,4.5,4.5,4.472135955,4.472135955,0.686961577,0.686961577,1,0.5,0.5,0.5,FALSE
hg0.4pr0.6sr2.5pr0.5cu2o6,74,290000,cuprate_Hg_based,Cuprates,5,101.73261,56.44773458,75.89406288,38.10700993,1.394166126,1.546089922,184.5906,11.56783333,63.74171877,48.73745549,827.94,976.8966667,777.7160304,908.1164211,1.546849799,1.04473416,786.5,623.0166667,297.5156977,349.6271476,166,122.1333333,145.1273562,95.98533848,1.507336379,1.463603426,199,39.925,68.93475176,79.36423768,6353.0858,3101.7645,1247.895009,86.45786563,1.25440593,1.260049707,13532.571,1492.618833,4746.551635,3917.592463,64.386,97.36458333,24.38311255,57.00805799,1.125872867,0.763830688,141,71.2,57.70895237,57.63112021,6.1024,4.669833333,3.258965523,1.369055749,1.280354361,1.150076486,12.878,2.107,4.523647979,4.969039341,91.265316,75.43995667,8.331839424,1.260034413,0.487254238,0.422712262,399.97342,66.65337667,154.8005822,145.768571,2.4,2.183333333,2.29739671,2.131201003,1.560710409,1.366836054,2,0.933333333,0.8,0.577109656,FALSE
hg0.65v0.35sr2.5nd0.5cu2o6,82,290000,cuprate_Hg_based,Cuprates,6,93.82315,55.20603542,71.29263243,37.30231012,1.570975377,1.621230987,184.5906,16.76837292,61.63302354,49.74729823,799.1166667,990.6904167,755.9933449,926.4766243,1.734510417,1.102389296,781.6,637.58875,278.7744573,338.9102841,160,116.625,144.7056425,93.5266301,1.717306017,1.546641147,171,40.6375,55.68961603,72.46770114,6374.238167,3245.347833,1640.892882,87.73541486,1.49607161,1.371481119,13532.571,1492.618833,4340.783048,4164.97607,62.33833333,96.34041667,27.67242634,52.97718609,1.372725098,0.765709452,141,71.16875,52.87942902,58.8756052,8.918666667,5.045875,4.528529027,1.387071143,1.417736282,1.336810014,22.578,2.072333333,7.459866993,5.83483158,81.88776333,76.03370667,10.84580903,1.294747697,0.715806297,0.468222334,399.97342,66.65337667,142.7761978,145.5491435,2.666666667,2.129166667,2.492882872,2.089169683,1.71707598,1.466083671,3,0.891666667,1.105541597,0.536174075,FALSE
hg0.7cr0.3sr2cu0.95ni0.05o4,39,290000,cuprate_Hg_based,Cuprates,6,79.74081667,57.3191,61.58062325,37.90303923,1.555680124,1.419107527,184.5906,21.53816625,58.02960448,53.7117019,833.6166667,999.36,798.6485254,936.0539161,1.747516209,1.092876711,764.1,651.94875,255.2153758,335.4942926,149.6666667,118.0875,136.4239553,94.32302595,1.721046248,1.41604801,171,53.81875,51.4576417,73.65463219,6870.5715,3231.7395,1754.709428,85.635705,1.508980259,1.336657957,13532.571,1183.5105,4438.237368,4390.943364,74.955,90.42875,32.82036252,42.0659485,1.42577795,0.697140224,141,71.11875,55.1203664,62.74272885,10.21866667,4.74325,5.155910159,1.318327701,1.461500757,1.332057071,20.278,1.8925,7.421438465,5.654391452,104.7210967,61.08329,17.25791763,1.185617933,1.069979356,0.736613287,399.97342,47.48671,136.9986875,126.3495792,2.666666667,2.15,2.40187391,2.084116744,1.667461933,1.408918059,4,0.9875,1.490711985,0.759934208,FALSE
hg0.7cr0.3sr2cu0.97co0.03o4,46,290000,cuprate_Hg_based,Cuprates,6,79.7807825,57.33213073,61.62248387,37.91114686,1.555951007,1.410934835,184.5906,21.68400052,58.01517584,53.71258374,837.2666667,999.464125,802.5599339,936.1846279,1.74819616,1.087405149,764.1,653.707125,253.9495204,335.4155611,150.1666667,118.08875,136.8779598,94.32365998,1.72126882,1.406407443,171,54.18,51.46330948,73.65565744,6869.238167,3231.8395,1754.446688,85.63666258,1.508975711,1.314605899,13532.571,1183.5105,4437.626244,4391.07343,66.905,90.263625,29.92393225,41.98435041,1.408087467,0.677288797,141,71.11875,52.36117638,62.75232437,10.052,4.72925,5.104694654,1.317134679,1.46430259,1.30366317,20.278,1.93925,7.272518592,5.627515676,106.2210967,61.88954,17.53132845,1.190435586,1.081579491,0.715750628,399.97342,48.48671,136.8894703,127.4786769,3,2.1575,2.696012309,2.089541039,1.676987774,1.414963531,4,0.985,1.527525232,0.768240685,FALSE
hg0.8ba2cu1.15o4,93.2,290000,cuprate_Hg_based,Cuprates,4,104.3656,71.97503145,72.74686486,43.2654849,1.129462665,1.216700221,184.5906,26.49766038,70.39249621,65.77070788,891.65,996.0943396,838.584885,924.9181998,1.328084582,1.007267163,810.6,559.4465409,301.5128397,347.8279809,154.25,125.9811321,131.7290221,97.2346132,1.260175264,1.23200803,205,46.44025157,73.15522879,85.87628015,6501.35725,3541.75044,883.1172781,90.64906059,0.977861596,1.08341738,13532.571,1361.192956,5164.791227,4538.786075,69.8375,93.07987421,25.08496201,50.25872982,0.894571102,0.65715621,141,71.54716981,62.07678083,60.76959868,5.903,4.249685535,2.701701941,1.24778903,0.963719782,0.967790644,12.878,1.900880503,5.037900059,4.839152301,106.581645,63.23853082,6.313081433,0.981746914,0.270717617,0.329037446,399.97342,57.84826164,169.5245576,138.6866411,2,2,2,2,1.386294361,1.203526243,0,0.805031447,0,0,FALSE
hg0.8pb0.2ba2ca2cu3o8,129,290000,cuprate_Hg_based,Cuprates,6,110.7900667,54.7097,78.41975593,35.62738703,1.5341477,1.65110213,191.2006,14.575875,75.58723525,54.75916411,811.8666667,991.965,770.0240561,927.7516157,1.737866693,1.110670264,810.6,647.61,273.2329145,337.8926538,160.8333333,117.5375,144.2142095,93.59145845,1.707080191,1.599890193,205,29.7,61.54515054,75.78422391,6482.5715,3131.6645,1484.236292,82.75279856,1.410726824,1.254680519,13532.571,1679.2855,5076.523721,4225.12796,53.30333333,96.67875,19.56475018,52.13315839,1.201034387,0.699693563,141,71.175,56.61312765,59.58534298,6.153666667,4.808875,3.5982196,1.37548732,1.505220022,1.234265177,12.878,2.396625,4.269703412,5.171006138,110.2210967,103.11579,14.93977078,1.621646931,0.974763503,0.705086742,399.97342,74.98671,146.4728358,156.2894469,2.333333333,2.025,2.244924097,2.017403968,1.747868097,1.417176255,2,0.95,0.745355992,0.22220486,FALSE
hg0.8sb0.15pb0.05ba2ca2cu3o8,127,290000,cuprate_Hg_based,Cuprates,7,112.3572,53.9087,83.50692814,35.45025991,1.727609258,1.649561409,191.2006,16.518375,70.08538556,53.12318169,814.9285714,993.0721875,778.7604316,929.0818466,1.899847815,1.119978595,810.6,654.315,253.0756844,337.1766851,156.8571429,117.340625,142.5560683,93.462914,1.86947179,1.604299625,205,31.14375,57.80615037,75.7164916,6513.204143,3088.136375,1840.710591,82.34520598,1.620780941,1.247205087,13532.571,1679.2855,4700.546619,4163.811446,60.64571429,97.3171875,24.86232784,52.64939701,1.463425595,0.730735222,141,71.175,55.41340835,59.30236113,8.088857143,4.94884375,4.587439149,1.393898345,1.62767225,1.31419681,19.478,2.44134375,6.17217969,5.366429362,97.90379714,103.012665,15.9865058,1.615921082,1.092407626,0.702247875,399.97342,74.98671,138.9233171,156.3379795,2.714285714,2.034375,2.516997901,2.021628735,1.864236936,1.442326127,3,0.9875,1.160576915,0.309343433,FALSE
hg1ba2ca2cu3o8.27,135,290000,cuprate_Hg_based,Cuprates,5,91.50808,53.98605028,64.5702746,35.14318723,1.327464648,1.535953825,184.5906,11.95439459,68.00989708,54.30382014,831.2,1000.8689,781.4832078,937.0369806,1.547988788,1.076731793,810.6,605.6752919,295.5415436,336.1096851,162.2,116.5925015,142.3329728,92.67930515,1.50889625,1.559035546,205,20.59004302,67.33617156,75.80292125,5511.0858,3106.68825,988.2823632,77.53077879,1.139379444,1.135974622,13532.571,1651.39411,5026.19189,4268.414854,56.644,97.00768285,17.26127816,50.96904456,0.954578305,0.664856632,141,72.34019668,61.47434541,59.94345078,6.4304,4.702270436,3.400959984,1.322495594,1.286589738,1.198725344,12.878,2.302646589,4.627845356,5.168300017,125.265316,101.0768172,12.60082883,1.488143845,0.810628981,0.685359723,399.97342,73.74186745,156.1639483,155.7135699,2,2,2,2,1.609437912,1.342493605,0,0.89366933,0,0,FALSE
hg1ba2ca3cu4o,114,290000,cuprate_Hg_based,Cuprates,5,91.50808,78.69649091,64.5702746,63.13531459,1.327464648,1.410821625,184.5906,23.51405455,68.00989708,53.13476775,831.2,733.8454545,781.4832078,703.9593503,1.547988788,1.514816912,810.6,179.5454545,295.5415436,229.5720381,162.2,171.5454545,142.3329728,159.4662164,1.50889625,1.389319183,205,48.54545455,67.33617156,54.65987998,5511.0858,5549.584455,988.2823632,2195.698505,1.139379444,1.091737686,13532.571,3258.051909,5026.19189,4235.848034,56.644,60.55545455,17.26127816,22.09009176,0.954578305,0.793179981,141,43.46363636,61.47434541,58.77405262,6.4304,8.775636364,3.400959984,6.277727715,1.286589738,1.084329816,12.878,4.743454545,4.627845356,4.171313882,125.265316,204.0296891,12.60082883,55.24829907,0.810628981,0.681067339,399.97342,145.4521291,156.1639483,165.9155416,2,2,2,2,1.609437912,1.468139939,0,0.545454545,0,0,FALSE
hg1ba2ca4cu5o,97.11111111,290000,cuprate_Hg_based,Cuprates,5,91.50808,74.56041538,64.5702746,60.99678296,1.327464648,1.414295206,184.5906,23.21004615,68.00989708,50.04219114,831.2,723.5923077,781.4832078,697.4400905,1.547988788,1.466515739,810.6,209.2307692,295.5415436,214.7196364,162.2,171.2307692,142.3329728,160.7090779,1.50889625,1.349351255,205,56,67.33617156,51.19518284,5511.0858,5504.263769,988.2823632,2381.872011,1.139379444,1.048062352,13532.571,3446.043923,5026.19189,4159.950099,56.644,60.76,17.26127816,22.00470776,0.954578305,0.734026485,141,46,61.47434541,58.65987608,6.4304,9.090153846,3.400959984,6.802337628,1.286589738,1.04477928,12.878,5.021384615,4.627845356,4.008338652,125.265316,218.7943523,12.60082883,71.02816858,0.810628981,0.676853341,399.97342,153.8441092,156.1639483,161.339179,2,2,2,2,1.609437912,1.412744637,0,0.615384615,0,0,FALSE
ho1ni1.95co0.03b2c1,4.51,276000,borocarbide,Conventional / Alloys,5,61.075723,52.63932205,37.4918429,30.38685058,1.212715742,1.044198553,154.11932,27.28466959,56.08914702,54.60687982,790.84,789.0356187,774.2986773,775.0084373,1.588005273,1.348814154,511.7,263.8222408,166.1969025,152.9922806,136.2,127.4431438,124.4361226,116.7587251,1.524286006,1.309714983,159,47.82441472,56.01214154,54.19273123,6264.6,5620.83612,5220.2334,4595.531208,1.46126454,1.193140817,6648,2860.133779,3188.969213,3239.222253,82.76,81.3680602,69.91174815,65.60861035,1.456172758,1.232509163,127.2,36.68377926,45.79050557,48.46758148,41.08,42.81371237,30.13910401,33.18387628,1.301194753,1.190978781,88.8,17.47725753,34.45126413,31.5097736,74.8,65.29264214,55.99260009,48.73157093,1.389003958,1.168092145,124,29.1722408,46.67076173,45.29435108,3.2,2.846153846,3.103691148,2.761974981,1.580818536,1.386389825,2,0.983277592,0.748331477,0.688955093,FALSE
in0.17tl0.83,3.45,1800000,conventional_simple_metal,Conventional / Alloys,2,159.60065,189.157199,153.1890392,185.2982783,0.653247725,0.332035296,89.5653,150.119079,44.78265,33.64366437,573.45,583.647,573.2418338,583.5288113,0.692784196,0.443841072,30.9,393.927,15.45,11.6070535,156,156,156,156,0.693147181,0.455886213,0,102.96,0,0,9580,11078.2,9307.174652,10915.71492,0.664805276,0.351039221,4540,8592.8,2270,1705.372909,25.55,22.349,25.08545395,22.09753833,0.67502084,0.540771238,9.7,12.013,4.85,3.643638154,3.73,4.0402,3.70027026,4.022943221,0.685187363,0.39979539,0.94,2.9318,0.47,0.353094831,64,52.12,61.41661013,50.75015292,0.653057744,0.580715806,36,24.24,18,13.52278078,3,3,3,3,0.693147181,0.455886213,0,1.98,0,0,FALSE
in0.92sn0.08,4.25,1800000,conventional_simple_metal,Conventional / Alloys,2,116.764,115.12936,116.7477828,115.1246078,0.693008295,0.284804466,3.892,96.13576,1.946,1.055873132,633.1,570.016,628.6299388,568.7428328,0.68609492,0.323748753,150.2,456.704,75.1,40.74823854,150.5,155.12,150.3994681,155.0900981,0.692479269,0.265833457,11,131.92,5.5,2.984225193,7310,7310,7310,7310,0.693147181,0.278769372,0,6140.4,0,9.09E-13,69.6,36.672,57.51104242,33.66464263,0.524863698,0.548002871,78.4,19.264,39.2,21.26938683,5.13,3.5592,4.777028365,3.465517013,0.625153259,0.435230416,3.74,2.4392,1.87,1.014636565,74.5,80.8,74.12152184,80.68535765,0.688071247,0.244058174,15,70.08,7.5,4.06939799,3.5,3.08,3.464101615,3.069844333,0.682908105,0.333560212,1,2.44,0.5,0.271293199,FALSE
ir0.37nb0.63,2.316666667,726000,conventional_Nb_based,Conventional / Alloys,2,142.56169,129.6513094,133.6345227,121.5826635,0.6311979,0.688425443,99.31062,12.5892706,49.65531,47.94759518,765.85,739.265,758.9935178,732.9457443,0.684207813,0.684537105,204.5,96.871,102.25,98.73348102,189,191.34,188.7855927,191.1392584,0.692012965,0.646244638,18,58.14,9,8.690477547,15565,13746.3,13904.64671,12260.64684,0.588456605,0.669969943,13990,2948.1,6995,6754.432271,120.05,111.613,115.5811403,107.5443079,0.656156643,0.693085764,64.9,1.237,32.45,31.3339996,26.4,26.504,26.39696952,26.50117067,0.693032392,0.655104577,0.8,7.264,0.4,0.386243447,102,89.52,90,78.80646275,0.577921795,0.66407725,96,21.48,48,46.34921359,5.5,5.37,5.477225575,5.348931859,0.689009238,0.678074892,1,0.93,0.5,0.482804308,FALSE
k0.8fe2se2,28.3,79000,iron_245,Iron-based,3,57.96776667,62.68513333,55.65656979,60.79335018,1.058806933,0.941538943,39.8617,26.38361667,16.34254948,14.91914586,706,777.875,668.5014569,751.5434291,1.048658426,0.927572253,521.9,322.0833333,216.3478834,180.7703798,167.3333333,148.4166667,157.4669318,141.2814484,1.039379893,1.074771607,140,24.5,57.71385353,48.72791523,4516.333333,5431.416667,3190.622086,4433.286187,0.857576838,0.767973911,7018,3138.166667,2873.068781,2476.139686,87.86666667,97.35833333,55.24977526,56.67454058,0.712169308,0.547860625,179.3,74.70833333,77.9667593,84.54620491,7.176666667,8.388333333,5.578827364,6.939683641,0.872612477,0.754081541,11.47,5.361666667,4.848204708,4.694750319,59.84,49.8,16.01560977,10.13163062,0.704082538,0.663658447,99.48,32.7,42.81274577,42.27476789,3.333333333,3.916666667,2.620741394,3.334496074,0.897945725,0.785403584,5,2.333333333,2.054804668,1.891134286,FALSE
la0.7y0.3fe1as1o0.6,35.6,152000,iron_1111,Iron-based,5,74.915464,73.40884,60.73918278,61.05655245,1.449558868,1.405599814,122.90607,24.34283028,40.31187666,38.59762649,834.98,849.0416667,793.2369801,813.507769,1.557227034,1.486667661,772,211.55,276.1547494,252.4851507,145,138.5833333,128.6850904,125.8683208,1.513960603,1.48266525,164,35.33333333,59.126982,51.84344757,4844.0858,5346.015944,1121.114152,1559.06107,1.366745212,1.247347502,7872.571,2186.984056,2654.982895,2600.842348,63.96,62.82777778,49.59240906,48.30082113,1.378839734,1.350087338,125.3,21.15833333,44.46434976,42.80054264,11.8844,13.73977778,5.714673809,7.110227009,1.270410009,1.097026155,27.478,7.657444444,9.178610649,9.788275217,31.805316,39.78220778,7.466359021,11.36627304,1.156517384,0.990452924,78.97342,21.94001444,28.77884667,30.03957493,3.2,3.388888889,3.063887063,3.231449432,1.565026565,1.43380839,3,1.138888889,0.979795897,1.061387399,FALSE
la0.85sr0.15fe1as1o,23,152000,iron_1111,Iron-based,5,74.658294,69.49466238,60.56246263,54.27492626,1.449578813,1.348105796,122.90607,26.23166238,40.22581423,42.49108258,821.7,890.17125,775.3288118,845.6689264,1.550675885,1.401023682,772,307.6875,287.7480217,282.940109,146.4,129.15,129.523891,114.081883,1.511131017,1.45575787,171,33.225,60.75722179,55.75058296,4475.6858,4805.25725,1008.185914,768.4453099,1.323479107,1.16089567,7872.571,1968.14275,2804.632102,2982.501957,59.046,70.563625,36.29491336,51.65239447,1.254221726,1.175817168,135.97,35.380125,48.95524552,47.68266966,11.2044,12.06925,5.32388264,4.851809033,1.238964774,1.037205119,27.478,6.8695,9.314251309,10.22800814,35.405316,36.331645,8.626461607,6.308172083,1.230719329,1.015884218,78.97342,19.743355,27.81121609,30.77518072,3,3.2125,2.8252345,3.033592243,1.547286733,1.405081787,3,1.175,1.095445115,1.114604751,FALSE
la0.9997ce0.0003pt1si1,3.2,7595,heavy_fermion_Ce,Heavy Fermion,4,125.5477425,120.6917777,101.6196565,91.30083796,1.240228528,0.900116049,166.9985,65.0139884,60.67298169,69.38270117,683.825,731.7332333,668.2454392,717.392004,1.363451758,1.080484478,328,289.3126567,146.1371851,138.9027494,167,160.999,163.1644894,156.473693,1.365160783,1.073055666,84,64.962,32.95451411,36.11013707,9153.75,9975.387633,6732.622162,6747.283134,1.098674877,0.763148752,19120,7149.3311,7295.253264,8261.995956,110.725,130.4668667,91.86595156,111.4137386,1.212901218,0.966112715,157.3,68.92818333,65.34647561,64.30072759,20.5,25.49992,13.65712354,18.49348913,1.022936601,0.832987425,44.7,16.73278333,18.08991432,18.33929668,61.25,77.9998,35.12945493,51.73173747,0.954455129,0.807626512,139,49.9989,56.62320637,56.14884742,4.25,4.333433333,4.119534288,4.160287328,1.354581075,1.058729348,3,1.9996,1.089724736,1.247152308,FALSE
la0.9ca0.1ba1.5sr0.5cu3o6.847,68,273400,cuprate_YBCO,Cuprates,6,80.57931167,52.85351559,63.90420174,35.52961521,1.611305409,1.531502837,122.90607,15.7221686,46.13904188,46.37689226,706.6833333,996.3396668,664.4694601,928.3071029,1.723010853,0.951170463,810.6,695.2483615,281.9389498,346.840728,175.6666667,112.6765782,156.3153772,89.26300694,1.706270227,1.55779317,205,32.34996497,65.58370394,75.75413191,3799.5715,3047.885449,1019.971162,69.63910379,1.441043179,0.942447614,8958.571,2091.555666,2974.165332,3718.8925,56.29166667,109.5021795,26.29048791,84.5615852,1.281787028,0.795794287,138.63,75.91737371,55.40204551,48.88907261,7.360333333,4.930647933,4.642662469,1.307288748,1.601598686,1.149349429,12.878,2.992605277,3.813000641,5.394490479,111.00443,99.35253314,16.09983694,1.176459546,0.997103178,0.307791282,399.97342,93.39285489,145.9372581,167.0346832,2.166666667,2.070055266,2.139826388,2.057624468,1.778233306,1.316223502,1,1.050361952,0.372677996,0.255240133,FALSE
la1.475nd0.4sr0.125cu1o4,7.9,245000,cuprate_LSCO,Cuprates,5,90.062574,57.29692404,70.84696486,35.90962563,1.440875157,1.30513606,128.2426,27.70472404,47.99059762,53.21538556,735.94,1010.963929,688.274127,939.2843768,1.536299887,0.854645756,781.6,740.5392857,299.2993993,354.5925419,162.6,104.9142857,143.6782525,84.3400341,1.518162654,1.406222245,171,37.17857143,62.54150622,67.87419936,4949.4858,3023.402286,1077.26193,53.99354009,1.309866545,1.061761886,8958.571,1294.233429,3213.249745,3635.758363,73.986,112.0469643,49.06727406,99.35108656,1.34753491,0.842833375,135.97,81.31196429,49.91544835,42.08783914,6.9444,3.874357143,4.012939674,1.045442167,1.372534459,1.188416749,12.878,1.744571429,4.114263657,4.681870553,93.005316,61.49376,9.616456185,0.636907474,0.545778871,0.320999164,399.97342,57.12766857,153.9045527,138.3822992,2.4,2.267857143,2.352158045,2.229447743,1.589026915,1.223000036,1,1.107142857,0.489897949,0.442842742,FALSE
la1.5ba1.3ca0.2cu3o6.897,16,273400,cuprate_YBCO,Cuprates,5,79.171174,53.95710373,59.99494331,35.71879993,1.389953237,1.408236072,122.90607,15.53404707,50.42495724,48.31944712,738.22,998.2345274,690.3281148,930.7174618,1.53656958,0.919899388,810.6,693.0736373,299.0319675,345.8365923,167,110.5881988,146.1211967,88.287997,1.508759894,1.462461845,205,30.72032256,68.6352679,73.1522039,4033.4858,3177.627031,843.9453445,70.75143729,1.224750185,0.895585839,8958.571,2083.441435,3207.256758,3774.856781,66.244,111.4702256,34.73567471,91.49882118,1.209740908,0.823423167,138.63,76.14549895,55.57850613,45.68350265,7.2324,4.837491975,4.16392152,1.284634379,1.378110416,1.065142872,12.878,2.928500116,4.165161106,5.361147355,126.205316,99.48695993,13.7839016,1.13379075,0.835026704,0.308648074,399.97342,93.03067983,155.4696702,167.3108384,2.2,2.116306118,2.168943542,2.096575403,1.594166699,1.260964603,1,1.038536094,0.4,0.320591648,FALSE
la1.776nd0.074sr0.014ba0.136cu1o4.03,30,245000,cuprate_LSCO,Cuprates,6,97.93997833,57.65245473,79.1092068,35.97634419,1.647853132,1.140286542,128.2426,34.91741603,47.21774432,53.58110933,697.0333333,1011.82697,653.1163379,939.847382,1.718938147,0.807551803,810.6,751.6510669,286.7381248,354.9820942,177.6666667,104.9044097,157.8868467,84.19295225,1.705837746,1.271757194,205,48.82702703,66.29144406,68.50856574,4709.5715,2974.960863,1311.652968,52.97558415,1.522401351,0.893918087,8958.571,1551.854499,2981.935495,3589.091627,64.23,112.1039289,40.47138094,100.2652865,1.461742852,0.804405028,135.97,81.67618492,50.51921417,42.0713911,7.120333333,3.82771835,4.501948512,1.033688409,1.597738839,1.057874226,12.878,1.847510669,3.776338688,4.659514461,80.50443,60.79532253,10.67557555,0.614793586,0.684593071,0.276208748,399.97342,56.88376708,143.2487471,138.2677665,2.333333333,2.263157895,2.289428485,2.22520384,1.772139388,1.111884397,1,1.142532006,0.471404521,0.440347382,FALSE
la1.795nd0.08sr0.125cu1o4,29.5,245000,cuprate_LSCO,Cuprates,5,90.062574,57.05296838,70.84696486,35.8477932,1.440875157,1.081034226,128.2426,34.05468838,47.99059762,52.82705875,735.94,1011.402786,688.274127,940.0533333,1.536299887,0.80660603,781.6,744.2685714,299.2993993,354.0043205,162.6,104.4114286,143.6782525,84.12872006,1.518162654,1.233185809,171,47.64928571,62.54150622,67.16042105,4949.4858,2983.905143,1077.26193,53.66984651,1.309866545,0.864931638,8958.571,1575.193429,3213.249745,3596.718774,73.986,111.9555357,49.06727406,99.17135398,1.34753491,0.800357777,135.97,81.31196429,49.91544835,42.22122862,6.9444,3.837785714,4.012939674,1.039744491,1.372534459,1.031175151,12.878,1.790285714,4.114263657,4.65960286,93.005316,61.31090286,9.616456185,0.629144459,0.545778871,0.290983322,399.97342,57.12766857,153.9045527,138.4436013,2.4,2.267857143,2.352158045,2.229447743,1.589026915,1.101814874,1,1.108571429,0.489897949,0.442842742,FALSE
la1.7ba0.3cu1o4,12.85,245000,cuprate_LSCO,Cuprates,4,88.9444675,57.84014271,66.36159243,36.11071574,1.181795239,1.12922373,122.90607,27.84874271,51.96882779,53.58877061,775.425,1009.717143,718.1529,937.025573,1.305967036,0.805229641,810.6,728.8071429,323.8118078,356.3192814,160.25,106.3428571,136.1260031,84.84344184,1.259243972,1.261193719,205,36.51428571,75.2375405,70.63444844,4654.35725,2923.845143,724.9532109,53.11702857,1.033128801,0.859810869,8958.571,1491.783429,3306.162897,3552.668664,81.8375,111.2407143,60.12317856,97.77471863,1.159686593,0.787396183,127.05,80.76642857,51.43371189,43.45205921,6.9055,3.871142857,3.479474849,1.044544671,1.088575342,1.044969536,12.878,1.744571429,4.599064117,4.684013951,107.756645,61.08661714,7.06248773,0.624877734,0.30814799,0.272819939,399.97342,57.12766857,168.8542438,138.4936715,2.25,2.242857143,2.213363839,2.206962815,1.368922361,1.096051918,1,1.057142857,0.433012702,0.428809458,FALSE
la1.85sr0.15cu1o4,35.58607843,245000,cuprate_LSCO,Cuprates,4,76.5177175,56.80881707,59.31009613,35.77343242,1.197273033,0.981879784,122.90607,34.83315993,44.28945853,52.53320698,787.05,1011.540714,734.2196242,940.2943443,1.313008024,0.786865234,772,738.5785714,314.5059658,353.8198315,151.75,104.3714286,131.3021966,84.1108347,1.275273991,1.160059751,171,46.84285714,65.57962717,67.1114577,4434.35725,2961.473714,674.4847514,53.42701749,0.99598278,0.769628332,8958.571,1623.483429,3402.856196,3581.848921,79.6075,111.7792143,48.47726468,98.41196213,1.096671769,0.777657156,135.97,81.28864286,54.37309692,42.55789235,6.9055,3.834714286,3.479474849,1.039211192,1.088575342,0.964031049,12.878,1.744571429,4.599064117,4.658301352,112.006645,61.34376,8.339818346,0.629441023,0.403693221,0.283412117,399.97342,57.12766857,166.7423511,138.437714,2.25,2.264285714,2.213363839,2.226221639,1.368922361,1.048834273,1,1.1,0.433012702,0.440952124,FALSE
la1.85sr0.15cu1o4.03,40,245000,cuprate_LSCO,Cuprates,4,76.5177175,56.63466593,59.31009613,35.65080419,1.197273033,0.982894547,122.90607,34.68451202,44.28945853,52.48845148,787.05,1012.827596,734.2196242,941.6353317,1.313008024,0.784159082,772,741.0302987,314.5059658,353.6108818,151.75,104.1308677,131.3021966,83.90973555,1.275273991,1.160401153,171,46.64295875,65.57962717,67.06884809,4434.35725,2948.841945,674.4847514,52.60771376,0.99598278,0.769643683,8958.571,1616.549236,3402.856196,3579.402631,79.6075,111.9103129,48.47726468,98.56754774,1.096671769,0.775147398,135.97,81.54985775,54.37309692,42.51417902,6.9055,3.819297297,3.479474849,1.032388465,1.088575342,0.964636568,12.878,1.736179232,4.599064117,4.654312927,112.006645,61.08209351,8.339818346,0.62099756,0.403693221,0.283427003,399.97342,56.88376708,166.7423511,138.199825,2.25,2.263157895,2.213363839,2.22520384,1.368922361,1.047450401,1,1.103840683,0.433012702,0.440347382,FALSE
la1.8sr0.2ca1cu2o6.03,51,245000,cuprate_LSCO,Cuprates,5,69.229774,48.15958549,54.83831609,32.76684028,1.417086642,1.314220783,122.90607,21.0794058,42.21020482,44.56863044,747.52,1004.639438,702.6560934,938.4847918,1.541780964,0.925460952,772,707.9050771,292.201447,344.5306809,160.2,105.9147779,141.9639057,86.01895338,1.520005583,1.474124032,171,27.8513146,61.04228043,65.88709806,3857.4858,2816.628909,796.6068713,59.00926431,1.19559799,0.905970012,8958.571,1623.878797,3254.944994,3623.681511,64.46,108.1913871,29.23968425,79.25269671,1.148538277,0.77873211,138.63,77.7850408,57.29689311,49.03637387,7.2324,4.444121487,4.16392152,1.192650338,1.378110416,1.187946361,12.878,2.253974615,4.165161106,5.063924121,129.605316,93.43248209,15.74458696,1.068889327,0.897101217,0.63598992,399.97342,72.51493405,153.235969,154.7850847,2.2,2.163191296,2.168943542,2.136813194,1.594166699,1.256879284,1,1.057116954,0.4,0.369540116,FALSE
la1.8sr0.2cu0.96ni0.04o4,6.566666667,245000,cuprate_LSCO,Cuprates,5,72.952854,56.41476314,59.1862407,35.63970287,1.445794601,1.041520298,122.90607,35.38315857,40.25019151,52.13427418,776.88,1011.546857,734.6152727,940.3278491,1.549693983,0.813414113,772,746.136,282.0370855,353.7839385,151.2,104.5657143,134.6650345,84.19368994,1.52027198,1.226797275,171,49.29142857,58.66651515,67.3872813,5329.0858,2936.062286,1130.143913,53.10230419,1.300202852,0.864331919,8958.571,1579.583429,3530.679955,3571.245467,86.386,111.4357143,57.46847303,96.96795644,1.38443342,0.80007676,135.97,81.242,50.48701996,43.15223691,8.9644,3.870285714,4.78979196,1.042607004,1.336710751,1.093186335,16.978,1.698285714,5.82042863,4.723263935,107.805316,59.73518857,13.45034894,0.628569018,0.789555346,0.351441659,399.97342,54.84195429,149.3754129,136.0159621,2.2,2.257142857,2.168943542,2.21978343,1.594166699,1.087479785,1,1.131428571,0.4,0.437058815,FALSE
la1.91sr0.09cu1o4,25.475,245000,cuprate_LSCO,Cuprates,4,76.5177175,57.24840681,59.31009613,35.91500184,1.197273033,0.935318974,122.90607,36.77480681,44.28945853,53.00167661,787.05,1011.473,734.2196242,940.1775321,1.313008024,0.774005177,772,743.2842857,314.5059658,353.909091,151.75,104.1657143,131.3021966,84.02719408,1.275273991,1.113307159,171,50.39142857,65.57962717,66.79581656,4434.35725,2991.610857,674.4847514,53.8171475,0.99598278,0.740605488,8958.571,1676.163429,3402.856196,3593.705093,79.6075,112.1475286,48.47726468,100.1355086,1.096671769,0.779711932,135.97,81.34461429,54.37309692,41.82505747,6.9055,3.820142857,3.479474849,1.037085434,1.088575342,0.919302768,12.878,1.768571429,4.599064117,4.647896542,112.006645,61.15518857,8.339818346,0.624120231,0.403693221,0.266761555,399.97342,57.12766857,166.7423511,138.4884437,2.25,2.272857143,2.213363839,2.233972144,1.368922361,1.024891716,1,1.117142857,0.433012702,0.445428022,FALSE
la1.92k0.08cu1o4,21,245000,cuprate_LSCO,Cuprates,4,64.3872925,56.76713806,48.47494047,35.60874628,1.137080592,0.892986913,122.90607,37.65294834,46.1914165,53.01298569,754.425,1009.970286,686.051578,937.24625,1.289567573,0.765031444,894.6,745.56,342.9867882,356.1376654,157.75,104.4057143,134.7604744,84.11316731,1.264274348,1.111199595,195,50.70857143,72.21971684,67.26179957,3990.85725,2976.359429,509.4500859,53.19564464,0.84936721,0.705922105,8958.571,1684.943429,3710.79128,3602.657464,90.45,112.7045714,80.59998259,102.787045,1.27836567,0.802874554,93,80.85828571,41.52622665,40.68774448,5.488,3.752914286,2.556113801,1.022218287,0.950855852,0.853693596,12.878,1.8448,4.906771036,4.626873189,128.256645,61.86661714,10.84275339,0.63076044,0.606407563,0.313605879,399.97342,57.12766857,161.5316786,138.5290762,2,2.262857143,1.861209718,2.217629395,1.320888343,1.000848471,2,1.131428571,0.707106781,0.465424976,FALSE
la1cu1o4,23,245000,cuprate_LSCO,Cuprates,3,72.81695667,44.40817833,52.07593637,28.86492225,0.838545021,1.024029808,122.90607,12.55991167,50.60262502,45.68776112,866.4,1089.75,808.9292438,1030.633296,1.029821796,0.629645679,772,785.2166667,326.6491186,321.3021099,129.3333333,88.66666667,110.7170784,72.90006695,0.972142053,1.089988568,147,8.333333333,61.02640594,59.29493139,5035.809667,2518.619333,428.5264155,24.74599458,0.676601754,0.678797809,8958.571,1492.380667,3740.622989,3651.352811,103.9666667,123.2333333,94.56848148,116.086212,1.017532948,0.67659821,93,86.75,39.60347908,33.99150221,6.540666667,3.381333333,2.636260201,0.765016186,0.685215466,0.782545197,12.878,2.035333333,5.260174987,4.880174951,137.6755267,68.85105333,5.170344012,0.370712481,0.140515899,0.142187941,399.97342,66.64894667,185.5670129,148.1700586,2.333333333,2.166666667,2.289428485,2.139826388,1.078992208,0.925129084,1,1,0.471404521,0.372677996,FALSE
la1fe1as1f0.15o0.85,20.25,152000,iron_1111,Iron-based,5,60.93397464,71.53033012,44.60939124,55.57783159,1.341822385,1.211287062,122.90607,34.01392738,44.89724616,44.24932722,1047.9,903.63375,969.6908786,853.0554229,1.534958379,1.511430575,1138.9,216.03375,405.0866623,311.0697317,111,128.025,93.09169067,113.0190433,1.456375597,1.3198541,153,47.175,59.69924623,54.81422603,3950.025,4937.117263,231.9715077,798.411172,1.090363245,1.089618324,7872.571,1968.4364,3303.278324,2961.047775,123.64,79.1875,79.51228084,57.50828687,1.239234522,1.452673128,312.3,25.98125,110.9131119,66.19960229,9.6564,12.006925,2.682904077,4.837114401,0.995338911,0.969736647,27.478,6.91525,10.30831295,10.25679092,28.410856,35.506687,2.067830985,6.087598984,0.915950053,0.914357996,78.97342,19.74896125,31.2221645,31.09301139,2.8,3.2125,2.459509486,3.00104151,1.494403211,1.366078183,4,1.2125,1.326649916,1.147755963,FALSE
la1fe1as1o1.0,10.2,152000,iron_1111,Iron-based,4,71.4178675,71.4178675,55.22091466,55.22091466,1.182131825,1.182131825,122.90607,30.7265175,44.3862968,44.3862968,889.875,889.875,845.2093984,845.2093984,1.335975327,1.335975327,772,193,283.3010799,283.3010799,128.25,128.25,113.5863972,113.5863972,1.285584378,1.285584378,147,36.75,54.47189642,54.47189642,4937.10725,4937.10725,793.2988863,793.2988863,1.089566943,1.089566943,7872.571,1968.14275,2961.064464,2961.064464,72.175,72.175,55.72869967,55.72869967,1.174016397,1.174016397,125.3,31.325,46.19433813,46.19433813,12.0055,12.0055,4.808538469,4.808538469,0.967043858,0.967043858,27.478,6.8695,10.25842535,10.25842535,35.506645,35.506645,6.078184184,6.078184184,0.914267596,0.914267596,78.97342,19.743355,31.09305931,31.09305931,3.25,3.25,3.080070288,3.080070288,1.332244922,1.332244922,3,0.75,1.089724736,1.089724736,FALSE
li0.5nb1o2,10.7,726000,conventional_Nb_based,Conventional / Alloys,3,38.61559333,36.67876571,21.76993303,23.4725963,0.619043469,0.677920839,85.96538,25.55310857,38.56709124,35.69307374,832.2,1014.214286,768.0237769,946.5247363,1.016878981,0.727868041,793.2,676.0714286,345.0710362,347.9610094,137.6666667,107.8571429,116.6471949,85.98649714,0.968727285,1.020381185,150,32.71428571,64.65463806,69.77602652,3035.476333,2525.816571,187.1208914,40.00032107,0.225035345,0.138552747,8568.571,2447.754857,3919.556834,3826.930656,97.06666667,115.1857143,91.36644495,109.8756023,1.038720737,0.772379213,81.4,72.7,33.89890198,32.58283635,10.00733333,8.212571429,2.613382675,1.266735979,0.367792809,0.283809268,26.578,7.530285714,11.92824551,11.79317496,46.34219333,27.58661714,4.959705476,0.741902136,0.669767923,0.690333961,84.97342,15.41338286,35.11032164,33.23047807,2.666666667,2.714285714,2.15443469,2.353546894,0.900256051,0.856997755,4,1.285714286,1.699673171,1.484614978,FALSE
li0.8fe1.2se1h1o1,40.45,79000,iron_245,Iron-based,5,31.750668,33.706828,13.76164566,14.95866586,1.115135418,1.088519278,77.95206,15.590412,30.39077247,30.30467254,968.76,978.328,914.336924,928.2851977,1.555821022,1.545534345,793.2,179.436,310.5287723,300.0597481,105.4,104.96,92.64864674,92.39647553,1.492812105,1.485891017,119,27.84,49.80200799,49.30191071,2645.90378,2939.46378,76.42925176,85.10856598,0.807489405,0.7535893,7873.9101,1889.74202,3178.201692,3306.035622,98.32,96.564,73.78144864,70.13368646,1.387543403,1.380664136,179.3,35.172,63.45695864,65.05003539,4.596,5.028,1.943015454,2.065316279,1.047454762,0.955893228,13.578,3.2676,4.96678101,5.269624806,32.945416,32.705416,1.757180231,1.752042494,0.720880507,0.708171684,84.97342,18.954684,40.0981334,39.80271978,2.6,2.68,2.047672511,2.13966287,1.377819508,1.358710067,5,1.04,1.854723699,1.826909959,FALSE
li1fe0.975co0.025as1,13.4,45600,iron_111,Iron-based,4,49.16019875,45.92826829,36.16956973,30.75147312,1.20430459,0.897237608,67.9806,24.48275671,25.42788116,28.63989993,745.825,741.725,729.427382,720.1049784,1.365069469,1.110056919,426.3,309.0825,151.2606587,174.4681472,147.25,145.6333333,145.7630266,143.7103229,1.376662234,1.12677036,53,54.4,19.96716054,22.82540008,5759,4720.55,3827.952989,2892.469225,1.167773011,0.887068196,8365,2484.883333,3226.077572,3091.068111,55.75,53,48.31100759,44.20468039,1.279593489,0.998287256,62.3,25.95666667,23.28137668,25.95624523,15.175,14.85333333,11.67478204,10.48110334,1.195941665,0.881492949,24.7,9.098333333,8.775641002,10.11048081,78.5,71.50833333,76.12091593,69.63994958,1.35789647,1.125919112,50,27.5,18.14524731,15.48816528,3.25,3.008333333,2.783157684,2.472131542,1.265856752,0.986002115,4,1.633333333,1.479019946,1.635521493,FALSE
li1fe0.98ni0.02as1,10.58,45600,iron_111,Iron-based,4,49.10025,45.92152267,36.1327206,30.74787882,1.204302029,0.88914367,67.9806,24.58257733,25.4050421,28.63712011,740.35,741.5806667,724.1014071,719.9658487,1.364952579,1.102858816,426.3,310.492,151.1135417,174.4637088,146.5,145.62,145.0384157,143.6974467,1.376737662,1.119628074,53,54.67333333,19.83053202,22.82357553,5761,4718.893333,3828.812913,2891.896133,1.167697663,0.87573147,8373,2512.786667,3228.0261,3089.110923,67.825,53.242,55.49235576,44.26991737,1.234853595,1.012622449,96.3,25.74333333,34.75135789,26.43795572,15.425,14.856,11.85092199,10.4824878,1.197609981,0.876642207,24.7,9.118666667,8.815433909,10.11164003,76.25,71.41333333,74.34715485,69.56884115,1.363258981,1.114693276,41,27.72666667,15.73809074,15.35369083,2.75,2.993333333,2.340347319,2.459554657,1.240684292,0.960149248,4,1.653333333,1.479019946,1.635019538,FALSE
li1fe1as1,16.475,45600,iron_111,Iron-based,3,45.90253333,45.90253333,30.73768302,30.73768302,0.847771943,0.847771943,67.9806,22.6602,28.62958815,28.62958815,741.7333333,741.7333333,720.1128889,720.1128889,1.070216628,1.070216628,426.3,142.1,174.468953,174.468953,145.6666667,145.6666667,143.7414341,143.7414341,1.085861966,1.085861966,53,17.66666667,22.83759084,22.83759084,4712,4712,2889.518361,2889.518361,0.815915067,0.815915067,7339,2446.333333,3080.898029,3080.898029,52.6,52.6,43.71652122,43.71652122,0.954360096,0.954360096,62.3,20.76666667,26.13439624,26.13439624,14.83333333,14.83333333,10.46710796,10.46710796,0.839984891,0.839984891,24.7,8.233333333,10.1101709,10.1101709,71.33333333,71.33333333,69.50328642,69.50328642,1.074327008,1.074327008,35,11.66666667,15.28252452,15.28252452,3,3,2.466212074,2.466212074,0.936888308,0.936888308,4,1.333333333,1.632993162,1.632993162,FALSE
lu0.93pr0.07ba2cu3o7,81.5,273400,cuprate_YBCO,Cuprates,5,106.54937,57.68234304,80.79186131,36.75996766,1.425799086,1.388546234,158.9674,20.36849727,58.06424983,54.22855107,720.04,995.8193846,667.7865568,924.6553239,1.527521058,0.883153339,810.6,704.2183077,309.8229856,352.1730629,182,115.0846154,156.6669143,89.90882283,1.499545449,1.383003379,205,37.59307692,77.22175859,79.95494256,5790.4858,3348.225615,1240.426207,70.34263362,1.323775455,0.970214205,9839.571,2066.922846,3630.095151,4046.835474,76.17,110.7384615,58.75372387,89.96291576,1.402808585,0.811395245,127.05,76.45346154,47.36268151,47.21664127,10.0444,5.984384615,5.123859419,1.397515742,1.301402862,1.131201846,21.778,2.985923077,7.250095547,6.967289055,89.405316,96.30585077,8.317449287,1.089975475,0.451451071,0.20193342,399.97342,92.29338,155.4235813,166.4852258,2.6,2.082307692,2.491461879,2.066560976,1.56495725,1.238996383,2,1.055384615,0.8,0.293772645,FALSE
lu1ba2cu3o7,88.155,273400,cuprate_YBCO,Cuprates,4,97.9598,57.86573846,70.3033264,36.80284461,1.153075171,1.338527756,158.9674,12.51216923,62.01143299,54.5662413,768.4,995.7461538,708.6419799,924.5250578,1.301743094,0.872734528,810.6,667.5923077,329.0811526,352.2720247,165.75,114.9230769,139.8129418,89.84615494,1.255705145,1.341749077,205,22.23076923,78.31786195,79.71821676,5578.10725,3365.461769,815.4956461,70.49181611,1.018993456,0.930382622,9839.571,2066.922846,4030.690421,4067.582606,82.3375,110.7384615,60.72149283,89.96291576,1.1640132,0.802321609,127.05,74.35384615,51.12571974,47.21664127,10.8305,6.065692308,4.756464223,1.406268532,1.044742967,1.104243862,21.778,2.903538462,7.912969781,7.064923576,108.506645,96.32200462,7.438782555,1.091194812,0.329500146,0.199852625,399.97342,92.29338,168.4378466,166.4772873,2.25,2.076923077,2.213363839,2.063362233,1.368922361,1.201823024,1,0.846153846,0.433012702,0.266469355,FALSE
lu1ni2b2c1,15.88066667,276000,borocarbide,Conventional / Alloys,4,64.120475,54.33105,33.98167453,30.75429009,0.875211608,1.003364041,164.1558,27.15935,66.84625959,57.97994754,783.775,778.5833333,756.8422894,760.3892829,1.35221374,1.31262207,572.7,181.2333333,204.3348768,168.0190507,130,126,117.1682691,116.0533273,1.285993932,1.278092154,150,38.5,58.62593283,51.41659914,5867.25,5806.166667,4698.570489,4692.774838,1.19392317,1.153928883,7581,2592.666667,3523.437766,3427.622617,87.15,81.71666667,71.14195628,65.91101969,1.211444514,1.206163367,127.2,29.25,50.24542268,48.46082324,48.55,43.56666667,37.54288195,34.57547435,1.143232725,1.209146923,87.8,13.83333333,34.91571996,30.85545153,68.5,65.33333333,48.43544495,48.81010275,1.103393912,1.127573793,124,27.66666667,50.24191477,45.21307579,3,2.833333333,2.91295063,2.749459274,1.357977855,1.354581075,2,0.5,0.707106781,0.687184271,FALSE
mg0.85al0.15b2,31.5,560000,MgB2_type,Mg-B related,3,20.69917953,15.44282693,19.21067986,14.23675488,1.033670608,0.928743224,16.1705386,5.858256403,7.076865388,6.573591516,704.9,771.2283333,698.3230347,769.1857215,1.089514015,0.731690585,223,504.6066667,93.87782841,52.61250197,116.6666667,104.9833333,114.1799252,102.0926639,1.077644055,0.856748896,58,52.1,23.69716345,26.03426695,2299.333333,2267.433333,2260.040462,2239.781716,1.082169441,0.733914336,962,1505,408.8368324,336.8905048,24.56666667,21.425,12.30073365,12.55734702,0.754800339,0.426170728,42.5,18.375,17.53973267,12.98333066,23.13333333,36.33333333,16.69645783,28.20414768,0.784790778,0.323711841,41.3,32.79833333,19.01514017,19.33198271,140.6666667,75.08333333,100.504121,49.80770881,0.869607206,0.937285867,208,33.58333333,86.00904345,69.73576119,2.666666667,2.716666667,2.620741394,2.674414581,1.08219553,0.71233739,1,1.85,0.471404521,0.450616861,FALSE
mg0.8al0.2b2,28.71,560000,MgB2_type,Mg-B related,3,20.69917953,15.48743591,19.21067986,14.26156522,1.033670608,0.970569435,16.1705386,5.408564093,7.076865388,6.642302165,704.9,768.56,698.3230347,766.05376,1.089514015,0.752111913,223,494.9866667,93.87782841,58.04498026,116.6666667,104.5333333,114.1799252,101.7426635,1.077644055,0.889388994,58,50.13333333,23.69716345,25.56786177,2299.333333,2283.466667,2260.040462,2256.286587,1.082169441,0.761659398,962,1460,408.8368324,334.1931311,24.56666667,22.13333333,12.30073365,13.28476633,0.754800339,0.479012394,42.5,18.4,17.53973267,13.03618895,23.13333333,36.36666667,16.69645783,28.30158263,0.784790778,0.332514277,41.3,32.62,19.01514017,19.28597648,140.6666667,76.33333333,100.504121,50.12784434,0.869607206,0.990831394,208,27,86.00904345,71.88571176,2.666666667,2.733333333,2.620741394,2.692548815,1.08219553,0.7387601,1,1.8,0.471404521,0.442216639,FALSE
mg0.95fe0.05b2,29.5,560000,MgB2_type,Mg-B related,3,30.32033333,15.83466667,24.48209597,14.36031383,0.90529472,0.875492596,45.034,6.765833333,18.87067328,8.137874654,765.5333333,779.5966667,765.0924637,779.0368873,1.098034216,0.687568216,62.9,520.815,26.07864175,29.26635137,129.3333333,106.5166667,125.3152576,103.2756917,1.069412721,0.784353253,69,55.4,30.26916289,27.6354191,4024,2321.6,3228.940903,2246.858672,0.8819117,0.749159923,6136,1508.766667,2738.271474,796.5186585,15.63333333,19.56166667,8.994070168,11.04554404,0.78384883,0.190336195,26.7,18.51333333,10.95637815,12.37515107,24.16666667,36.31833333,18.17423396,28.12931033,0.826448808,0.306400876,41.3,33.10333333,18.38519936,19.35943776,88.66666667,69.98333333,69.88279707,48.28819317,0.898527188,0.657842714,133,49.35,54.72557801,61.63616137,2.666666667,2.683333333,2.620741394,2.63851169,1.08219553,0.634055793,1,1.95,0.471404521,0.465176191,FALSE
mg0.97cr0.03b2,35.1,560000,MgB2_type,Mg-B related,3,29.03736667,15.585911,23.90621133,14.27069765,0.9231282,0.815357419,41.1851,7.338655667,17.14350385,7.282683654,729.9666667,778.3843333,727.4205698,777.7066392,1.095147559,0.661425125,147.8,526.9426667,60.56150226,31.96504843,132.6666667,106.5433333,127.9376731,103.2895146,1.064968659,0.757108149,79,56.34,33.40991204,27.71572578,3796,2273.853333,3132.597449,2222.320982,0.90826267,0.690353809,5452,1568.1,2417.953405,598.0191567,31.83333333,19.943,14.06658755,11.01415469,0.682093129,0.258577752,64.3,18.315,26.37578856,13.28384925,26.4,36.35133333,20.73708491,28.15412924,0.882825153,0.306701091,41.3,33.12833333,17.3691297,19.33708436,93.66666667,70.67333333,74.05206951,48.60033345,0.91207312,0.634161774,133,50.79333333,54.29753422,62.10453517,3.666666667,2.706666667,3.301927249,2.649691917,0.994923633,0.650055799,4,1.94,1.699673171,0.572091679,FALSE
mg1b1.75c0.25,16.25,560000,MgB2_type,Mg-B related,3,15.7089,15.408975,14.66819261,14.28732721,1.027647628,0.881235848,13.494,7.100775,6.098060972,6.298775905,874.4,803.025,862.0203919,798.7110942,1.084015136,0.923711358,348.4,376.3083333,151.6022647,90.01857331,99.66666667,104.6666667,94.54836415,100.9288051,1.045343893,0.864136367,78,45.16666667,33.07902995,29.02680753,2152.666667,2202.666667,2129.925629,2175.560206,1.088333783,0.84069949,722,1246.666667,304.3696583,332.9778104,61.7,29.9,18.73255978,12.22634512,0.472512339,0.759565137,153.9,15.95,67.14655613,39.78768654,54.56666667,40.81666667,35.74589582,29.6941817,0.803057492,0.758167978,96.3,26.26666667,39.44670103,27.13508901,109,80.75,84.56758478,56.04190113,0.918873489,0.872281374,133,41.66666667,58.55481762,63.80716391,3,2.75,2.884499141,2.684328916,1.060856947,0.886941471,2,1.416666667,0.816496581,0.595119036,FALSE
mg1b1.7c0.3,27.5175,560000,MgB2_type,Mg-B related,3,15.7089,15.42897,14.66819261,14.31240769,1.027647628,0.903746607,13.494,6.900596667,6.098060972,6.286039539,874.4,807.7833333,862.0203919,802.7831317,1.084015136,0.955896159,348.4,344.8766667,151.6022647,97.01711905,99.66666667,104.3333333,94.54836415,100.4903574,1.045343893,0.887006417,78,42.6,33.07902995,29.34090811,2152.666667,2199.333333,2129.925629,2172.487712,1.088333783,0.874226505,722,1168,304.3696583,331.3822901,61.7,32.02,18.73255978,12.57911292,0.472512339,0.762672006,153.9,15.48,67.14655613,42.90712761,54.56666667,41.73333333,35.74589582,30.06364837,0.803057492,0.795400679,96.3,25.43333333,39.44670103,28.33241175,109,82.63333333,84.56758478,57.60041301,0.918873489,0.895660843,133,39.33333333,58.55481762,63.86051641,3,2.766666667,2.884499141,2.697230376,1.060856947,0.921772746,2,1.3,0.816496581,0.61553951,FALSE
mg1b1.924c0.076,35.78,560000,MgB2_type,Mg-B related,3,15.7089,15.3393924,14.66819261,14.20038924,1.027647628,0.77383618,13.494,7.7973956,6.098060972,6.342407747,874.4,786.466,862.0203919,784.7007398,1.084015136,0.759314715,348.4,485.6905333,151.6022647,56.52527674,99.66666667,105.8266667,94.54836415,102.4695691,1.045343893,0.76169462,78,54.09866667,33.07902995,27.87513747,2152.666667,2214.266667,2129.925629,2186.2864,1.088333783,0.686828201,722,1520.426667,304.3696583,338.2156051,61.7,22.5224,18.73255978,11.07406173,0.472512339,0.565572305,153.9,17.5856,67.14655613,24.80492165,54.56666667,37.62666667,35.74589582,28.44347425,0.803057492,0.521103984,96.3,29.40666667,39.44670103,22.18326597,109,74.196,84.56758478,50.93971747,0.918873489,0.722255126,133,49.78666667,58.55481762,63.18506351,3,2.692,2.884499141,2.639910984,1.060856947,0.709162083,2,1.822666667,0.816496581,0.513617238,FALSE
mn0.1fe0.9se0.85,11,13700,iron_11,Iron-based,3,63.24768167,66.41638081,62.33828908,65.42038725,1.083696218,0.834912144,24.021955,33.30929486,11.11645484,11.56637548,805.4333333,840.1135135,799.8401537,835.0048219,1.091514693,0.845176804,223.6,393.3297297,96.98564613,92.92910742,140,131.9189189,137.2764057,129.1309865,1.080110126,0.865174196,58,67.18918919,26.24245923,26.68472422,6721,6448.513514,6568.874725,6265.914949,1.077146692,0.849923694,3055,3426.810811,1354.992497,1504.977536,71.73333333,98.73243243,17.17884997,46.16293991,0.319565938,0.296802452,195,90.2027027,88.45587726,90.20373653,10.8,9.908108108,9.945247429,8.945663889,1.027978081,0.79992534,8.4,6,3.826225294,4.158376657,29.07333333,39.08756757,6.81355428,6.927928608,0.334476599,0.096145391,78.48,38.19351351,35.4249642,38.87998619,4.333333333,4.432432432,4.160167646,4.189727516,1.057905425,0.808476807,3,2.540540541,1.247219129,1.46195982,FALSE
mo5s6zn1,3.1,95000,chalcogenide,Chalcogenide,3,64.46833333,61.46416667,58.59431299,53.72465453,1.012304355,0.845039629,63.895,34.535,26.09298895,30.48361902,863.2,860.3166667,852.5512957,846.6170302,1.086621269,0.895206289,314.2,424.0166667,131.7610969,150.4154349,139.6666667,134.5,132.898598,125.4866875,1.051722896,0.890889183,103,67.33333333,42.08193067,49.15536593,6460,5858.333333,5239.813136,4354.450431,0.935933089,0.760346341,8320,3688.333333,3430.490733,3985.184716,92.13333333,131.4583333,28.09877951,87.93973552,0.610830369,0.5497693,200,100.625,82.7172023,72.559188,15.02666667,16.4775,7.706880902,6.913103173,0.600453349,0.362605473,34.27,14.3875,15.00681253,16.56774936,86.40166667,68.01916667,15.06549142,5.273086163,0.696347238,0.428557872,138.795,57.81416667,61.44183704,67.99875473,4.666666667,5.666666667,4.160167646,5.475088529,1.004242473,0.801435682,4,2.833333333,1.885618083,1.105541597,FALSE
na1fe0.97co0.03as1,21.13333333,45600,iron_111,Iron-based,4,53.17239107,51.28300504,48.79456881,45.84328609,1.314758181,1.05331318,51.93183072,24.38453472,18.87027058,21.45719435,739.75,733.6233333,720.7504669,708.7047648,1.3617703,1.112204049,450.6,307.819,160.4228553,184.8346183,153,153.2933333,150.5416458,150.0196703,1.370541804,1.122451818,76,61.81333333,26.92582404,31.08323164,5867.25,4866.593333,4439.632167,3525.315006,1.209811053,0.959125734,7932,2456.926667,3051.513508,2898.306442,54.05,50.81333333,46.90679395,42.5943825,1.277785092,1.005228705,62.3,25.848,23.07601569,25.41162114,15.075,14.724,11.26449702,9.995559156,1.183484404,0.870780981,25.1,9.071333333,8.91498037,10.26744811,92.25,89.87666667,86.23454631,82.27453559,1.322356296,1.060375849,90,45.66666667,32.79005185,37.50699653,3.25,3.01,2.783157684,2.473317139,1.265856752,0.993344903,4,1.626666667,1.479019946,1.636021597,FALSE
na1fe0.981co0.019as1,19.3,45600,iron_111,Iron-based,4,53.17239107,51.27168166,48.79456881,45.83423951,1.314758181,1.037979799,51.93183072,24.6006231,18.87027058,21.45396881,739.75,733.627,720.7504669,708.7081903,1.3617703,1.09820698,450.6,310.5987,160.4228553,184.8351137,153,153.308,150.5416458,150.0339594,1.370541804,1.108931062,76,62.37066667,26.92582404,31.08356161,5867.25,4862.831333,4439.632167,3523.7321,1.209811053,0.935411612,7932,2518.431333,3051.513508,2893.730904,54.05,50.63733333,46.90679395,42.38677323,1.277785092,0.98991577,62.3,26.08706667,23.07601569,25.47750785,15.075,14.7152,11.26449702,9.989684264,1.183484404,0.856332045,25.1,9.130733333,8.91498037,10.26720778,92.25,89.79966667,86.23454631,82.20345518,1.322356296,1.046095736,90,46.03333333,32.79005185,37.50769077,3.25,3.006333333,2.783157684,2.470709575,1.265856752,0.97657076,4,1.641333333,1.479019946,1.634918924,FALSE
na1fe0.99co0.01as1,15.6,45600,iron_111,Iron-based,4,53.17239107,51.26241708,48.79456881,45.82683909,1.314758181,1.023559304,51.93183072,24.77742268,18.87027058,21.45132493,739.75,733.63,720.7504669,708.710993,1.3617703,1.085072383,450.6,312.873,160.4228553,184.835519,153,153.32,150.5416458,150.0456515,1.370541804,1.096255573,76,62.82666667,26.92582404,31.08382645,5867.25,4859.753333,4439.632167,3522.437524,1.209811053,0.913006905,7932,2568.753333,3051.513508,2889.97825,54.05,50.49333333,46.90679395,42.21766398,1.277785092,0.97524327,62.3,26.28266667,23.07601569,25.53038625,15.075,14.708,11.26449702,9.984880102,1.183484404,0.842709217,25.1,9.179333333,8.91498037,10.26700554,92.25,89.73666667,86.23454631,82.14534415,1.322356296,1.032587063,90,46.33333333,32.79005185,37.50814119,3.25,3.003333333,2.783157684,2.468578159,1.265856752,0.960658764,4,1.653333333,1.479019946,1.634010064,FALSE
nb0.72sn0.28,18.2,212100,conventional_A15,Conventional / Alloys,2,105.80819,100.1313936,105.0186477,99.50599189,0.685694474,0.635552291,25.80362,33.6537936,12.90181,11.58579665,685.9,676.088,685.537395,675.7969851,0.692618571,0.60507927,44.6,279.496,22.3,20.02535033,171.5,183.16,169.440255,181.4604475,0.681161162,0.529006126,53,101.96,26.5,23.79694098,7940,8217.2,7914.966835,8196.775819,0.689996048,0.561330196,1260,4123.6,630,565.7385969,98.2,93.536,97.62622598,93.08057279,0.687309971,0.63108628,21.2,32.608,10.6,9.518776392,16.9,21.256,13.69671493,18.40282528,0.510089748,0.30761966,19.8,17.336,9.9,8.890177951,60.5,57.64,60.14981297,57.36202201,0.687364562,0.630922894,13,20.12,6.5,5.836985523,4.5,4.72,4.472135955,4.697158343,0.686961577,0.547933806,1,2.48,0.5,0.448998886,FALSE
nb1os2,2.52,726000,conventional_Nb_based,Conventional / Alloys,2,141.56819,157.7887933,132.9420199,149.8078317,0.632848539,0.495184172,97.32362,95.85120667,48.66181,45.87879445,741.7,767.7333333,737.5766265,764.0247048,0.687592988,0.600460558,156.2,325.3333333,78.1,73.63338615,191.5,189.3333333,191.3896549,189.2356178,0.692571021,0.64657039,13,57.33333333,6.5,6.12825877,15580,17916.66667,13913.88874,16353.26325,0.588199885,0.438743197,14020,12203.33333,7010,6609.091381,97.6,100.9333333,97.08635331,100.4714993,0.687889033,0.601523605,20,42.53333333,10,9.428090416,28.9,29.6,28.82360144,29.53153766,0.690504798,0.612383244,4.2,11.73333333,2.1,1.979898987,70.5,76,68.54195795,74.21256147,0.665503544,0.547412469,33,40,16.5,15.55634919,5.5,5.666666667,5.477225575,5.646216173,0.689009238,0.605797499,1,2.333333333,0.5,0.471404521,FALSE
nb2.4ta0.6sn1,17.3,212100,conventional_A15,Conventional / Alloys,3,130.8547533,112.56351,125.9008844,109.1646871,1.059724095,1.042484889,88.0415,28.601646,36.9544558,30.70423098,710.6333333,689.225,709.5412969,688.3564987,1.09707413,0.963765033,96.5,284.145,39.43351648,35.17793165,181,185.05,179.0692698,183.4406641,1.088330797,0.898824448,55,88.8,25.46893533,23.13325528,10843.33333,9467,10141.54555,9098.713141,1.029698772,1.000579172,9340,3314.5,4138.02959,3063.535702,76.3,84.635,67.66105847,79.69703999,0.998271022,0.82506188,76.3,47.685,32.15783989,23.64255221,23.26666667,23.23,18.90217494,20.02630202,0.939656597,0.788608202,29,14.33,12.09995409,9.897529995,59.33333333,57.7,59.08099572,57.45610546,1.094292167,0.966033323,13,23.85,5.557777334,5.469003566,4.666666667,4.75,4.641588834,4.728708045,1.093374718,0.90970771,1,2.25,0.471404521,0.433012702,FALSE
nb2.973zr0.027al1,16.6,212100,conventional_A15,Conventional / Alloys,3,70.37063953,76.41381359,61.15150084,68.19417204,0.986718005,0.344654306,65.9248414,68.43690494,30.68841432,28.54006897,633.5,641.973675,632.2076227,640.8318439,1.096603447,0.572505951,86.4,488.767725,39.8419377,37.39845899,174,178.054,168.8384951,174.0145281,1.070770752,0.493222673,88,145.773,39.73243847,34.67836622,5927,7088.60175,5321.051069,6408.716479,1.005865271,0.351532988,5870,6325.70325,2431.736965,2539.350453,58.06666667,76.39625,54.75899396,73.38847459,1.037649814,0.436315804,45,64.82115,20.89104008,19.06265291,19.5,22.73585,18.19334781,21.26826732,1.036107954,0.399317171,16.1,19.77735,6.657827473,6.965073925,104,99.04075,66.3330275,77.54615885,0.709272094,0.685954579,212,58.59475,93.49153259,78.53704597,4,4.49325,3.914867641,4.393935468,1.077556327,0.486586926,2,3.68925,0.816496581,0.865999098,FALSE
nb3al0.67ga0.33,18.7,212100,conventional_A15,Conventional / Alloys,3,63.20363953,79.95134022,55.91085133,73.75922646,0.994883933,0.471595744,65.9248414,65.16037728,27.30564928,24.58612078,606.5,642.12375,605.1950874,640.9945756,1.096428274,0.675787677,86.4,449.95725,40.38044081,37.19962783,150.6666667,179.485,147.015131,176.0175975,1.073552263,0.573045807,80,137.28,34.26692607,32.34694383,5724.666667,7366.83,5150.273728,6848.707536,1.004817697,0.469916133,5870,5975.25,2399.770174,2215.916531,54,75.578,48.9339329,71.53086446,1.000441924,0.461765333,57.2,63.192,24.39890708,21.06677754,14.36333333,22.353425,11.7033482,20.19223316,0.906223121,0.37794557,21.21,19.638825,9.03810575,7.794833803,106,82.255,71.66160652,65.62918659,0.742996938,0.804439394,206,38.1075,91.78598295,68.8526323,3.666666667,4.5,3.556893304,4.400558684,1.067089519,0.556257648,2,3.5025,0.942809042,0.866025404,FALSE
nd0.9ba1.7sr0.4cu3o6.666,82,273400,cuprate_YBCO,Cuprates,5,89.74688,54.91960369,70.68521224,36.51478289,1.441792469,1.472507454,128.2426,15.66460603,47.67239549,48.23901514,728.22,990.0777357,678.1615311,920.7392929,1.531932546,0.936774763,810.6,673.7347703,304.6749967,349.4791841,174.2,115.1166904,151.3589893,90.70275739,1.505416051,1.484983248,205,27.42775936,72.1204548,77.85697549,4422.2858,3175.234937,963.0841251,74.95901948,1.276263022,0.940256896,8958.571,2121.464889,3189.847757,3781.094996,67.176,109.3345966,38.87376351,85.67542737,1.237240448,0.809463777,135.97,74.7902258,54.86853109,48.5778485,7.2844,5.05051729,4.20932558,1.351575727,1.383464939,1.095564061,12.878,2.985958314,4.117204566,5.418289608,94.005316,99.4850136,10.263155,1.235494988,0.576258025,0.241611765,399.97342,94.72783971,153.3968732,167.6370242,2.2,2.071056371,2.168943542,2.058459855,1.594166699,1.286697682,1,0.989420496,0.4,0.256918982,FALSE
nd1.47la0.4ce0.13cu1o4,22,230000,cuprate_electron_doped,Cuprates,5,100.561774,59.050944,77.82123987,36.42143055,1.440789046,1.326445593,128.2426,27.68866571,51.89161894,55.43012925,734.16,1009.336857,686.0279513,936.4431561,1.535395224,0.853744554,781.6,740.3124286,300.4302089,356.7565265,155.8,105.9814286,138.9109751,84.79143606,1.52452289,1.382619965,158,39.82428571,57.70060658,69.34049279,5761.2858,3228.340857,1298.381748,56.01953301,1.376290869,1.093650984,8958.571,1471.283429,3032.347892,3788.858525,82.98,113.1571429,74.16017413,103.7123146,1.497410605,0.87953188,93,80.47214286,40.02151421,39.98738577,6.4444,3.951428571,3.723206907,1.057518681,1.354365572,1.144878765,12.878,1.769285714,4.107501119,4.727152899,88.205316,61.67518857,7.629217308,0.649915487,0.410592042,0.309834532,399.97342,57.12766857,155.9987896,138.2964521,2.8,2.304285714,2.701920077,2.257678384,1.574097337,1.265215413,2,1.068571429,0.748331477,0.498837424,FALSE
nd1.847ce0.153cu1o4,22.5,230000,cuprate_electron_doped,Cuprates,4,90.97585,59.34233171,67.32755529,36.49649445,1.176392884,1.013212622,128.2426,34.99674657,53.9117376,55.86134769,782.425,1008.816543,727.9606097,935.5350879,1.310368072,0.783785015,781.6,738.5378143,318.0807081,357.4453467,146,106.541,127.6180332,85.02769892,1.282996258,1.135260657,158,50.311,60.67536568,70.10178746,5665.10725,3276.657571,880.2476273,56.43349007,1.090609911,0.830798932,8958.571,1848.822,3383.439907,3830.956898,91.35,113.2714286,82.04689051,103.9473207,1.2852032,0.823148211,91,80.30292857,40.64317286,39.80774204,6.4805,3.991885714,3.264459817,1.063874521,1.069308509,0.925270519,12.878,1.753171429,4.591616355,4.750888565,107.006645,61.88404571,6.677503797,0.659011757,0.286107204,0.287431714,399.97342,57.12766857,169.2692474,138.2259295,2.75,2.307571429,2.632148026,2.259813443,1.342113179,1.097682944,2,1.055428571,0.829156198,0.506641422,FALSE
nd1.85ce0.15cu0.993ni0.007o4,6.366666667,230000,cuprate_electron_doped,Cuprates,5,84.51936,59.3392474,65.5046499,36.49404931,1.415945421,1.016535857,128.2426,38.0624066,49.91918883,55.86381534,773.18,1008.804057,729.6010774,935.5175361,1.547681139,0.787554473,781.6,749.6066571,285.1002448,357.456827,146.6,106.554,131.6336402,85.03393105,1.527104284,1.141592955,158,54.29385714,54.28296234,70.11551447,6313.6858,3276.743143,1398.427424,56.43429527,1.377861979,0.844770575,8958.571,1851.826286,3292.529275,3831.008409,95.78,113.2650286,87.54853303,103.9416188,1.52820702,0.828625986,91,81.31507143,37.41648834,39.8071903,8.6244,3.996671429,4.551502138,1.064280713,1.315345357,0.947918072,16.978,1.859228571,5.937304223,4.760838288,103.805316,61.57761714,11.25899415,0.65815952,0.700179525,0.299334873,399.97342,56.72766857,151.534341,137.813616,2.6,2.307142857,2.491461879,2.259534842,1.56495725,1.101208402,2,1.140857143,0.8,0.505631551,FALSE
nd1.85ce0.15cu0.995zn0.005o4,18,230000,cuprate_electron_doped,Cuprates,5,85.85668,59.34541,66.9334575,36.49769013,1.423906433,1.015586064,128.2426,38.0744,49.29507041,55.86408981,807.1,1008.927714,760.4887035,935.6592575,1.548738153,0.787289558,781.6,749.6958571,288.7484926,357.3912659,145.2,106.5478571,130.3728942,85.0303473,1.52628307,1.139283108,158,54.34142857,54.29327767,70.11207759,5960.0858,3275.495143,1337.899628,56.4254717,1.3799178,0.838669591,8958.571,1851.826286,3083.209669,3829.464944,73.38,113.1868571,36.85258469,103.622534,1.306512988,0.821963467,141,81.4275,51.11924882,39.91918406,6.6544,3.988464286,3.839781656,1.063551833,1.361144199,0.932830407,12.878,1.871178571,4.121567352,4.745829252,109.605316,61.68661714,11.89946851,0.658568117,0.749057057,0.298396165,399.97342,56.84195429,151.4882004,137.9379424,2.6,2.307142857,2.491461879,2.259534842,1.56495725,1.099941617,2,1.141428571,0.8,0.505631551,FALSE
nd1.85ce0.15cu0.99zn0.01o4,15.3,230000,cuprate_electron_doped,Cuprates,5,85.85668,59.34672,66.9334575,36.49843188,1.423906433,1.019442219,128.2426,38.0277,49.29507041,55.8642098,807.1,1009.042571,760.4887035,935.7898808,1.548738153,0.790476282,781.6,749.0488571,288.7484926,357.3322611,145.2,106.5457143,130.3728942,85.02907752,1.52628307,1.143961776,158,54.24,54.29327767,70.11094817,5960.0858,3274.195143,1337.899628,56.41632114,1.3799178,0.846619685,8958.571,1851.826286,3083.209669,3827.843565,73.38,113.1022857,36.85258469,103.2987621,1.306512988,0.821248741,141,81.42642857,51.11924882,40.03013715,6.6544,3.984357143,3.839781656,1.063112895,1.361144199,0.940228639,12.878,1.865928571,4.121567352,4.740427167,109.605316,61.48661714,11.89946851,0.658002005,0.749057057,0.307614078,399.97342,56.55624,151.4882004,137.6499568,2.6,2.307142857,2.491461879,2.259534842,1.56495725,1.102978455,2,1.14,0.8,0.505631551,FALSE
nd1.85ce0.15cu1o3.97,20,230000,cuprate_electron_doped,Cuprates,4,90.97585,59.53066255,67.32755529,36.62672611,1.176392884,1.00963671,128.2426,35.26977044,53.9117376,55.91148513,782.425,1007.503156,727.9606097,934.1644704,1.310368072,0.78593807,781.6,736.297274,318.0807081,357.6595696,146,106.8020086,127.6180332,85.24115589,1.282996258,1.132841856,158,50.69583931,60.67536568,70.15840529,5665.10725,3290.892845,880.2476273,57.33466564,1.090609911,0.828544555,8958.571,1859.802994,3383.439907,3833.277056,91.35,113.1456241,82.04689051,103.8062788,1.2852032,0.825325331,91,80.05738881,40.64317286,39.8470078,6.4805,4.008800574,3.264459817,1.071191904,1.069308509,0.923010941,12.878,1.766140603,4.591616355,4.754977723,107.006645,62.15287268,6.677503797,0.66830697,0.286107204,0.287290284,399.97342,57.37366964,169.2692474,138.4624708,2.75,2.308464849,2.632148026,2.260721768,1.342113179,1.09750381,2,1.053084648,0.829156198,0.506316001,FALSE
nd1ba2cu3o,90.905,273400,cuprate_YBCO,Cuprates,4,90.2786,89.36191429,66.98998734,73.1132338,1.178059558,1.155591411,128.2426,36.95065714,53.2860956,46.28261861,773.025,726.3714286,714.9461837,687.8694202,1.304577661,1.267440405,810.6,243.3571429,325.5704638,262.8153057,163,170.7142857,138.0064058,152.6287035,1.25775304,1.163923877,205,65.42857143,76.64528687,67.43190064,4870.35725,5844.489857,749.1889155,1898.134268,1.034495294,0.881047412,8958.571,3839.795857,3422.728556,3284.567165,82.3375,83.51428571,60.72149283,60.65241351,1.1640132,1.012324005,127.05,46.97142857,51.12571974,50.34379458,7.1055,8.946,3.585032949,5.822191084,1.098226113,0.90785076,12.878,5.582571429,4.585759561,4.360092922,108.756645,179.0037971,7.55238461,26.57863649,0.336261916,0.201966126,399.97342,171.4247743,168.3010468,191.4756549,2.25,2.142857143,2.213363839,2.119268045,1.368922361,1.309525835,1,0.571428571,0.433012702,0.349927106,FALSE
pb0.93tl0.075,6.98,1800000,conventional_simple_metal,Conventional / Alloys,2,205.79165,206.9897985,205.7868309,206.9884647,0.693123763,0.263073654,2.8167,176.4848284,1.40835,0.740195837,652.05,705.7746269,648.9848072,704.9041164,0.688450015,0.233165186,126.3,617.8791045,63.15,33.19016373,155,154.1492537,154.9967742,154.1483643,0.693126369,0.267696057,2,130.8656716,1,0.525576623,11595,11378.0597,11592.19565,11377.28986,0.692905332,0.273170751,510,9609.402985,255,134.0220388,28.65,35.41343284,27.52489782,35.07600592,0.654137741,0.179286471,15.9,32.3238806,7.95,4.178334151,4.485,4.727462687,4.475935656,4.724913043,0.691126827,0.243962443,0.57,4.100597015,0.285,0.149789337,40.5,35.82089552,40.1248053,35.72115486,0.683897471,0.315830204,11,28.95522388,5.5,2.890671425,3.5,3.925373134,3.464101615,3.915040013,0.682908105,0.218727865,1,3.47761194,0.5,0.262788311,FALSE
pd3te1,0.76,95000,chalcogenide,Chalcogenide,2,117.01,111.715,116.5297902,111.3602275,0.689045986,0.598117197,21.18,47.915,10.59,9.171209026,836.25,819.875,835.6084609,819.3969724,0.692380117,0.57820106,65.5,385.375,32.75,28.36233197,146,157.5,144.1769746,156.0958318,0.680686821,0.493729733,46,96,23,19.91858429,9131.5,10577.25,8661.611859,10204.8302,0.642139871,0.418324015,5783,7457.25,2891.5,2504.112455,123.45,89.325,102.8680708,75.35461174,0.531392257,0.690476808,136.5,6.525,68.25,59.10623381,17.1,16.9,17.095321,16.89650439,0.692873567,0.571877688,0.8,8.15,0.4,0.346410162,37,54,14.59451952,32.19022966,0.169658227,0.073190129,68,52.5,34,29.44486373,5,4.5,4.898979486,4.426727679,0.673011667,0.636514168,2,1.5,1,0.866025404,FALSE
pr0.5ca0.5ba2cu3o7,52,273400,cuprate_YBCO,Cuprates,5,79.57161,51.36774038,60.1669078,34.48640309,1.38820526,1.365235424,124.90825,19.58576923,50.90341082,46.45244217,735.32,999.2076923,686.5880263,930.4107002,1.535011521,0.910460291,810.6,686.8,300.9934444,347.8119042,177.4,115.1923077,153.1953873,89.90648195,1.500161799,1.444103131,205,31.46153846,75.66928042,80.40427621,4132.2858,2923.461769,857.0959175,64.66858607,1.223232247,0.851427833,8958.571,2066.922846,3277.647705,3696.410847,66.644,108.9065385,35.01193754,81.43836596,1.213787166,0.76020489,138.63,76.58192308,55.46363803,50.30258817,7.3524,4.967230769,4.240374788,1.29686182,1.383519651,1.073743364,12.878,2.903538462,4.145164778,5.425664286,126.205316,103.2835431,13.7839016,1.192951554,0.835026704,0.417915382,399.97342,92.29338,155.4696702,166.8843753,2.4,2.076923077,2.29739671,2.054036101,1.560710409,1.27254682,2,1,0.8,0.384615385,FALSE
pr0.6ca0.4ba2cu3o7,28.25,273400,cuprate_YBCO,Cuprates,5,79.57161,52.14335308,60.1669078,34.82155166,1.38820526,1.368471678,124.90825,19.89406154,50.90341082,47.09479412,735.32,998.7246154,686.5880263,929.604714,1.535011521,0.908657862,810.6,688.9184615,300.9934444,348.423825,177.4,115.6,153.1953873,90.07367667,1.500161799,1.441768136,205,32.95384615,75.66928042,80.93545386,4132.2858,2962.615615,857.0959175,65.39637047,1.223232247,0.864573961,8958.571,2066.922846,3277.647705,3708.592804,66.644,109.2729231,35.01193754,83.07607035,1.213787166,0.770021889,138.63,76.61169231,55.46363803,49.70613136,7.3524,4.954615385,4.240374788,1.294736316,1.383519651,1.069418388,12.878,2.903538462,4.145164778,5.419245272,126.205316,101.8450815,13.7839016,1.168130522,0.835026704,0.388201996,399.97342,92.29338,155.4696702,166.8504482,2.4,2.092307692,2.29739671,2.065017269,1.560710409,1.275086569,2,1.015384615,0.8,0.41963636,FALSE
pr1.85ce0.15cu1o4,20.13333333,230000,cuprate_electron_doped,Cuprates,4,90.1422625,58.46287893,66.93504418,36.27205491,1.178648748,1.019134185,124.90825,34.23739321,53.10137533,54.52813249,781.2,1007.517857,726.2769758,933.2414646,1.309636613,0.781677838,786.5,738.7692857,319.0526681,359.1818084,156.25,117.3857143,133.5424933,89.21009681,1.263305589,1.086561714,199,61.31428571,72.29583321,86.01126053,5572.60725,3179.009429,868.3951284,55.63162189,1.088927903,0.83614111,8958.571,1754.040571,3350.302852,3738.144492,91.35,113.2714286,82.04689051,103.9473207,1.2852032,0.822660771,91,80.325,40.64317286,39.80774204,6.4305,3.939714286,3.24122375,1.055986449,1.067473196,0.925773552,12.878,1.753571429,4.585683237,4.717349368,106.006645,60.82947429,6.244357387,0.614021289,0.257209774,0.244639047,399.97342,57.12766857,169.808985,138.5791307,3,2.571428571,2.828427125,2.438027308,1.329661349,1.083356018,2,1.057142857,1,0.903507903,FALSE
pr1fe0.7co0.3as1o1,4,152000,iron_1111,Iron-based,5,69.321369,72.15002713,56.10452873,55.64300533,1.434382613,1.30236202,124.90825,31.2270625,40.71539579,45.07407342,860.62,886.175,822.5407401,839.4062735,1.564268985,1.46438525,786.5,271.4175,262.4683249,287.8309997,143.4,140.95,126.2299022,120.2668218,1.501197783,1.415851841,199,50.35,64.70115919,72.12452773,5828.4858,5137.55725,1306.599783,816.2445981,1.373048392,1.339883116,8898.571,1659.64275,3106.18008,3101.33303,71.18,76.275,57.96329332,62.19899298,1.438366623,1.309986943,125.3,32.615,41.21326971,43.27137478,12.9644,12.3355,6.243314133,4.978665229,1.297086152,1.171084961,27.478,6.8695,9.246090495,10.22657131,48.405316,37.081645,10.64189783,6.186596966,1.214506844,1.272563639,99.97342,13.818355,37.93317182,33.6805104,3.6,3.575,3.437543855,3.381938586,1.567056442,1.488545155,3,0.95,1.019803903,1.115515576,FALSE
pr1fe1as1o0.7,46.25,152000,iron_1111,Iron-based,4,71.9184125,76.45238649,55.41883625,61.29217028,1.178897146,1.147171159,124.90825,35.05623514,45.14926515,43.92771452,886.25,851.6405405,839.4892667,809.5850881,1.333687737,1.362506602,786.5,113.4054054,287.7977458,271.2423764,141.25,148.8108108,120.5013494,129.8386905,1.249497009,1.213639985,199,57.67567568,72.17816498,69.78454791,5060.60725,5470.810892,808.7806001,1352.167843,1.090810497,1.090627608,7872.571,2127.837757,3018.651358,2758.174617,72.675,67.01351351,56.2832824,52.19975144,1.177958052,1.242557113,125.3,22.31081081,45.95641277,43.07979499,12.1555,13.12308108,4.919151862,6.323941524,0.979681491,0.973404167,27.478,7.444486486,10.17797331,9.975348638,35.506645,38.38340703,6.078184184,9.44195385,0.914267596,0.913827563,78.97342,21.3463227,31.09305931,30.57486397,3.5,3.621621622,3.30975092,3.447728349,1.333736027,1.299787169,3,0.972972973,1.118033989,1.074303076,FALSE
s1,13,95000,chalcogenide,Chalcogenide,1,32.065,32.065,32.065,32.065,0,0,0,0,0,0,999,999,999,999,0,0,0,0,0,0,87,87,87,87,0,0,0,0,0,0,1960,1960,1960,1960,0,0,0,0,0,0,201.5,201.5,201.5,201.5,0,0,0,0,0,0,1.73,1.73,1.73,1.73,0,0,0,0,0,0,0.205,0.205,0.205,0.205,0,0,0,0,0,0,6,6,6,6,0,0,0,0,0,0,FALSE
sm0.75gd1.1ce0.15cu1o3.97,9.6,230000,cuprate_electron_doped,Cuprates,5,105.45428,62.24189641,80.44156723,37.29558213,1.431855205,1.426176028,141.2506,21.80166428,55.96290668,60.07345311,746.5,1018.323816,701.2405395,952.3937358,1.541147601,0.897376979,773,736.297274,293.0648461,343.7009398,169.8,114.5064562,148.1640256,88.27519693,1.507660778,1.468355943,190,32.79053085,69.75213258,81.34255656,6180.8858,3468.417953,1378.382061,58.7287316,1.380986817,1.206812162,8958.571,1284.69539,3178.049297,4015.086152,83.38,113.1456241,74.74999138,103.8062788,1.500342365,0.906890347,91,80.05738881,39.69354607,39.8470078,7.4644,4.617121951,4.233320767,1.152794686,1.369981637,1.245967133,12.878,1.761119082,4.372023495,5.247743057,87.005316,60.77554126,6.99308389,0.606181691,0.368658283,0.266191691,399.97342,57.37366964,156.563965,138.9307125,2.8,2.308464849,2.701920077,2.260721768,1.574097337,1.330383945,2,1.053084648,0.748331477,0.506316001,FALSE
sm0.7pr0.3ba2cu3o6.75,6.6,273400,cuprate_YBCO,Cuprates,5,101.62801,56.53429373,78.37958277,36.9104192,1.438483539,1.451088393,134.3606,18.22601608,52.86702789,50.55855227,725.46,991.3313725,674.6973967,921.3521843,1.530500108,0.916295882,810.6,682.78,306.3714647,350.4764983,186.2,118.0941176,159.5881845,91.69879651,1.497257214,1.447548141,205,33.8745098,79.54721868,82.5021388,5292.8858,3219.509471,1170.18897,74.19372409,1.337903383,0.98839543,8958.571,2107.478765,3183.856485,3803.009071,76.17,110.1156863,58.75372387,89.15523105,1.402808585,0.835636403,127.05,74.22941176,47.36268151,47.46532428,7.3444,5.083803922,4.236395077,1.346680774,1.383434704,1.065011349,12.878,2.964823529,4.142903021,5.448483311,88.805316,97.97485608,7.979117041,1.154685938,0.431347919,0.195934999,399.97342,94.10357529,155.7113226,167.6665298,2.6,2.101960784,2.491461879,2.07864732,1.56495725,1.302995197,2,0.964705882,0.8,0.372321912,FALSE
sm1.28ba1.72cu3o7.03,43.6,273400,cuprate_YBCO,Cuprates,4,91.8081,56.16093799,67.68930284,36.37834331,1.173513988,1.354520179,134.3606,9.495522487,54.87713673,51.22589416,775.175,999.3646201,717.8208675,930.3765102,1.305824843,0.882274977,810.6,655.3925556,323.9929581,348.2962546,171,116.0583269,143.0792581,90.2362623,1.25048423,1.374322863,205,10.01688411,82.18576519,81.4130179,4956.10725,3249.354249,758.1898745,69.41091066,1.034016121,0.902434387,8958.571,2062.160716,3479.091647,3855.266775,82.3375,111.5862625,60.72149283,92.4186245,1.1640132,0.815622929,127.05,74.84274751,51.12571974,45.89307315,7.4555,5.026911742,3.750017511,1.303442301,1.108572523,1.021495998,12.878,2.896342287,4.625239534,5.460177677,107.756645,95.76261377,7.06248773,1.057377484,0.30814799,0.188162836,399.97342,92.08082445,168.8542438,166.5141402,2.25,2.098234843,2.213363839,2.08126937,1.368922361,1.211333018,1,0.81504221,0.433012702,0.297631918,FALSE
sm1fe0.875ir0.125as1o1,16.5,152000,iron_1111,Iron-based,5,97.8686,78.543125,71.99856314,58.54395689,1.376500325,1.332190691,176.2176,33.59015,64.26831464,52.79327494,885.32,893.03125,849.4244037,848.3683146,1.568815487,1.42436222,773,301.146875,253.8136986,282.6739359,147.2,139.75,129.6056785,119.9234277,1.505232208,1.372165401,190,53.875,63.78212916,69.22382177,8703.0858,5697.79475,1606.170691,857.4140331,1.217587729,1.332853378,22558.571,1837.89275,7471.279727,4326.510473,88.64,76.903125,68.70012109,60.25545023,1.416346443,1.32535405,135.3,31.8625,52.04919212,46.87290985,15.2444,12.93675,7.155184236,5.286027091,1.305770395,1.168017505,27.478,6.8695,10.43140093,10.2626298,58.405316,37.725395,11.54083778,6.201201757,1.137426719,1.19548376,149.97342,17.274605,53.58002617,36.22690297,3.8,3.34375,3.519482029,3.147515045,1.535190849,1.468385679,4,1.0625,1.469693846,1.188732913,FALSE
sm1fe0.97mn0.03as1f0.12o0.88,31.3,152000,iron_1111,Iron-based,6,61.84374137,74.36466793,46.79896793,56.60983733,1.544638257,1.212822043,134.3606,37.17796466,44.77212415,48.69595977,992.55,900.31475,921.7791179,850.7208275,1.717730344,1.516974709,1139.9,283.506,390.029079,306.2301273,126.5,138.8575,105.4355663,118.9391724,1.637258094,1.32228071,196,58.2925,68.25381552,69.16850579,4737.854167,5235.83526,426.3120807,833.6141821,1.380403036,1.139170017,7872.571,1909.39412,3415.219522,3123.426139,103.6166667,78.16725,41.29626028,56.6702143,1.257272799,1.430828658,328,31.33875,110.851709,62.68370285,10.61366667,12.55214,3.678010848,5.205308953,1.330668342,1.045632988,27.478,6.9172,9.384715973,9.991503986,24.95904667,34.9719286,2.574409641,5.980370316,1.071522337,0.930502974,78.97342,19.156669,29.52842532,30.95321572,3,3.2275,2.667168275,3.023199228,1.692019808,1.400957979,4,1.22,1.290994449,1.138307406,FALSE
sm1fe1as1f0.15o0.85,44.48888889,152000,iron_1111,Iron-based,5,63.22488064,74.39396262,45.32198164,56.68978902,1.320880339,1.191692208,134.3606,36.87755988,48.92858518,48.66702593,1047.7,903.38375,969.3321987,852.6610192,1.534817833,1.511323071,1139.9,216.03375,405.3370005,311.361257,119.6,138.775,96.87671122,118.7920051,1.422178792,1.287596715,196,57.925,72.83295957,69.2188513,4191.425,5238.867263,240.4412888,835.0156358,1.091205063,1.090498427,7872.571,1968.4364,3493.559825,3125.783717,124.04,79.6875,80.14466494,58.08057912,1.243321221,1.455099369,312.3,25.98125,110.6483005,65.98067781,10.0964,12.556925,2.848530151,5.213218802,1.034839365,1.010332304,27.478,6.91525,10.20206272,9.991578574,28.410856,35.506687,2.067830985,6.087598984,0.915950053,0.914357996,78.97342,19.74896125,31.2221645,31.09301139,2.8,3.2125,2.459509486,3.00104151,1.494403211,1.366078183,4,1.2125,1.326649916,1.147755963,FALSE
sn0.97as0.022te0.978,0.0332,95000,chalcogenide,Chalcogenide,3,107.0772,122.6344037,104.307373,122.412391,1.074135921,0.728442824,52.6784,62.50991107,23.02527573,6.726599275,841.1333333,790.6864975,835.0635887,786.4611326,1.091531594,0.749271372,238,420.8454822,99.14102189,81.63941413,127.3333333,133.7319797,126.6852312,133.26739,1.09345283,0.737314719,31,70.12284264,13.02134999,11.13749977,6425.666667,6761.123858,6392.583114,6739.249959,1.093404645,0.737312998,1583,3535.383756,659.4575212,543.2323216,126.6666667,149.6282234,118.3602968,143.6248908,1.03055648,0.685975014,112.2,94.28101523,47.51577516,41.88590031,17.4,12.44385787,15.02698845,11.20276723,0.972064022,0.698284845,20.7,8.378477157,8.45103544,5.466518797,40,35.03756345,21.58019447,14.28801246,0.782396804,0.25690544,64,32.43147208,27.06781607,31.86025339,5,5.004060914,4.932424149,4.904132096,1.085188613,0.72596362,2,2.92284264,0.816496581,0.994392275,FALSE
sn1,3.809,1800000,conventional_simple_metal,Conventional / Alloys,1,118.71,118.71,118.71,118.71,0,0,0,0,0,0,708.2,708.2,708.2,708.2,0,0,0,0,0,0,145,145,145,145,0,0,0,0,0,0,7310,7310,7310,7310,0,0,0,0,0,0,108.8,108.8,108.8,108.8,0,0,0,0,0,0,7,7,7,7,0,0,0,0,0,0,67,67,67,67,0,0,0,0,0,0,4,4,4,4,0,0,0,0,0,0,FALSE
sr0.6k0.4fe2as2,38,91981,iron_122,Iron-based,4,64.371225,65.948904,61.53017008,64.43495882,1.343730798,1.162434566,48.5217,26.840776,18.46099403,13.67742749,668.2,781.48,637.3638617,760.3211865,1.340545233,1.061918079,527.7,345,201.3116614,167.5691189,183,153.72,175.3961109,148.4955966,1.346156471,1.289936994,129,42.96,50.95586325,42.21612962,4271.75,5824.48,3174.227331,5089.107542,1.161411154,0.909681038,7018,3081.12,2713.698986,2209.851038,38.2825,43.4556,25.83612194,30.7606746,1.085828408,0.81205367,72.97,31.0164,28.66418355,31.02200085,12.9575,17.7464,9.18758121,14.81503952,1.115043996,0.862991241,25.37,10.8936,9.428304129,8.733361268,66,63.8,60.97703247,60.80327942,1.311775878,1.15109335,65,27.4,25.20912533,19.31217233,2.75,3.52,2.340347319,3.21040707,1.240684292,0.9571786,4,1.92,1.479019946,1.330263132,FALSE
sr1fe1.85ni0.15as2,8.93,91981,iron_122,Iron-based,4,69.27,69.916092,68.10766072,68.83436881,1.36929131,1.162903983,31.775,28.207838,12.85260844,12.23701612,747.625,791.233,734.027825,776.2974286,1.368380233,1.094348814,397.2,356.394,140.6646078,147.6962038,159.5,151.59,155.2083058,147.0626722,1.358810276,1.191649019,105,53.25,37.85828839,38.48924395,6284.75,5997.42,5701.178486,5587.888492,1.304385829,1.070422469,6278,2646.14,2401.845059,1963.230242,54.1825,42.875,31.7286179,27.66463145,1.013231382,0.812301024,106.97,30.494,44.15316431,34.5585135,16.675,18.302,15.14412977,16.46004508,1.294776495,0.973644005,19.7,10.564,7.164975576,8.005672739,63.75,58.96,59.55615247,56.14290443,1.322781475,1.10985235,56,26.5,22.30891078,18.06428521,3,3.57,2.783157684,3.35243036,1.308605387,1.001749618,3,1.94,1.224744871,1.226825171,FALSE
tl0.5ba2ca3cu4zn0.5o12,110.5,320000,cuprate_Tl_based,Cuprates,6,87.78561667,44.36120227,64.90687527,30.99615582,1.534099632,1.63509312,188.3839,10.99836364,63.98986468,43.42688482,774.1166667,1011.715909,732.5641988,947.5491251,1.733900099,0.991277628,810.6,702.8522727,274.1326894,338.6596273,156.3333333,108.7727273,140.1169705,86.93897698,1.704239241,1.574677836,205,23.22727273,61.68918508,72.18375026,5501.904833,2591.915818,1344.000001,55.04006358,1.435245352,1.165340382,11848.571,1628.311455,4178.926522,3698.147983,50.65333333,101.9640909,17.7919077,59.55421918,1.138284462,0.650492368,141,77.69318182,57.69476916,57.67852812,6.902,4.657227273,4.278433567,1.229064491,1.574259224,1.273438467,12.878,2.286363636,3.967109779,5.189511314,130.6710967,105.4235891,24.4048471,1.338766194,1.232489231,0.812082476,399.97342,72.71277455,138.0763,154.3895721,2.166666667,2.022727273,2.139826388,2.018515412,1.778233306,1.327786803,1,1.045454545,0.372677996,0.149032694,FALSE
tl0.6sr2ca2cu3.4o,83.5,320000,cuprate_Tl_based,Cuprates,5,82.32534,67.78686444,59.24194687,57.13162895,1.318400999,1.410580777,188.3839,22.22855556,65.51764753,42.50556935,757.08,719.5822222,714.6536578,692.8262513,1.546254344,1.460367879,764.1,242.1844444,286.0078838,225.2894645,152.4,162.2888889,135.7675361,150.6706861,1.521257881,1.368210237,171,49.44444444,58.53750934,50.05047329,4998.2858,5103.936556,908.3834374,1781.779383,1.131521093,0.991556143,11848.571,3384.730111,4584.957957,3963.699545,58.7,64.82,24.56098093,26.55033867,1.045283648,0.819099522,138.63,44.43555556,59.8997793,59.38791684,6.8124,8.929111111,3.839584976,6.290426241,1.345508467,1.102414564,12.878,4.924222222,4.340205414,4.088048392,136.205316,206.4029533,20.27188659,59.32909823,1.00735914,0.745184825,399.97342,151.1081578,148.7155407,164.7557075,2.2,2.066666667,2.168943542,2.054799318,1.594166699,1.494680989,1,0.555555556,0.4,0.249443826,FALSE
tl0.8mo0.2sr2ca1cu2o7,50,320000,cuprate_Tl_based,Cuprates,6,84.59778333,49.00803385,64.2006574,33.15882792,1.554000009,1.610777438,188.3839,12.00369231,60.02462085,48.72630291,745.0333333,998.2446154,709.5891659,932.4443477,1.737586799,1.010595617,764.1,696.5184615,262.4741934,344.9301321,158.6666667,109.2923077,143.5893448,87.87679976,1.717464884,1.610472295,171,30.76923077,55.24390364,69.69289183,5878.5715,2790.461769,1361.09945,59.63438961,1.40518318,1.278737506,11848.571,1377.692077,4625.225846,4010.048866,61.15,98.88230769,29.47728179,57.52152646,1.336647921,0.681277599,138.63,76.43307692,54.95451574,59.03460044,11.677,4.834923077,5.575544929,1.238250617,1.346909595,1.480504437,35.778,1.895846154,11.5766785,6.287437615,136.6710967,87.29123538,27.94136423,1.264283952,1.291708177,0.927715391,399.97342,61.52414923,135.7620889,143.8348754,2.833333333,2.123076923,2.569796587,2.085483258,1.680767984,1.443056255,4,0.984615385,1.462494065,0.540873718,FALSE
tl1.4hg0.6ba2ca2cu3o,118,320000,cuprate_Tl_based,Cuprates,6,110.3206167,96.793802,78.24106661,74.31391538,1.535695486,1.57103042,188.3839,27.013722,74.99341813,64.9870138,790.8166667,715.996,745.4868168,685.089952,1.730903467,1.704507021,810.6,163.14,284.5020294,235.6580582,161.1666667,169.8,144.5246856,156.9409167,1.707333894,1.581146968,205,45.8,61.51264549,56.53635998,6567.5715,6171.1829,1495.158598,2325.570598,1.408218385,1.379794683,13532.571,2687.8571,5160.715157,4426.601538,50.65333333,57.072,17.7919077,24.49945678,1.138284462,1.015112713,141,35.88,57.69476916,56.54267677,6.058666667,7.9856,3.52270398,5.566359958,1.495878434,1.279253298,12.878,3.9078,4.305622939,4.229501985,112.05443,170.540658,15.63599653,41.90489697,1.00469685,0.809816709,399.97342,119.997342,145.5860107,165.1697837,2.166666667,2.14,2.139826388,2.116814355,1.778233306,1.686131719,1,0.48,0.372677996,0.346987031,FALSE
tl1ba2ca1cu2o7,86.65,320000,cuprate_Tl_based,Cuprates,5,92.26674,58.32331538,64.81266197,35.9479624,1.323286609,1.458511688,188.3839,18.04430769,69.23265515,59.96365859,747.78,989.6153846,702.115184,917.7018629,1.54100619,0.971476091,810.6,661.7538462,293.2861361,355.9902134,159.2,114,139.7433718,89.57759278,1.507320792,1.525719741,205,26.92307692,67.21130857,78.06309086,5174.2858,2950.000231,962.3642484,62.47859048,1.165065441,1.161063129,11848.571,1377.692077,4506.89548,4065.766051,60.484,99.44384615,29.1775464,64.40415693,1.112638623,0.685418164,138.63,76.43307692,58.434336,57.68523402,6.8124,4.345692308,3.839584976,1.197991918,1.345508467,1.291312484,12.878,1.895846154,4.340205414,4.935203579,132.805316,83.24508154,17.74741317,1.12208556,0.949904122,0.784326088,399.97342,61.52414923,151.1646393,144.8281045,2.2,2.076923077,2.168943542,2.063362233,1.594166699,1.343270617,1,0.923076923,0.4,0.266469355,FALSE
tl1sr2ba2cu2c0.8n0.2o10,55,320000,cuprate_Tl_based,Cuprates,7,76.4133,52.9874,45.76750479,32.48918618,1.551716548,1.631377721,192.3726,15.10292556,67.68633034,55.32587762,883.6714286,1025.653333,816.4499531,954.5816446,1.868496154,1.089054547,899,713.9277778,349.8545523,350.1947211,134.8571429,107.4888889,112.3333622,83.88051616,1.783908022,1.649540802,205,27.48888889,75.55022657,78.0366359,4173.24,2437.363344,453.7456322,47.38733176,1.398759213,1.400909317,11848.749,995.5416556,4194.165657,3625.622394,66.99714286,103.0822222,33.47799409,67.76835755,1.45901967,0.807919634,148.87,79.07222222,63.46335652,58.15328075,19.84028571,8.260666667,4.351603661,1.205636275,0.894486715,1.275498166,104.778,4.662666667,35.02442071,21.35556616,91.29320143,59.12616478,7.30890397,0.78527943,1.075754722,0.88296699,399.97417,44.44415744,133.5899167,124.2684698,2.571428571,2.155555556,2.479396987,2.119085715,1.908036835,1.512502672,2,1.077777778,0.728431359,0.469304713,FALSE
tl1sr2ca0.1y0.9cu2o6.97,87,320000,cuprate_Tl_based,Cuprates,6,83.42209167,54.14450139,63.38884301,35.51448123,1.551992477,1.58416126,188.3839,15.44915189,59.85941393,52.8586685,733.4666667,997.8417116,697.0639122,932.329792,1.734698586,1.00321204,764.1,701.1077101,266.3738705,344.4750394,162.3333333,110.1588281,146.2354247,88.27448904,1.714071406,1.595134977,171,32.27447957,57.86958518,70.89555601,4910.5715,3023.882816,1184.789796,64.88262248,1.385563929,1.24656085,11848.571,1380.882025,4190.067846,4066.360779,54.1,99.85828836,25.54650471,65.04956847,1.260913126,0.713581533,138.63,76.54880493,55.63979062,57.13520636,7.577,4.553688512,4.603142062,1.227021405,1.571277597,1.363090679,12.878,1.954202005,4.315192348,5.153867813,116.3377633,73.36046743,19.6858102,1.056890518,1.097358473,0.633503198,399.97342,61.66651792,142.8420746,141.3190153,2.333333333,2.146491904,2.289428485,2.122393659,1.772139388,1.405688207,1,1.059367772,0.471404521,0.35359868,FALSE
tl2ba2ca1cu2o8,104.8166667,320000,cuprate_Tl_based,Cuprates,5,92.26674,65.23905333,64.81266197,38.24320797,1.323286609,1.383271966,188.3839,24.57924,69.23265515,67.89734704,747.78,984.4666667,702.115184,912.49541,1.54100619,0.986843711,810.6,661.0266667,293.2861361,357.0522738,159.2,112.4,139.7433718,89.16557027,1.507320792,1.561952075,205,20.8,67.21130857,75.41069774,5174.2858,3346.762133,962.3642484,68.89966317,1.165065441,1.106444512,11848.571,1579.237867,4506.89548,4475.404374,60.484,97.06466667,29.1775464,62.95705343,1.112638623,0.687370134,138.63,75.742,58.434336,58.43979191,6.8124,4.061066667,3.839584976,1.164037185,1.345508467,1.365753807,12.878,1.628266667,4.340205414,4.70773785,132.805316,75.214176,17.74741317,1.119893432,0.949904122,0.86640003,399.97342,53.31915733,151.1646393,136.6314804,2.2,2.133333333,2.168943542,2.111100119,1.594166699,1.353591352,1,0.933333333,0.4,0.339934634,FALSE
tl2ba2cu1o5.94,58,320000,cuprate_Tl_based,Cuprates,4,105.313925,76.9655426,73.08837625,42.83489449,1.125848179,1.157485322,188.3839,31.55581353,71.69592382,75.2909506,787.375,980.5862888,733.5131831,903.3757211,1.312111866,0.881338711,810.6,644.8641682,315.7247644,367.3399219,150.5,114.0877514,128.7400252,89.26460097,1.258780504,1.299963289,205,32.99817185,72.58271144,79.42063736,6080.35725,3627.832565,854.2626652,68.9164192,0.998141383,0.952088085,11848.571,2165.586082,4613.600137,4701.157253,74.6375,94.94058501,48.34852387,65.67389756,1.057683485,0.649006174,127.05,74.54753199,57.15423623,58.71839761,6.3805,3.548325411,3.144060445,1.062331829,1.044180734,1.178019324,12.878,1.341985375,4.755422247,4.248254166,116.006645,48.27768603,9.686376066,0.823953787,0.483727932,0.700405964,399.97342,36.54863938,164.7800306,112.8741042,2.25,2.182815356,2.213363839,2.153883364,1.368922361,1.201377904,1,0.903107861,0.433012702,0.386515073,FALSE
tl2ba2cu1o6,58.88888889,320000,cuprate_Tl_based,Cuprates,4,105.313925,76.633,73.08837625,42.60541747,1.125848179,1.158646411,188.3839,31.38369091,71.69592382,75.21947997,787.375,982.4,733.5131831,905.2205256,1.312111866,0.877226856,810.6,648.5090909,315.7247644,367.1544411,150.5,113.7272727,128.7400252,88.96303815,1.258780504,1.300360733,205,32.81818182,72.58271144,79.35317019,6080.35725,3608.052182,854.2626652,67.47472444,0.998141383,0.952104272,11848.571,2153.766,4613.600137,4695.920534,74.6375,95.2,48.34852387,65.95197731,1.057683485,0.64537039,127.05,74.91818182,57.15423623,58.66271466,6.3805,3.530181818,3.144060445,1.053298847,1.044180734,1.17877375,12.878,1.333454545,4.755422247,4.243729959,116.006645,48.01449818,9.686376066,0.808664223,0.483727932,0.700428338,399.97342,36.34913818,164.7800306,112.6219306,2.25,2.181818182,2.213363839,2.153012683,1.368922361,1.198849313,1,0.909090909,0.433012702,0.385694608,FALSE
tm1ni2b2c1,10.73222222,276000,borocarbide,Conventional / Alloys,4,62.6123275,53.32561833,33.6849002,30.57496951,0.886945925,1.010396316,158.12321,26.15391833,64.34983086,55.89406744,802.775,791.25,783.4384336,778.1004064,1.361663995,1.325969305,496.7,168.5666667,180.4059086,149.3469534,131.25,126.8333333,117.8374469,116.4947812,1.282006281,1.277841945,155,38.5,60.49121837,52.90373858,5737,5719.333333,4635.108629,4650.42342,1.200939281,1.151960795,7060,2592.666667,3380.879619,3329.501598,87.15,81.71666667,71.14195628,65.91101969,1.211444514,1.206163367,127.2,29.25,50.24542268,48.46082324,47.25,42.7,35.09532415,33.05591988,1.111595725,1.18104361,88.2,14.7,35.96119436,31.51502287,68.75,65.5,49.17513132,49.30578508,1.109606092,1.132769099,123,27.5,49.98187171,45.03239575,3,2.833333333,2.91295063,2.749459274,1.357977855,1.354581075,2,0.5,0.707106781,0.687184271,FALSE
v3si0.986sb0.014,10.5,212100,conventional_A15,Conventional / Alloys,3,66.929,45.55536075,55.84952829,44.12187047,0.926439798,0.477577337,93.6745,37.779965,39.87838265,10.83114533,756.4666667,684.24055,752.3178471,681.8354651,1.09323605,0.622007271,183.2,484.65845,77.65188701,59.1984151,138.3333333,156.077,136.1623098,153.5863706,1.082739353,0.483948701,60,127.7845,24.78350706,25.87968452,5045.666667,5180.2845,4568.347621,4819.197482,1.015025382,0.376740161,4367,4559.0605,1935.161722,1630.621256,97.3,72.7436,90.32609837,66.05484068,1.031900723,0.718164913,83,38.70855,34.28624603,35.80033434,30.9,29.54325,28.25107188,27.6824952,1.006258638,0.695125538,30.5,17.03105,13.70571657,11.81628344,68.33333333,60.309,48.14539249,45.68340906,0.765340763,0.676572166,126,36.891,57.81772124,51.30146703,4.666666667,4.7535,4.641588834,4.73240262,1.093374718,0.533976243,1,3.7325,0.471404521,0.430973027,FALSE
v75si20ga5,12.33,212100,conventional_A15,Conventional / Alloys,3,49.58333333,47.309375,46.37778306,45.93767722,1.036900512,0.617766304,41.6375,34.719975,17.02554579,10.43667822,671.6,673.71,666.2216343,671.3396655,1.090509877,0.708777301,207.3,458.64,85.98453349,58.23425023,139.3333333,157.25,137.178484,155.056017,1.08308099,0.578471249,60,121.45,24.60803843,24.33490292,4781.333333,5343.7,4380.407293,5029.900677,1.02412052,0.504503599,3780,4287.3,1735.393391,1507.509904,72.53333333,67.615,59.81207722,61.36249948,0.913165828,0.768755495,104.7,37.555,45.11956954,34.06800955,26.19666667,27.4195,18.56450857,24.88642245,0.833332532,0.709092383,44.61,16.8205,18.36964949,11.98421565,70,54.7,51.28027163,42.35058581,0.796152881,0.789317404,121,28.55,56.57443474,47.65196743,4,4.7,3.914867641,4.661176672,1.077556327,0.591498347,2,3.6,0.816496581,0.556776436,FALSE
y0.4pr0.6ba2cu4o8,37.875,273400,cuprate_YBCO,Cuprates,5,89.33718,51.79600867,70.56064655,35.15403217,1.444537168,1.412756297,124.90825,15.939444,46.91766658,45.2768628,740.52,1003.461333,692.5413311,938.4016071,1.53695956,0.900747781,810.6,683.9093333,298.6430069,339.8840064,181,113.5333333,155.9381993,89.36889012,1.499861141,1.425141014,205,33.01333333,76.79322887,78.22434972,4716.6858,3242.9488,1059.408482,72.3725227,1.323930243,0.832780409,8958.571,2388.5712,3015.110657,3851.139538,72.09,112.9226667,53.11608165,93.29450695,1.357428929,0.805944229,127.05,75.17066667,50.1110407,45.56076477,7.9244,5.2584,4.492557454,1.353559516,1.380830301,1.00020031,12.878,3.374933333,4.455304865,5.660522435,89.605316,110.054176,8.418911599,1.254251679,0.457810242,0.162804526,399.97342,106.6524907,155.3296092,174.9640307,2.6,2.106666667,2.491461879,2.078581044,1.56495725,1.273978634,2,0.986666667,0.8,0.418675159,FALSE
y0.6tb0.4ni2b2c1,3.52,276000,borocarbide,Conventional / Alloys,5,65.86926,44.655525,40.40446811,28.55742275,1.245408852,1.366526914,148.11435,17.56268333,55.08860102,41.12704733,761.3,792.5566667,741.3696299,779.72177,1.582122593,1.410642614,516.7,228.8,182.0135599,147.8871905,148,126.0333333,132.8800371,116.0628938,1.511980873,1.472940232,158,38.5,63.73068335,51.54123484,5263.8,5161.133333,4487.752587,4285.103241,1.463623237,1.251394882,6648,2592.666667,2811.563864,3030.73146,75.94,79.67666667,60.29103238,62.66908395,1.395620849,1.233178114,127.2,34.72333333,50.22288721,50.09181359,38.88,41.76,25.65684624,30.87567322,1.223406992,1.171985719,94.2,16.78,36.08093125,32.34688651,57.2,65.1,36.44810552,47.8954358,1.229952564,1.142871654,129,29.6,50.32057233,45.48578533,3,2.833333333,2.930156052,2.749459274,1.586784708,1.47334784,2,0.8,0.632455532,0.687184271,FALSE
y0.75eu0.25ba2cu4o8,78,273400,cuprate_YBCO,Cuprates,5,91.54845,50.76690583,71.6347551,34.82211533,1.436886213,1.396615017,135.9646,15.77753333,49.48634927,43.93927913,744.58,1005.871667,697.8002346,942.4138259,1.539124812,0.90217163,810.6,691.205,295.8319618,336.7601526,177.8,112.45,153.8634692,88.95148225,1.503048458,1.40333049,205,34.81666667,74.26816276,76.56074386,4437.4858,3169.095467,1010.560611,71.42656112,1.322251658,0.783504823,8958.571,2388.5712,2885.952907,3803.446658,72.09,112.4466667,53.11608165,92.20298493,1.357428929,0.792043673,127.05,75.14166667,50.1110407,46.30055603,8.4044,5.4034,4.76892411,1.376340497,1.394541122,1.025131808,12.878,3.374933333,4.448361208,5.750222017,89.805316,110.164176,8.54462261,1.26368714,0.464593129,0.166329041,399.97342,106.6524907,155.2314574,174.9040824,2.4,2.066666667,2.352158045,2.054799318,1.589026915,1.235569115,1,1.016666667,0.489897949,0.249443826,FALSE
y0.75pr0.25ni2b2c1,7.7,276000,borocarbide,Conventional / Alloys,5,62.26572,42.1543,39.44370237,28.00496265,1.273514674,1.337249704,130.09665,17.56268333,49.15316144,35.3502989,752.82,791.95,729.9758777,778.7346188,1.578167782,1.392722014,559.1,244.7916667,191.5149749,149.232143,152.4,126.625,135.3825305,116.3416797,1.501758077,1.450125717,180,39.375,69.40201726,52.89282599,4948,5001.666667,4300.299719,4183.048558,1.478144301,1.20580317,6648,2692.666667,2537.184581,2939.30829,75.94,79.16666667,60.29103238,61.88382873,1.395620849,1.217197526,127.2,35.6875,50.22288721,50.47844975,38.1,41.6125,23.45785722,30.3456319,1.185242124,1.153762834,98.1,17.2125,36.71610001,32.49731159,57.6,65.33333333,37.68643816,48.75773017,1.243464931,1.148173964,127,29.79166667,49.95838268,45.21860482,3.2,2.875,3.103691148,2.782614679,1.580818536,1.475898828,2,0.833333333,0.748331477,0.725287299,FALSE
y1ba1.5la0.5cu3o7.22,36.6,273400,cuprate_YBCO,Cuprates,5,88.936744,50.71881641,70.35897547,34.49909155,1.445824393,1.525899311,122.90607,10.32812141,46.48233522,44.17253174,743.42,1010.233132,696.3138494,945.4726357,1.538526557,0.925447652,810.6,696.6741301,296.615154,339.7460569,170.6,111.2375189,148.7373524,87.88724409,1.506997782,1.509612101,205,25.52950076,70.40624972,75.87035791,4617.8858,3003.049726,1043.153792,63.5702351,1.324548305,0.978131389,8958.571,2032.502467,2958.021492,3679.56679,71.69,111.0117247,52.69696748,91.18927562,1.354051962,0.809657501,127.05,76.07223903,50.28149162,47.13542463,7.8044,5.102332829,4.411557372,1.285894028,1.374615052,1.15430468,12.878,2.851524962,4.489231275,5.61514048,89.605316,94.60604445,8.418911599,1.017888414,0.457810242,0.209608145,399.97342,90.75704179,155.3296092,165.599925,2.4,2.113464448,2.352158045,2.094161124,1.589026915,1.30768072,1,0.97881997,0.489897949,0.317159687,FALSE
y1ba2cu2.4ni0.6o6.94,66,273400,cuprate_YBCO,Cuprates,5,72.89433,51.18409011,59.22342104,34.93309202,1.447755744,1.428150634,121.3276,18.50370634,39.83472978,44.17908826,782.44,1001.780062,740.5402853,935.5802802,1.551120038,0.979056719,810.6,670.107728,279.7887389,342.8494895,161.4,115.0324575,140.9452285,90.05908205,1.503018995,1.488078836,205,32.19474498,69.61781381,79.3638961,5170.2858,2963.733946,1123.5331,67.51509039,1.309543213,1.162573407,8958.571,1661.057399,3414.488945,3638.037435,84.49,108.7179289,62.21050924,86.12015382,1.390184291,0.887079777,127.05,74.03786708,51.14219784,49.46100086,9.9844,5.463731066,5.392988709,1.36522497,1.372938072,1.355145909,16.978,2.310612056,5.709957394,5.971212038,105.205316,82.51811941,12.42440379,1.041363473,0.738693888,0.429401339,399.97342,74.17430717,150.7005031,152.7172835,2.2,2.077279753,2.168943542,2.063660657,1.594166699,1.315943971,1,0.979907264,0.4,0.267034815,FALSE
y1ba2cu2.895mo0.105o,52.5,273400,cuprate_YBCO,Cuprates,5,80.34765,81.94296,65.34218983,68.6527545,1.462780669,1.177140089,121.3276,37.79688571,39.96655428,40.58897845,772.16,737.4541429,729.8981733,701.5369908,1.549144528,1.344513501,810.6,297.8387143,282.2324333,255.5465332,169.6,172.2464286,147.9666511,153.8786026,1.507123035,1.233566635,205,69.43571429,70.08737404,67.86757053,5444.6858,5501.718429,1156.187988,1783.750774,1.294858164,0.927057051,10278.571,3705.395857,3743.150244,3300.824797,76.47,79.9025,57.01692559,56.02202908,1.382087496,1.024138667,127.05,48.48621429,49.06613496,52.43259783,13.7444,9.903785714,6.251501243,6.32484657,1.221535006,1.142247239,35.778,5.386071429,11.97561378,5.40245227,114.805316,175.0887971,13.52291253,26.16055899,0.808380884,0.269571178,399.97342,165.4247743,151.0183418,189.5758791,3,2.202857143,2.701920077,2.154481199,1.494365083,1.431888954,4,0.737142857,1.549193338,0.584556347,FALSE
y1ba2cu2.94ga0.06o7,87.29666667,273400,cuprate_YBCO,Cuprates,5,75.10025,51.27417462,61.29864157,34.95022696,1.456707899,1.322053906,121.3276,20.80543231,39.28890171,44.20204255,750.94,1002.855538,705.7326708,936.4667795,1.542128063,0.903568248,810.6,704.3829231,291.8284743,343.1604299,158.8,114.4969231,138.3951612,89.65867043,1.499364398,1.36700341,205,38.29538462,70.27204281,79.22177725,4569.4858,2938.357154,1034.806385,66.21456576,1.32440301,0.864280339,8958.571,2025.569,2934.508465,3621.698277,67.87,108.7561538,47.8012552,85.9930292,1.307748646,0.768508173,127.05,76.59046154,52.49885332,49.72738837,7.6624,5.215646154,4.307310535,1.331675179,1.365378643,1.074605927,12.878,2.936815385,4.545448607,5.623267128,92.805316,94.68662,9.884321853,1.083097659,0.549028713,0.216655892,399.97342,90.44722615,153.8764877,165.2120402,2.4,2.081538462,2.352158045,2.067227178,1.589026915,1.232428132,1,1.063076923,0.489897949,0.273660265,FALSE
y1ba2cu2.9ni0.1o6.93,72.5,273400,cuprate_YBCO,Cuprates,5,72.89433,51.39895066,59.22342104,35.061733,1.447755744,1.330494226,121.3276,20.78767672,39.83472978,44.22698903,782.44,1001.879582,740.5402853,935.7649115,1.551120038,0.919262971,810.6,698.0791183,279.7887389,342.6134241,161.4,114.929621,140.9452285,90.00815608,1.503018995,1.383058965,205,37.98143852,69.61781381,79.31030326,5170.2858,2968.035806,1123.5331,67.73194571,1.309543213,0.914742791,8958.571,2008.82421,3414.488945,3641.806917,84.49,108.9392885,62.21050924,86.26942227,1.390184291,0.8011435,127.05,75.49690642,51.14219784,49.51062433,9.9844,5.309238979,5.392988709,1.35282413,1.372938072,1.142519413,16.978,2.819144625,5.709957394,5.706697185,105.205316,94.53087389,12.42440379,1.105859035,0.738693888,0.250727623,399.97342,89.69959788,150.7005031,164.5781388,2.2,2.07733952,2.168943542,2.063710668,1.594166699,1.237297179,1,1.05645785,0.4,0.267129405,FALSE
y1ba2cu3o6.52,55.898,273400,cuprate_YBCO,Cuprates,4,76.4445625,52.5969599,59.35667247,35.99705814,1.199540745,1.285817479,121.3276,14.83611422,43.82335412,44.47879381,794,991.758147,741.6293489,925.528475,1.315004308,0.917404582,810.6,634.6654952,311.7434923,343.3903852,164.5,117.0894569,139.0005138,91.86051925,1.256700567,1.336971427,205,23.48242812,77.52580216,79.64107773,4235.85725,3065.600406,669.5565878,76.85832396,1.015407123,0.812664563,8958.571,2146.220681,3194.938946,3661.190296,77.2375,107.8913738,53.52796465,84.90036755,1.105182174,0.782993517,127.05,71.74121406,54.83075523,49.94384008,8.1805,5.443086262,4.035568999,1.432187927,1.112098197,1.038590067,12.878,3.023367412,4.948155288,5.667708382,108.756645,100.0937142,7.55238461,1.264325258,0.336261916,0.203060179,399.97342,95.83280339,168.3010468,168.5074098,2.25,2.079872204,2.213363839,2.065831012,1.368922361,1.22128619,1,0.801916933,0.433012702,0.271095252,FALSE
y1ba2cu3o6.54,52.06666667,273400,cuprate_YBCO,Cuprates,4,76.4445625,52.53859059,59.35667247,35.95053399,1.199540745,1.286087256,121.3276,14.81245215,43.82335412,44.4672979,794,992.2706539,741.6293489,926.0449387,1.315004308,0.916252011,810.6,635.7475279,311.7434923,343.3559648,164.5,116.9792663,139.0005138,91.76547446,1.256700567,1.337106249,205,23.44497608,77.52580216,79.62528602,4235.85725,3060.71337,669.5565878,76.37138884,1.015407123,0.812670155,8958.571,2142.795402,3194.938946,3660.312381,77.2375,107.946571,53.52796465,84.97051902,1.105182174,0.782131904,127.05,71.85406699,54.83075523,49.92310211,8.1805,5.434759171,4.035568999,1.427935877,1.112098197,1.038773251,12.878,3.018191388,4.948155288,5.667017973,108.756645,99.93411748,7.55238461,1.256561324,0.336261916,0.203063861,399.97342,95.67991761,168.3010468,168.4203236,2.25,2.079744817,2.213363839,2.065724312,1.368922361,1.220472634,1,0.803827751,0.433012702,0.270897731,FALSE
y1ba2cu3o6.9,90.47673913,273400,cuprate_YBCO,Cuprates,4,76.4445625,51.51889225,59.35667247,35.1474002,1.199540745,1.290691166,121.3276,14.3990814,43.82335412,44.25356654,794,1001.224031,741.6293489,935.1140767,1.315004308,0.89598711,810.6,654.6503876,311.7434923,342.6304359,164.5,115.0542636,139.0005138,90.12083947,1.256700567,1.339242805,205,22.79069767,77.52580216,79.32421061,4235.85725,2975.337992,669.5565878,68.3455537,1.015407123,0.81277042,8958.571,2082.956581,3194.938946,3643.884029,77.2375,108.9108527,53.52796465,86.20544292,1.105182174,0.766899509,127.05,73.8255814,54.83075523,49.54949564,8.1805,5.289286822,4.035568999,1.355657374,1.112098197,1.042033757,12.878,2.927767442,4.948155288,5.652964503,108.756645,97.14600016,7.55238461,1.128365668,0.336261916,0.203129932,399.97342,93.0090386,168.3010468,166.866992,2.25,2.07751938,2.213363839,2.063861173,1.368922361,1.20586466,1,0.837209302,0.433012702,0.267413772,FALSE
y1ba2cu3o7,85.46979091,273400,cuprate_YBCO,Cuprates,4,76.4445625,51.24566538,59.35667247,34.93526616,1.199540745,1.291888138,121.3276,14.28831923,43.82335412,44.19212522,794,1003.623077,741.6293489,937.5591924,1.315004308,0.890516212,810.6,659.7153846,311.7434923,342.3960014,164.5,114.5384615,139.0005138,89.68519077,1.256700567,1.339742693,205,22.61538462,77.52580216,79.23539942,4235.85725,2952.461769,669.5565878,66.34216896,1.015407123,0.812798146,8958.571,2066.922846,3194.938946,3639.129247,77.2375,109.1692308,53.52796465,86.5393773,1.105182174,0.762761032,127.05,74.35384615,54.83075523,49.44571436,8.1805,5.250307692,4.035568999,1.33691978,1.112098197,1.042927359,12.878,2.903538462,4.948155288,5.648556567,108.756645,96.39892769,7.55238461,1.096295409,0.336261916,0.203148214,399.97342,92.29338,168.3010468,166.4403826,2.25,2.076923077,2.213363839,2.063362233,1.368922361,1.201823024,1,0.846153846,0.433012702,0.266469355,FALSE
yb1rh1.4sn4.6,8.6,5000,heavy_fermion_Yb,Heavy Fermion,3,131.5565,123.3125286,128.3421109,121.7481769,1.073346207,0.910663546,70.1485,57.42832857,30.04416122,21.22896458,676.9,695.4314286,674.7890258,694.310852,1.095551595,0.853486637,116.5,379.2457143,52.45842799,37.99351653,180,161.6,177.2511357,159.6357096,1.08316133,0.961041244,77,63.57142857,31.82242396,26.98592226,8776.666667,8232.285714,8424.627344,8008.405524,1.056318318,0.923583389,5880,3865.142857,2614.94848,2124.038049,90.5,101.0942857,85.41096668,98.20214602,1.047386689,0.768785296,59.7,64.14,27.59456468,20.2685815,12.13333333,10.04,10.53617155,8.897820075,0.954007136,0.962426231,14.7,3.5,6.77068846,5.834929305,85.33333333,79.6,73.18300241,72.86269135,0.950690711,0.881452053,111,38.45714286,47.13338048,36.48342089,4.333333333,4.257142857,4.160167646,4.163224707,1.057905425,0.885775661,3,2.2,1.247219129,0.93634112,FALSE
yb3rh4sn13,7.833333333,5000,heavy_fermion_Yb,Heavy Fermion,3,131.5565,123.7007,128.3421109,122.0763996,1.073346207,0.920447481,70.1485,56.5804,30.04416122,21.63423001,676.9,694.68,674.7890258,693.5137979,1.095551595,0.86424263,116.5,369.88,52.45842799,38.76601089,180,162.15,177.2511357,160.1221336,1.08316133,0.970061986,77,60.95,31.82242396,27.42311981,8776.666667,8227,8424.627344,8002.302617,1.056318318,0.932969748,5880,3766,2614.94848,2127.244932,90.5,100.685,85.41096668,97.6789143,1.047386689,0.778686707,59.7,62.995,27.59456468,20.68313987,12.13333333,10.045,10.53617155,8.903879657,0.954007136,0.970007853,14.7,3.395,6.77068846,5.832621623,85.33333333,79.4,73.18300241,72.58160451,0.950690711,0.889317351,111,37.7,47.13338048,36.62840428,4.333333333,4.25,4.160167646,4.154678596,1.057905425,0.895439651,3,2.15,1.247219129,0.942072184,FALSE
