number_of_elements,mean_atomic_mass,wtd_mean_atomic_mass,gmean_atomic_mass,wtd_gmean_atomic_mass,entropy_atomic_mass,wtd_entropy_atomic_mass,range_atomic_mass,wtd_range_atomic_mass,std_atomic_mass,wtd_std_atomic_mass,mean_fie,wtd_mean_fie,gmean_fie,wtd_gmean_fie,entropy_fie,wtd_entropy_fie,range_fie,wtd_range_fie,std_fie,wtd_std_fie,mean_atomic_radius,wtd_mean_atomic_radius,gmean_atomic_radius,wtd_gmean_atomic_radius,entropy_atomic_radius,wtd_entropy_atomic_radius,range_atomic_radius,wtd_range_atomic_radius,std_atomic_radius,wtd_std_atomic_radius,mean_Density,wtd_mean_Density,gmean_Density,wtd_gmean_Density,entropy_Density,wtd_entropy_Density,range_Density,wtd_range_Density,std_Density,wtd_std_Density,mean_ElectronAffinity,wtd_mean_ElectronAffinity,gmean_ElectronAffinity,wtd_gmean_ElectronAffinity,entropy_ElectronAffinity,wtd_entropy_ElectronAffinity,range_ElectronAffinity,wtd_range_ElectronAffinity,std_ElectronAffinity,wtd_std_ElectronAffinity,mean_FusionHeat,wtd_mean_FusionHeat,gmean_FusionHeat,wtd_gmean_FusionHeat,entropy_FusionHeat,wtd_entropy_FusionHeat,range_FusionHeat,wtd_range_FusionHeat,std_FusionHeat,wtd_std_FusionHeat,mean_ThermalConductivity,wtd_mean_ThermalConductivity,gmean_ThermalConductivity,wtd_gmean_ThermalConductivity,entropy_ThermalConductivity,wtd_entropy_ThermalConductivity,range_ThermalConductivity,wtd_range_ThermalConductivity,std_ThermalConductivity,wtd_std_ThermalConductivity,mean_Valence,wtd_mean_Valence,gmean_Valence,wtd_gmean_Valence,entropy_Valence,wtd_entropy_Valence,range_Valence,wtd_range_Valence,std_Valence,wtd_std_Valence,critical_temp,material,#,Sub-family,Family,vF (m/s),vF (eV·Å),Tc (K),Method,Reliability
4,76.5177175,56.8088170714286,59.3100961333418,35.7734324182576,1.19727303349869,0.981879783570863,122.90607,34.8331599285714,44.2894585275144,52.5332069817455,787.05,1011.54071428571,734.219624171273,940.294344338809,1.31300802421591,0.786865234305601,772.0,738.578571428571,314.505965762178,353.819831451067,151.75,104.371428571429,131.302196551623,84.1108347003322,1.27527399052522,1.16005975115976,171,46.8428571428571,65.5796271718588,67.1114577035996,4434.35725,2961.47371428571,674.484751445268,53.4270174887903,0.995982779568411,0.769628332487839,8958.571,1623.48342857143,3402.85619588643,3581.84892090518,79.6075,111.779214285714,48.4772646848066,98.4119621279586,1.09667176877521,0.777657155958259,135.97,81.2886428571429,54.3730969207199,42.5578923529527,6.9055,3.83471428571429,3.47947484936327,1.03921119227177,1.08857534188499,0.96403104867923,12.878,1.74457142857143,4.59906411675245,4.6583013524026,112.006645,61.34376,8.33981834610162,0.629441022509672,0.403693221013522,0.283412116654505,399.97342,57.1276685714286,166.742351106334,138.437713993087,2.25,2.26428571428571,2.21336383940064,2.2262216392083,1.36892236074022,1.04883427304761,1,1.1,0.433012701892219,0.440952123830019,39.0,la1.85sr0.15cu1o4,29,cuprate_LSCO,cuprate,245000,1.6125,31.6,ARPES measured,High
4,76.5177175,56.8088170714286,59.3100961333418,35.7734324182576,1.19727303349869,0.981879783570863,122.90607,34.8331599285714,44.2894585275144,52.5332069817455,787.05,1011.54071428571,734.219624171273,940.294344338809,1.31300802421591,0.786865234305601,772.0,738.578571428571,314.505965762178,353.819831451067,151.75,104.371428571429,131.302196551623,84.1108347003322,1.27527399052522,1.16005975115976,171,46.8428571428571,65.5796271718588,67.1114577035996,4434.35725,2961.47371428571,674.484751445268,53.4270174887903,0.995982779568411,0.769628332487839,8958.571,1623.48342857143,3402.85619588643,3581.84892090518,79.6075,111.779214285714,48.4772646848066,98.4119621279586,1.09667176877521,0.777657155958259,135.97,81.2886428571429,54.3730969207199,42.5578923529527,6.9055,3.83471428571429,3.47947484936327,1.03921119227177,1.08857534188499,0.96403104867923,12.878,1.74457142857143,4.59906411675245,4.6583013524026,112.006645,61.34376,8.33981834610162,0.629441022509672,0.403693221013522,0.283412116654505,399.97342,57.1276685714286,166.742351106334,138.437713993087,2.25,2.26428571428571,2.21336383940064,2.2262216392083,1.36892236074022,1.04883427304761,1,1.1,0.433012701892219,0.440952123830019,35.5,la1.85sr0.15cu1o4,29,cuprate_LSCO,cuprate,245000,1.6125,31.6,ARPES measured,High
4,76.4445625,51.2456653846154,59.3566724745425,34.93526616493,1.1995407452483,1.29188813799544,121.3276,14.2883192307692,43.8233541228786,44.1921252152174,794.0,1003.62307692308,741.629348855485,937.559192443233,1.31500430814302,0.890516212329374,810.6,659.715384615385,311.743492313793,342.396001400641,164.5,114.538461538462,139.000513752081,89.6851907721419,1.25670056650299,1.339742693422,205,22.6153846153846,77.5258021564434,79.2353994166121,4235.85725,2952.46176923077,669.556587809389,66.3421689582226,1.01540712310099,0.812798145814768,8958.571,2066.92284615385,3194.93894591629,3639.1292471846,77.2375,109.169230769231,53.5279646494387,86.5393772975223,1.10518217403612,0.762761032074798,127.05,74.3538461538461,54.8307552268797,49.4457143606911,8.1805,5.25030769230769,4.03556899860879,1.33691977973836,1.11209819664271,1.04292735932209,12.878,2.90353846153846,4.9481552875794,5.64855656694176,108.756645,96.3989276923077,7.55238461047956,1.09629540931362,0.336261915781173,0.203148213514574,399.97342,92.29338,168.301046773239,166.440382618967,2.25,2.07692307692308,2.21336383940064,2.06336223306145,1.36892236074022,1.20182302376485,1,0.846153846153846,0.433012701892219,0.266469355010596,90.0,y1ba2cu3o7,13,cuprate_YBCO,cuprate,273400,1.7994,86.0,ARPES measured (canonical vmid),High
4,76.4445625,51.2456653846154,59.3566724745425,34.93526616493,1.1995407452483,1.29188813799544,121.3276,14.2883192307692,43.8233541228786,44.1921252152174,794.0,1003.62307692308,741.629348855485,937.559192443233,1.31500430814302,0.890516212329374,810.6,659.715384615385,311.743492313793,342.396001400641,164.5,114.538461538462,139.000513752081,89.6851907721419,1.25670056650299,1.339742693422,205,22.6153846153846,77.5258021564434,79.2353994166121,4235.85725,2952.46176923077,669.556587809389,66.3421689582226,1.01540712310099,0.812798145814768,8958.571,2066.92284615385,3194.93894591629,3639.1292471846,77.2375,109.169230769231,53.5279646494387,86.5393772975223,1.10518217403612,0.762761032074798,127.05,74.3538461538461,54.8307552268797,49.4457143606911,8.1805,5.25030769230769,4.03556899860879,1.33691977973836,1.11209819664271,1.04292735932209,12.878,2.90353846153846,4.9481552875794,5.64855656694176,108.756645,96.3989276923077,7.55238461047956,1.09629540931362,0.336261915781173,0.203148213514574,399.97342,92.29338,168.301046773239,166.440382618967,2.25,2.07692307692308,2.21336383940064,2.06336223306145,1.36892236074022,1.20182302376485,1,0.846153846153846,0.433012701892219,0.266469355010596,92.0,y1ba2cu3o7,13,cuprate_YBCO,cuprate,273400,1.7994,86.0,ARPES measured (canonical vmid),High
4,76.4445625,51.2456653846154,59.3566724745425,34.93526616493,1.1995407452483,1.29188813799544,121.3276,14.2883192307692,43.8233541228786,44.1921252152174,794.0,1003.62307692308,741.629348855485,937.559192443233,1.31500430814302,0.890516212329374,810.6,659.715384615385,311.743492313793,342.396001400641,164.5,114.538461538462,139.000513752081,89.6851907721419,1.25670056650299,1.339742693422,205,22.6153846153846,77.5258021564434,79.2353994166121,4235.85725,2952.46176923077,669.556587809389,66.3421689582226,1.01540712310099,0.812798145814768,8958.571,2066.92284615385,3194.93894591629,3639.1292471846,77.2375,109.169230769231,53.5279646494387,86.5393772975223,1.10518217403612,0.762761032074798,127.05,74.3538461538461,54.8307552268797,49.4457143606911,8.1805,5.25030769230769,4.03556899860879,1.33691977973836,1.11209819664271,1.04292735932209,12.878,2.90353846153846,4.9481552875794,5.64855656694176,108.756645,96.3989276923077,7.55238461047956,1.09629540931362,0.336261915781173,0.203148213514574,399.97342,92.29338,168.301046773239,166.440382618967,2.25,2.07692307692308,2.21336383940064,2.06336223306145,1.36892236074022,1.20182302376485,1,0.846153846153846,0.433012701892219,0.266469355010596,93.0,y1ba2cu3o7,13,cuprate_YBCO,cuprate,273400,1.7994,86.0,ARPES measured (canonical vmid),High
4,76.4445625,51.2456653846154,59.3566724745425,34.93526616493,1.1995407452483,1.29188813799544,121.3276,14.2883192307692,43.8233541228786,44.1921252152174,794.0,1003.62307692308,741.629348855485,937.559192443233,1.31500430814302,0.890516212329374,810.6,659.715384615385,311.743492313793,342.396001400641,164.5,114.538461538462,139.000513752081,89.6851907721419,1.25670056650299,1.339742693422,205,22.6153846153846,77.5258021564434,79.2353994166121,4235.85725,2952.46176923077,669.556587809389,66.3421689582226,1.01540712310099,0.812798145814768,8958.571,2066.92284615385,3194.93894591629,3639.1292471846,77.2375,109.169230769231,53.5279646494387,86.5393772975223,1.10518217403612,0.762761032074798,127.05,74.3538461538461,54.8307552268797,49.4457143606911,8.1805,5.25030769230769,4.03556899860879,1.33691977973836,1.11209819664271,1.04292735932209,12.878,2.90353846153846,4.9481552875794,5.64855656694176,108.756645,96.3989276923077,7.55238461047956,1.09629540931362,0.336261915781173,0.203148213514574,399.97342,92.29338,168.301046773239,166.440382618967,2.25,2.07692307692308,2.21336383940064,2.06336223306145,1.36892236074022,1.20182302376485,1,0.846153846153846,0.433012701892219,0.266469355010596,91.85,y1ba2cu3o7,13,cuprate_YBCO,cuprate,273400,1.7994,86.0,ARPES measured (canonical vmid),High
4,76.4445625,51.2456653846154,59.3566724745425,34.93526616493,1.1995407452483,1.29188813799544,121.3276,14.2883192307692,43.8233541228786,44.1921252152174,794.0,1003.62307692308,741.629348855485,937.559192443233,1.31500430814302,0.890516212329374,810.6,659.715384615385,311.743492313793,342.396001400641,164.5,114.538461538462,139.000513752081,89.6851907721419,1.25670056650299,1.339742693422,205,22.6153846153846,77.5258021564434,79.2353994166121,4235.85725,2952.46176923077,669.556587809389,66.3421689582226,1.01540712310099,0.812798145814768,8958.571,2066.92284615385,3194.93894591629,3639.1292471846,77.2375,109.169230769231,53.5279646494387,86.5393772975223,1.10518217403612,0.762761032074798,127.05,74.3538461538461,54.8307552268797,49.4457143606911,8.1805,5.25030769230769,4.03556899860879,1.33691977973836,1.11209819664271,1.04292735932209,12.878,2.90353846153846,4.9481552875794,5.64855656694176,108.756645,96.3989276923077,7.55238461047956,1.09629540931362,0.336261915781173,0.203148213514574,399.97342,92.29338,168.301046773239,166.440382618967,2.25,2.07692307692308,2.21336383940064,2.06336223306145,1.36892236074022,1.20182302376485,1,0.846153846153846,0.433012701892219,0.266469355010596,91.95,y1ba2cu3o7,13,cuprate_YBCO,cuprate,273400,1.7994,86.0,ARPES measured (canonical vmid),High
4,76.4445625,51.2456653846154,59.3566724745425,34.93526616493,1.1995407452483,1.29188813799544,121.3276,14.2883192307692,43.8233541228786,44.1921252152174,794.0,1003.62307692308,741.629348855485,937.559192443233,1.31500430814302,0.890516212329374,810.6,659.715384615385,311.743492313793,342.396001400641,164.5,114.538461538462,139.000513752081,89.6851907721419,1.25670056650299,1.339742693422,205,22.6153846153846,77.5258021564434,79.2353994166121,4235.85725,2952.46176923077,669.556587809389,66.3421689582226,1.01540712310099,0.812798145814768,8958.571,2066.92284615385,3194.93894591629,3639.1292471846,77.2375,109.169230769231,53.5279646494387,86.5393772975223,1.10518217403612,0.762761032074798,127.05,74.3538461538461,54.8307552268797,49.4457143606911,8.1805,5.25030769230769,4.03556899860879,1.33691977973836,1.11209819664271,1.04292735932209,12.878,2.90353846153846,4.9481552875794,5.64855656694176,108.756645,96.3989276923077,7.55238461047956,1.09629540931362,0.336261915781173,0.203148213514574,399.97342,92.29338,168.301046773239,166.440382618967,2.25,2.07692307692308,2.21336383940064,2.06336223306145,1.36892236074022,1.20182302376485,1,0.846153846153846,0.433012701892219,0.266469355010596,89.7,y1ba2cu3o7,13,cuprate_YBCO,cuprate,273400,1.7994,86.0,ARPES measured (canonical vmid),High
4,76.4445625,51.2456653846154,59.3566724745425,34.93526616493,1.1995407452483,1.29188813799544,121.3276,14.2883192307692,43.8233541228786,44.1921252152174,794.0,1003.62307692308,741.629348855485,937.559192443233,1.31500430814302,0.890516212329374,810.6,659.715384615385,311.743492313793,342.396001400641,164.5,114.538461538462,139.000513752081,89.6851907721419,1.25670056650299,1.339742693422,205,22.6153846153846,77.5258021564434,79.2353994166121,4235.85725,2952.46176923077,669.556587809389,66.3421689582226,1.01540712310099,0.812798145814768,8958.571,2066.92284615385,3194.93894591629,3639.1292471846,77.2375,109.169230769231,53.5279646494387,86.5393772975223,1.10518217403612,0.762761032074798,127.05,74.3538461538461,54.8307552268797,49.4457143606911,8.1805,5.25030769230769,4.03556899860879,1.33691977973836,1.11209819664271,1.04292735932209,12.878,2.90353846153846,4.9481552875794,5.64855656694176,108.756645,96.3989276923077,7.55238461047956,1.09629540931362,0.336261915781173,0.203148213514574,399.97342,92.29338,168.301046773239,166.440382618967,2.25,2.07692307692308,2.21336383940064,2.06336223306145,1.36892236074022,1.20182302376485,1,0.846153846153846,0.433012701892219,0.266469355010596,89.9,y1ba2cu3o7,13,cuprate_YBCO,cuprate,273400,1.7994,86.0,ARPES measured (canonical vmid),High
4,76.4445625,51.2456653846154,59.3566724745425,34.93526616493,1.1995407452483,1.29188813799544,121.3276,14.2883192307692,43.8233541228786,44.1921252152174,794.0,1003.62307692308,741.629348855485,937.559192443233,1.31500430814302,0.890516212329374,810.6,659.715384615385,311.743492313793,342.396001400641,164.5,114.538461538462,139.000513752081,89.6851907721419,1.25670056650299,1.339742693422,205,22.6153846153846,77.5258021564434,79.2353994166121,4235.85725,2952.46176923077,669.556587809389,66.3421689582226,1.01540712310099,0.812798145814768,8958.571,2066.92284615385,3194.93894591629,3639.1292471846,77.2375,109.169230769231,53.5279646494387,86.5393772975223,1.10518217403612,0.762761032074798,127.05,74.3538461538461,54.8307552268797,49.4457143606911,8.1805,5.25030769230769,4.03556899860879,1.33691977973836,1.11209819664271,1.04292735932209,12.878,2.90353846153846,4.9481552875794,5.64855656694176,108.756645,96.3989276923077,7.55238461047956,1.09629540931362,0.336261915781173,0.203148213514574,399.97342,92.29338,168.301046773239,166.440382618967,2.25,2.07692307692308,2.21336383940064,2.06336223306145,1.36892236074022,1.20182302376485,1,0.846153846153846,0.433012701892219,0.266469355010596,130.0,y1ba2cu3o7,13,cuprate_YBCO,cuprate,273400,1.7994,86.0,ARPES measured (canonical vmid),High
4,76.4445625,51.2456653846154,59.3566724745425,34.93526616493,1.1995407452483,1.29188813799544,121.3276,14.2883192307692,43.8233541228786,44.1921252152174,794.0,1003.62307692308,741.629348855485,937.559192443233,1.31500430814302,0.890516212329374,810.6,659.715384615385,311.743492313793,342.396001400641,164.5,114.538461538462,139.000513752081,89.6851907721419,1.25670056650299,1.339742693422,205,22.6153846153846,77.5258021564434,79.2353994166121,4235.85725,2952.46176923077,669.556587809389,66.3421689582226,1.01540712310099,0.812798145814768,8958.571,2066.92284615385,3194.93894591629,3639.1292471846,77.2375,109.169230769231,53.5279646494387,86.5393772975223,1.10518217403612,0.762761032074798,127.05,74.3538461538461,54.8307552268797,49.4457143606911,8.1805,5.25030769230769,4.03556899860879,1.33691977973836,1.11209819664271,1.04292735932209,12.878,2.90353846153846,4.9481552875794,5.64855656694176,108.756645,96.3989276923077,7.55238461047956,1.09629540931362,0.336261915781173,0.203148213514574,399.97342,92.29338,168.301046773239,166.440382618967,2.25,2.07692307692308,2.21336383940064,2.06336223306145,1.36892236074022,1.20182302376485,1,0.846153846153846,0.433012701892219,0.266469355010596,88.8,y1ba2cu3o7,13,cuprate_YBCO,cuprate,273400,1.7994,86.0,ARPES measured (canonical vmid),High
4,76.4445625,51.2456653846154,59.3566724745425,34.93526616493,1.1995407452483,1.29188813799544,121.3276,14.2883192307692,43.8233541228786,44.1921252152174,794.0,1003.62307692308,741.629348855485,937.559192443233,1.31500430814302,0.890516212329374,810.6,659.715384615385,311.743492313793,342.396001400641,164.5,114.538461538462,139.000513752081,89.6851907721419,1.25670056650299,1.339742693422,205,22.6153846153846,77.5258021564434,79.2353994166121,4235.85725,2952.46176923077,669.556587809389,66.3421689582226,1.01540712310099,0.812798145814768,8958.571,2066.92284615385,3194.93894591629,3639.1292471846,77.2375,109.169230769231,53.5279646494387,86.5393772975223,1.10518217403612,0.762761032074798,127.05,74.3538461538461,54.8307552268797,49.4457143606911,8.1805,5.25030769230769,4.03556899860879,1.33691977973836,1.11209819664271,1.04292735932209,12.878,2.90353846153846,4.9481552875794,5.64855656694176,108.756645,96.3989276923077,7.55238461047956,1.09629540931362,0.336261915781173,0.203148213514574,399.97342,92.29338,168.301046773239,166.440382618967,2.25,2.07692307692308,2.21336383940064,2.06336223306145,1.36892236074022,1.20182302376485,1,0.846153846153846,0.433012701892219,0.266469355010596,85.5,y1ba2cu3o7,13,cuprate_YBCO,cuprate,273400,1.7994,86.0,ARPES measured (canonical vmid),High
4,76.4445625,51.518892248062,59.3566724745425,35.147400203827,1.1995407452483,1.29069116588067,121.3276,14.3990813953488,43.8233541228786,44.2535665434991,794.0,1001.22403100775,741.629348855485,935.114076729286,1.31500430814302,0.895987109708696,810.6,654.650387596899,311.743492313793,342.630435927781,164.5,115.054263565891,139.000513752081,90.120839474344,1.25670056650299,1.33924280475906,205,22.7906976744186,77.5258021564434,79.3242106093641,4235.85725,2975.33799224806,669.556587809389,68.3455537043014,1.01540712310099,0.81277042040323,8958.571,2082.95658139535,3194.93894591629,3643.8840288369,77.2375,108.910852713178,53.5279646494387,86.205442920185,1.10518217403612,0.766899508925827,127.05,73.8255813953488,54.8307552268797,49.5494956369642,8.1805,5.28928682170543,4.03556899860879,1.35565737416138,1.11209819664271,1.04203375695533,12.878,2.92776744186047,4.9481552875794,5.65296450346393,108.756645,97.1460001550387,7.55238461047956,1.12836566846972,0.336261915781173,0.203129932293431,399.97342,93.0090386046512,168.301046773239,166.866991991426,2.25,2.07751937984496,2.21336383940064,2.0638611731558,1.36892236074022,1.20586465999055,1,0.837209302325582,0.433012701892219,0.2674137722583,95.0,y1ba2cu3o6.9,20,cuprate_YBCO,cuprate,273400,1.7994,88.0,ARPES measured (canonical vmid),High
4,76.4445625,51.2456653846154,59.3566724745425,34.93526616493,1.1995407452483,1.29188813799544,121.3276,14.2883192307692,43.8233541228786,44.1921252152174,794.0,1003.62307692308,741.629348855485,937.559192443233,1.31500430814302,0.890516212329374,810.6,659.715384615385,311.743492313793,342.396001400641,164.5,114.538461538462,139.000513752081,89.6851907721419,1.25670056650299,1.339742693422,205,22.6153846153846,77.5258021564434,79.2353994166121,4235.85725,2952.46176923077,669.556587809389,66.3421689582226,1.01540712310099,0.812798145814768,8958.571,2066.92284615385,3194.93894591629,3639.1292471846,77.2375,109.169230769231,53.5279646494387,86.5393772975223,1.10518217403612,0.762761032074798,127.05,74.3538461538461,54.8307552268797,49.4457143606911,8.1805,5.25030769230769,4.03556899860879,1.33691977973836,1.11209819664271,1.04292735932209,12.878,2.90353846153846,4.9481552875794,5.64855656694176,108.756645,96.3989276923077,7.55238461047956,1.09629540931362,0.336261915781173,0.203148213514574,399.97342,92.29338,168.301046773239,166.440382618967,2.25,2.07692307692308,2.21336383940064,2.06336223306145,1.36892236074022,1.20182302376485,1,0.846153846153846,0.433012701892219,0.266469355010596,91.6,y1ba2cu3o7,13,cuprate_YBCO,cuprate,273400,1.7994,86.0,ARPES measured (canonical vmid),High
4,76.5177175,56.8088170714286,59.3100961333418,35.7734324182576,1.19727303349869,0.981879783570863,122.90607,34.8331599285714,44.2894585275144,52.5332069817455,787.05,1011.54071428571,734.219624171273,940.294344338809,1.31300802421591,0.786865234305601,772.0,738.578571428571,314.505965762178,353.819831451067,151.75,104.371428571429,131.302196551623,84.1108347003322,1.27527399052522,1.16005975115976,171,46.8428571428571,65.5796271718588,67.1114577035996,4434.35725,2961.47371428571,674.484751445268,53.4270174887903,0.995982779568411,0.769628332487839,8958.571,1623.48342857143,3402.85619588643,3581.84892090518,79.6075,111.779214285714,48.4772646848066,98.4119621279586,1.09667176877521,0.777657155958259,135.97,81.2886428571429,54.3730969207199,42.5578923529527,6.9055,3.83471428571429,3.47947484936327,1.03921119227177,1.08857534188499,0.96403104867923,12.878,1.74457142857143,4.59906411675245,4.6583013524026,112.006645,61.34376,8.33981834610162,0.629441022509672,0.403693221013522,0.283412116654505,399.97342,57.1276685714286,166.742351106334,138.437713993087,2.25,2.26428571428571,2.21336383940064,2.2262216392083,1.36892236074022,1.04883427304761,1,1.1,0.433012701892219,0.440952123830019,39.3,la1.85sr0.15cu1o4,29,cuprate_LSCO,cuprate,245000,1.6125,31.6,ARPES measured,High
4,76.4445625,51.2456653846154,59.3566724745425,34.93526616493,1.1995407452483,1.29188813799544,121.3276,14.2883192307692,43.8233541228786,44.1921252152174,794.0,1003.62307692308,741.629348855485,937.559192443233,1.31500430814302,0.890516212329374,810.6,659.715384615385,311.743492313793,342.396001400641,164.5,114.538461538462,139.000513752081,89.6851907721419,1.25670056650299,1.339742693422,205,22.6153846153846,77.5258021564434,79.2353994166121,4235.85725,2952.46176923077,669.556587809389,66.3421689582226,1.01540712310099,0.812798145814768,8958.571,2066.92284615385,3194.93894591629,3639.1292471846,77.2375,109.169230769231,53.5279646494387,86.5393772975223,1.10518217403612,0.762761032074798,127.05,74.3538461538461,54.8307552268797,49.4457143606911,8.1805,5.25030769230769,4.03556899860879,1.33691977973836,1.11209819664271,1.04292735932209,12.878,2.90353846153846,4.9481552875794,5.64855656694176,108.756645,96.3989276923077,7.55238461047956,1.09629540931362,0.336261915781173,0.203148213514574,399.97342,92.29338,168.301046773239,166.440382618967,2.25,2.07692307692308,2.21336383940064,2.06336223306145,1.36892236074022,1.20182302376485,1,0.846153846153846,0.433012701892219,0.266469355010596,92.4,y1ba2cu3o7,13,cuprate_YBCO,cuprate,273400,1.7994,86.0,ARPES measured (canonical vmid),High
4,97.9598,57.8657384615385,70.3033263954757,36.8028446101478,1.15307517091914,1.33852775623715,158.9674,12.5121692307692,62.0114329850553,54.566241304048,768.4,995.746153846154,708.641979880737,924.525057808176,1.30174309365185,0.87273452838423,810.6,667.592307692308,329.08115260525,352.272024731292,165.75,114.923076923077,139.812941759091,89.8461549351321,1.25570514472447,1.34174907677111,205,22.2307692307692,78.3178619473234,79.7182167565246,5578.10725,3365.46176923077,815.49564606351,70.4918161122723,1.01899345593772,0.930382622333031,9839.571,2066.92284615385,4030.69042076016,4067.58260596263,82.3375,110.738461538462,60.7214928257155,89.9629157631912,1.1640132003214,0.802321609327215,127.05,74.3538461538461,51.12571973821,47.2166412720955,10.8305,6.06569230769231,4.75646422349896,1.406268532004,1.04474296689737,1.10424386222608,21.778,2.90353846153846,7.91296978068285,7.06492357609724,108.506645,96.3220046153846,7.43878255508962,1.09119481211891,0.329500146289958,0.199852625126025,399.97342,92.29338,168.437846600662,166.477287315448,2.25,2.07692307692308,2.21336383940064,2.06336223306145,1.36892236074022,1.20182302376485,1,0.846153846153846,0.433012701892219,0.266469355010596,89.5,lu1ba2cu3o7,19,cuprate_YBCO,cuprate,273400,1.7994,91.85,ARPES measured (canonical vmid),High
4,76.5177175,56.8088170714286,59.3100961333418,35.7734324182576,1.19727303349869,0.981879783570863,122.90607,34.8331599285714,44.2894585275144,52.5332069817455,787.05,1011.54071428571,734.219624171273,940.294344338809,1.31300802421591,0.786865234305601,772.0,738.578571428571,314.505965762178,353.819831451067,151.75,104.371428571429,131.302196551623,84.1108347003322,1.27527399052522,1.16005975115976,171,46.8428571428571,65.5796271718588,67.1114577035996,4434.35725,2961.47371428571,674.484751445268,53.4270174887903,0.995982779568411,0.769628332487839,8958.571,1623.48342857143,3402.85619588643,3581.84892090518,79.6075,111.779214285714,48.4772646848066,98.4119621279586,1.09667176877521,0.777657155958259,135.97,81.2886428571429,54.3730969207199,42.5578923529527,6.9055,3.83471428571429,3.47947484936327,1.03921119227177,1.08857534188499,0.96403104867923,12.878,1.74457142857143,4.59906411675245,4.6583013524026,112.006645,61.34376,8.33981834610162,0.629441022509672,0.403693221013522,0.283412116654505,399.97342,57.1276685714286,166.742351106334,138.437713993087,2.25,2.26428571428571,2.21336383940064,2.2262216392083,1.36892236074022,1.04883427304761,1,1.1,0.433012701892219,0.440952123830019,37.1,la1.85sr0.15cu1o4,29,cuprate_LSCO,cuprate,245000,1.6125,31.6,ARPES measured,High
4,76.5177175,56.8088170714286,59.3100961333418,35.7734324182576,1.19727303349869,0.981879783570863,122.90607,34.8331599285714,44.2894585275144,52.5332069817455,787.05,1011.54071428571,734.219624171273,940.294344338809,1.31300802421591,0.786865234305601,772.0,738.578571428571,314.505965762178,353.819831451067,151.75,104.371428571429,131.302196551623,84.1108347003322,1.27527399052522,1.16005975115976,171,46.8428571428571,65.5796271718588,67.1114577035996,4434.35725,2961.47371428571,674.484751445268,53.4270174887903,0.995982779568411,0.769628332487839,8958.571,1623.48342857143,3402.85619588643,3581.84892090518,79.6075,111.779214285714,48.4772646848066,98.4119621279586,1.09667176877521,0.777657155958259,135.97,81.2886428571429,54.3730969207199,42.5578923529527,6.9055,3.83471428571429,3.47947484936327,1.03921119227177,1.08857534188499,0.96403104867923,12.878,1.74457142857143,4.59906411675245,4.6583013524026,112.006645,61.34376,8.33981834610162,0.629441022509672,0.403693221013522,0.283412116654505,399.97342,57.1276685714286,166.742351106334,138.437713993087,2.25,2.26428571428571,2.21336383940064,2.2262216392083,1.36892236074022,1.04883427304761,1,1.1,0.433012701892219,0.440952123830019,33.0,la1.85sr0.15cu1o4,29,cuprate_LSCO,cuprate,245000,1.6125,31.6,ARPES measured,High
4,76.4445625,51.518892248062,59.3566724745425,35.147400203827,1.1995407452483,1.29069116588067,121.3276,14.3990813953488,43.8233541228786,44.2535665434991,794.0,1001.22403100775,741.629348855485,935.114076729286,1.31500430814302,0.895987109708696,810.6,654.650387596899,311.743492313793,342.630435927781,164.5,115.054263565891,139.000513752081,90.120839474344,1.25670056650299,1.33924280475906,205,22.7906976744186,77.5258021564434,79.3242106093641,4235.85725,2975.33799224806,669.556587809389,68.3455537043014,1.01540712310099,0.81277042040323,8958.571,2082.95658139535,3194.93894591629,3643.8840288369,77.2375,108.910852713178,53.5279646494387,86.205442920185,1.10518217403612,0.766899508925827,127.05,73.8255813953488,54.8307552268797,49.5494956369642,8.1805,5.28928682170543,4.03556899860879,1.35565737416138,1.11209819664271,1.04203375695533,12.878,2.92776744186047,4.9481552875794,5.65296450346393,108.756645,97.1460001550387,7.55238461047956,1.12836566846972,0.336261915781173,0.203129932293431,399.97342,93.0090386046512,168.301046773239,166.866991991426,2.25,2.07751937984496,2.21336383940064,2.0638611731558,1.36892236074022,1.20586465999055,1,0.837209302325582,0.433012701892219,0.2674137722583,88.0,y1ba2cu3o6.9,20,cuprate_YBCO,cuprate,273400,1.7994,88.0,ARPES measured (canonical vmid),High
4,76.4445625,51.2456653846154,59.3566724745425,34.93526616493,1.1995407452483,1.29188813799544,121.3276,14.2883192307692,43.8233541228786,44.1921252152174,794.0,1003.62307692308,741.629348855485,937.559192443233,1.31500430814302,0.890516212329374,810.6,659.715384615385,311.743492313793,342.396001400641,164.5,114.538461538462,139.000513752081,89.6851907721419,1.25670056650299,1.339742693422,205,22.6153846153846,77.5258021564434,79.2353994166121,4235.85725,2952.46176923077,669.556587809389,66.3421689582226,1.01540712310099,0.812798145814768,8958.571,2066.92284615385,3194.93894591629,3639.1292471846,77.2375,109.169230769231,53.5279646494387,86.5393772975223,1.10518217403612,0.762761032074798,127.05,74.3538461538461,54.8307552268797,49.4457143606911,8.1805,5.25030769230769,4.03556899860879,1.33691977973836,1.11209819664271,1.04292735932209,12.878,2.90353846153846,4.9481552875794,5.64855656694176,108.756645,96.3989276923077,7.55238461047956,1.09629540931362,0.336261915781173,0.203148213514574,399.97342,92.29338,168.301046773239,166.440382618967,2.25,2.07692307692308,2.21336383940064,2.06336223306145,1.36892236074022,1.20182302376485,1,0.846153846153846,0.433012701892219,0.266469355010596,91.0,y1ba2cu3o7,13,cuprate_YBCO,cuprate,273400,1.7994,86.0,ARPES measured (canonical vmid),High
4,76.5177175,56.8088170714286,59.3100961333418,35.7734324182576,1.19727303349869,0.981879783570863,122.90607,34.8331599285714,44.2894585275144,52.5332069817455,787.05,1011.54071428571,734.219624171273,940.294344338809,1.31300802421591,0.786865234305601,772.0,738.578571428571,314.505965762178,353.819831451067,151.75,104.371428571429,131.302196551623,84.1108347003322,1.27527399052522,1.16005975115976,171,46.8428571428571,65.5796271718588,67.1114577035996,4434.35725,2961.47371428571,674.484751445268,53.4270174887903,0.995982779568411,0.769628332487839,8958.571,1623.48342857143,3402.85619588643,3581.84892090518,79.6075,111.779214285714,48.4772646848066,98.4119621279586,1.09667176877521,0.777657155958259,135.97,81.2886428571429,54.3730969207199,42.5578923529527,6.9055,3.83471428571429,3.47947484936327,1.03921119227177,1.08857534188499,0.96403104867923,12.878,1.74457142857143,4.59906411675245,4.6583013524026,112.006645,61.34376,8.33981834610162,0.629441022509672,0.403693221013522,0.283412116654505,399.97342,57.1276685714286,166.742351106334,138.437713993087,2.25,2.26428571428571,2.21336383940064,2.2262216392083,1.36892236074022,1.04883427304761,1,1.1,0.433012701892219,0.440952123830019,34.0,la1.85sr0.15cu1o4,29,cuprate_LSCO,cuprate,245000,1.6125,31.6,ARPES measured,High
4,76.4445625,51.2456653846154,59.3566724745425,34.93526616493,1.1995407452483,1.29188813799544,121.3276,14.2883192307692,43.8233541228786,44.1921252152174,794.0,1003.62307692308,741.629348855485,937.559192443233,1.31500430814302,0.890516212329374,810.6,659.715384615385,311.743492313793,342.396001400641,164.5,114.538461538462,139.000513752081,89.6851907721419,1.25670056650299,1.339742693422,205,22.6153846153846,77.5258021564434,79.2353994166121,4235.85725,2952.46176923077,669.556587809389,66.3421689582226,1.01540712310099,0.812798145814768,8958.571,2066.92284615385,3194.93894591629,3639.1292471846,77.2375,109.169230769231,53.5279646494387,86.5393772975223,1.10518217403612,0.762761032074798,127.05,74.3538461538461,54.8307552268797,49.4457143606911,8.1805,5.25030769230769,4.03556899860879,1.33691977973836,1.11209819664271,1.04292735932209,12.878,2.90353846153846,4.9481552875794,5.64855656694176,108.756645,96.3989276923077,7.55238461047956,1.09629540931362,0.336261915781173,0.203148213514574,399.97342,92.29338,168.301046773239,166.440382618967,2.25,2.07692307692308,2.21336383940064,2.06336223306145,1.36892236074022,1.20182302376485,1,0.846153846153846,0.433012701892219,0.266469355010596,91.5,y1ba2cu3o7,13,cuprate_YBCO,cuprate,273400,1.7994,86.0,ARPES measured (canonical vmid),High
4,76.4445625,51.2456653846154,59.3566724745425,34.93526616493,1.1995407452483,1.29188813799544,121.3276,14.2883192307692,43.8233541228786,44.1921252152174,794.0,1003.62307692308,741.629348855485,937.559192443233,1.31500430814302,0.890516212329374,810.6,659.715384615385,311.743492313793,342.396001400641,164.5,114.538461538462,139.000513752081,89.6851907721419,1.25670056650299,1.339742693422,205,22.6153846153846,77.5258021564434,79.2353994166121,4235.85725,2952.46176923077,669.556587809389,66.3421689582226,1.01540712310099,0.812798145814768,8958.571,2066.92284615385,3194.93894591629,3639.1292471846,77.2375,109.169230769231,53.5279646494387,86.5393772975223,1.10518217403612,0.762761032074798,127.05,74.3538461538461,54.8307552268797,49.4457143606911,8.1805,5.25030769230769,4.03556899860879,1.33691977973836,1.11209819664271,1.04292735932209,12.878,2.90353846153846,4.9481552875794,5.64855656694176,108.756645,96.3989276923077,7.55238461047956,1.09629540931362,0.336261915781173,0.203148213514574,399.97342,92.29338,168.301046773239,166.440382618967,2.25,2.07692307692308,2.21336383940064,2.06336223306145,1.36892236074022,1.20182302376485,1,0.846153846153846,0.433012701892219,0.266469355010596,91.3,y1ba2cu3o7,13,cuprate_YBCO,cuprate,273400,1.7994,86.0,ARPES measured (canonical vmid),High
4,76.4445625,51.2456653846154,59.3566724745425,34.93526616493,1.1995407452483,1.29188813799544,121.3276,14.2883192307692,43.8233541228786,44.1921252152174,794.0,1003.62307692308,741.629348855485,937.559192443233,1.31500430814302,0.890516212329374,810.6,659.715384615385,311.743492313793,342.396001400641,164.5,114.538461538462,139.000513752081,89.6851907721419,1.25670056650299,1.339742693422,205,22.6153846153846,77.5258021564434,79.2353994166121,4235.85725,2952.46176923077,669.556587809389,66.3421689582226,1.01540712310099,0.812798145814768,8958.571,2066.92284615385,3194.93894591629,3639.1292471846,77.2375,109.169230769231,53.5279646494387,86.5393772975223,1.10518217403612,0.762761032074798,127.05,74.3538461538461,54.8307552268797,49.4457143606911,8.1805,5.25030769230769,4.03556899860879,1.33691977973836,1.11209819664271,1.04292735932209,12.878,2.90353846153846,4.9481552875794,5.64855656694176,108.756645,96.3989276923077,7.55238461047956,1.09629540931362,0.336261915781173,0.203148213514574,399.97342,92.29338,168.301046773239,166.440382618967,2.25,2.07692307692308,2.21336383940064,2.06336223306145,1.36892236074022,1.20182302376485,1,0.846153846153846,0.433012701892219,0.266469355010596,88.1,y1ba2cu3o7,13,cuprate_YBCO,cuprate,273400,1.7994,86.0,ARPES measured (canonical vmid),High
4,90.2786,89.3619142857143,66.9899873428582,73.1132338048705,1.17805955801262,1.15559141095092,128.2426,36.9506571428571,53.2860956008225,46.2826186083294,773.025,726.371428571429,714.946183650756,687.869420176443,1.30457766069587,1.26744040455898,810.6,243.357142857143,325.570463763223,262.815305676742,163.0,170.714285714286,138.006405771147,152.628703542847,1.25775303954432,1.16392387651853,205,65.4285714285714,76.6452868740146,67.431900644204,4870.35725,5844.48985714286,749.188915504209,1898.13426807973,1.03449529359397,0.881047412210406,8958.571,3839.79585714286,3422.72855597441,3284.56716457698,82.3375,83.5142857142857,60.7214928257155,60.6524135059113,1.1640132003214,1.01232400511734,127.05,46.9714285714286,51.12571973821,50.3437945834561,7.1055,8.946,3.58503294864781,5.82219108421513,1.09822611287521,0.907850759951925,12.878,5.58257142857143,4.58575956085794,4.36009292168347,108.756645,179.003797142857,7.55238461047956,26.5786364903901,0.336261915781173,0.201966126461713,399.97342,171.424774285714,168.301046773239,191.475654911147,2.25,2.14285714285714,2.21336383940064,2.1192680453341,1.36892236074022,1.30952583530407,1,0.571428571428571,0.433012701892219,0.349927106111883,82.5,nd1ba2cu3o,16,cuprate_YBCO,cuprate,273400,1.7994,90.0,ARPES measured (canonical vmid),High
4,76.5177175,56.8088170714286,59.3100961333418,35.7734324182576,1.19727303349869,0.981879783570863,122.90607,34.8331599285714,44.2894585275144,52.5332069817455,787.05,1011.54071428571,734.219624171273,940.294344338809,1.31300802421591,0.786865234305601,772.0,738.578571428571,314.505965762178,353.819831451067,151.75,104.371428571429,131.302196551623,84.1108347003322,1.27527399052522,1.16005975115976,171,46.8428571428571,65.5796271718588,67.1114577035996,4434.35725,2961.47371428571,674.484751445268,53.4270174887903,0.995982779568411,0.769628332487839,8958.571,1623.48342857143,3402.85619588643,3581.84892090518,79.6075,111.779214285714,48.4772646848066,98.4119621279586,1.09667176877521,0.777657155958259,135.97,81.2886428571429,54.3730969207199,42.5578923529527,6.9055,3.83471428571429,3.47947484936327,1.03921119227177,1.08857534188499,0.96403104867923,12.878,1.74457142857143,4.59906411675245,4.6583013524026,112.006645,61.34376,8.33981834610162,0.629441022509672,0.403693221013522,0.283412116654505,399.97342,57.1276685714286,166.742351106334,138.437713993087,2.25,2.26428571428571,2.21336383940064,2.2262216392083,1.36892236074022,1.04883427304761,1,1.1,0.433012701892219,0.440952123830019,40.0,la1.85sr0.15cu1o4,29,cuprate_LSCO,cuprate,245000,1.6125,31.6,ARPES measured,High
5,75.10025,51.2741746153846,61.2986415659057,34.9502269601143,1.45670789918645,1.32205390570555,121.3276,20.8054323076923,39.2889017109667,44.2020425538895,750.94,1002.85553846154,705.732670800629,936.466779538765,1.54212806344019,0.903568248345634,810.6,704.382923076923,291.828474278985,343.160429862144,158.8,114.496923076923,138.395161248187,89.6586704271529,1.4993643976285,1.36700341036957,205,38.2953846153846,70.2720428050871,79.2217772492674,4569.4858,2938.35715384615,1034.80638492869,66.2145657633949,1.32440300990621,0.864280339364454,8958.571,2025.569,2934.50846514481,3621.69827703079,67.87,108.756153846154,47.8012551985561,85.9930291980827,1.30774864560342,0.768508173086409,127.05,76.5904615384615,52.4988533208107,49.7273883733891,7.6624,5.21564615384615,4.30731053468283,1.33167517869474,1.36537864323393,1.07460592740633,12.878,2.93681538461538,4.54544860712339,5.62326712844676,92.805316,94.68662,9.88432185342106,1.08309765884786,0.549028713461778,0.216655892495321,399.97342,90.4472261538461,153.876487688794,165.212040177314,2.4,2.08153846153846,2.35215804504935,2.06722717781512,1.58902691517397,1.23242813168296,1,1.06307692307692,0.489897948556636,0.273660265344464,87.0,y1ba2cu2.94ga0.06o7,17,cuprate_YBCO,cuprate,273400,1.7994,87.99,ARPES measured (canonical vmid),High
4,90.2786,89.3619142857143,66.9899873428582,73.1132338048705,1.17805955801262,1.15559141095092,128.2426,36.9506571428571,53.2860956008225,46.2826186083294,773.025,726.371428571429,714.946183650756,687.869420176443,1.30457766069587,1.26744040455898,810.6,243.357142857143,325.570463763223,262.815305676742,163.0,170.714285714286,138.006405771147,152.628703542847,1.25775303954432,1.16392387651853,205,65.4285714285714,76.6452868740146,67.431900644204,4870.35725,5844.48985714286,749.188915504209,1898.13426807973,1.03449529359397,0.881047412210406,8958.571,3839.79585714286,3422.72855597441,3284.56716457698,82.3375,83.5142857142857,60.7214928257155,60.6524135059113,1.1640132003214,1.01232400511734,127.05,46.9714285714286,51.12571973821,50.3437945834561,7.1055,8.946,3.58503294864781,5.82219108421513,1.09822611287521,0.907850759951925,12.878,5.58257142857143,4.58575956085794,4.36009292168347,108.756645,179.003797142857,7.55238461047956,26.5786364903901,0.336261915781173,0.201966126461713,399.97342,171.424774285714,168.301046773239,191.475654911147,2.25,2.14285714285714,2.21336383940064,2.1192680453341,1.36892236074022,1.30952583530407,1,0.571428571428571,0.433012701892219,0.349927106111883,90.0,nd1ba2cu3o,16,cuprate_YBCO,cuprate,273400,1.7994,90.0,ARPES measured (canonical vmid),High
5,80.34765,81.94296,65.3421898346016,68.652754504856,1.46278066889013,1.17714008934819,121.3276,37.7968857142857,39.9665542847266,40.588978450298,772.16,737.454142857143,729.898173296926,701.536990833489,1.54914452837229,1.34451350102777,810.6,297.838714285714,282.232433288593,255.546533218472,169.6,172.246428571429,147.966651071842,153.878602550197,1.5071230346556,1.23356663512194,205,69.4357142857143,70.0873740412637,67.8675705333707,5444.6858,5501.71842857143,1156.18798760199,1783.75077377596,1.29485816381883,0.927057050728919,10278.571,3705.39585714286,3743.15024380355,3300.82479673238,76.47,79.9025,57.016925592642,56.0220290778228,1.38208749638531,1.02413866722551,127.05,48.4862142857143,49.0661349608872,52.4325978297716,13.7444,9.90378571428571,6.25150124263461,6.32484657032055,1.22153500625091,1.14224723903954,35.778,5.38607142857143,11.9756137813475,5.40245226961888,114.805316,175.088797142857,13.5229125309168,26.1605589886847,0.808380884488701,0.269571178328698,399.97342,165.424774285714,151.018341798072,189.575879083498,3.0,2.20285714285714,2.70192007704123,2.15448119924456,1.49436508345339,1.43188895436511,4,0.737142857142857,1.54919333848297,0.584556346684372,52.5,y1ba2cu2.895mo0.105o,22,cuprate_YBCO,cuprate,273400,1.7994,52.5,ARPES measured (canonical vmid),High
4,76.4445625,51.2456653846154,59.3566724745425,34.93526616493,1.1995407452483,1.29188813799544,121.3276,14.2883192307692,43.8233541228786,44.1921252152174,794.0,1003.62307692308,741.629348855485,937.559192443233,1.31500430814302,0.890516212329374,810.6,659.715384615385,311.743492313793,342.396001400641,164.5,114.538461538462,139.000513752081,89.6851907721419,1.25670056650299,1.339742693422,205,22.6153846153846,77.5258021564434,79.2353994166121,4235.85725,2952.46176923077,669.556587809389,66.3421689582226,1.01540712310099,0.812798145814768,8958.571,2066.92284615385,3194.93894591629,3639.1292471846,77.2375,109.169230769231,53.5279646494387,86.5393772975223,1.10518217403612,0.762761032074798,127.05,74.3538461538461,54.8307552268797,49.4457143606911,8.1805,5.25030769230769,4.03556899860879,1.33691977973836,1.11209819664271,1.04292735932209,12.878,2.90353846153846,4.9481552875794,5.64855656694176,108.756645,96.3989276923077,7.55238461047956,1.09629540931362,0.336261915781173,0.203148213514574,399.97342,92.29338,168.301046773239,166.440382618967,2.25,2.07692307692308,2.21336383940064,2.06336223306145,1.36892236074022,1.20182302376485,1,0.846153846153846,0.433012701892219,0.266469355010596,92.5,y1ba2cu3o7,13,cuprate_YBCO,cuprate,273400,1.7994,86.0,ARPES measured (canonical vmid),High
4,76.4445625,51.2456653846154,59.3566724745425,34.93526616493,1.1995407452483,1.29188813799544,121.3276,14.2883192307692,43.8233541228786,44.1921252152174,794.0,1003.62307692308,741.629348855485,937.559192443233,1.31500430814302,0.890516212329374,810.6,659.715384615385,311.743492313793,342.396001400641,164.5,114.538461538462,139.000513752081,89.6851907721419,1.25670056650299,1.339742693422,205,22.6153846153846,77.5258021564434,79.2353994166121,4235.85725,2952.46176923077,669.556587809389,66.3421689582226,1.01540712310099,0.812798145814768,8958.571,2066.92284615385,3194.93894591629,3639.1292471846,77.2375,109.169230769231,53.5279646494387,86.5393772975223,1.10518217403612,0.762761032074798,127.05,74.3538461538461,54.8307552268797,49.4457143606911,8.1805,5.25030769230769,4.03556899860879,1.33691977973836,1.11209819664271,1.04292735932209,12.878,2.90353846153846,4.9481552875794,5.64855656694176,108.756645,96.3989276923077,7.55238461047956,1.09629540931362,0.336261915781173,0.203148213514574,399.97342,92.29338,168.301046773239,166.440382618967,2.25,2.07692307692308,2.21336383940064,2.06336223306145,1.36892236074022,1.20182302376485,1,0.846153846153846,0.433012701892219,0.266469355010596,93.5,y1ba2cu3o7,13,cuprate_YBCO,cuprate,273400,1.7994,86.0,ARPES measured (canonical vmid),High
5,80.18028,57.3321076923077,58.4176337602139,38.4058819813861,1.3572447074875,1.44016417752868,135.9646,18.6606923076923,55.0083900181927,50.1982079724652,821.3,974.192307692308,768.798824028831,909.752309843954,1.54369933515882,1.13850608706579,810.6,563.976923076923,302.057948082814,336.831307839441,152.8,119.0,128.75740008062,94.5051921968497,1.46432161210355,1.48106820033669,205,32.2307692307692,79.4088156315154,79.3017605779924,3935.0858,3162.50569230769,856.866614131344,117.067042103799,1.2485928302708,0.989153250433917,8958.571,2067.03276923077,3050.19136367648,3582.08575845269,106.17,115.276923076923,77.1842986381169,92.3926413983667,1.38603526612478,1.12835368678425,186.05,63.3923076923077,66.0531876596429,52.5821248341203,6.4704,5.20476923076923,3.27075987859687,1.54132933119126,1.26073836712726,1.10037221501617,12.878,2.92061538461538,4.812729022083,5.40970288042124,86.446316,96.1818830769231,3.53145660501412,1.26382645385282,0.3194093392557,0.194470580059384,399.97342,92.2954246153846,156.942801670951,166.54443529144,3.0,2.38461538461538,2.70192007704123,2.24531414385029,1.49436508345339,1.49330953549558,4,0.692307692307692,1.54919333848297,1.07692307692308,85.0,eu1ba2cu3s1o6,12,cuprate_YBCO,cuprate,273400,1.7994,85.0,ARPES measured (canonical vmid),High
4,76.4445625,51.518892248062,59.3566724745425,35.147400203827,1.1995407452483,1.29069116588067,121.3276,14.3990813953488,43.8233541228786,44.2535665434991,794.0,1001.22403100775,741.629348855485,935.114076729286,1.31500430814302,0.895987109708696,810.6,654.650387596899,311.743492313793,342.630435927781,164.5,115.054263565891,139.000513752081,90.120839474344,1.25670056650299,1.33924280475906,205,22.7906976744186,77.5258021564434,79.3242106093641,4235.85725,2975.33799224806,669.556587809389,68.3455537043014,1.01540712310099,0.81277042040323,8958.571,2082.95658139535,3194.93894591629,3643.8840288369,77.2375,108.910852713178,53.5279646494387,86.205442920185,1.10518217403612,0.766899508925827,127.05,73.8255813953488,54.8307552268797,49.5494956369642,8.1805,5.28928682170543,4.03556899860879,1.35565737416138,1.11209819664271,1.04203375695533,12.878,2.92776744186047,4.9481552875794,5.65296450346393,108.756645,97.1460001550387,7.55238461047956,1.12836566846972,0.336261915781173,0.203129932293431,399.97342,93.0090386046512,168.301046773239,166.866991991426,2.25,2.07751937984496,2.21336383940064,2.0638611731558,1.36892236074022,1.20586465999055,1,0.837209302325582,0.433012701892219,0.2674137722583,91.0,y1ba2cu3o6.9,20,cuprate_YBCO,cuprate,273400,1.7994,88.0,ARPES measured (canonical vmid),High
5,72.89433,51.1840901081917,59.2234210415793,34.9330920229106,1.44775574440681,1.42815063424304,121.3276,18.5037063369397,39.8347297779162,44.1790882569298,782.44,1001.7800618238,740.540285254181,935.580280186845,1.55112003835201,0.97905671851846,810.6,670.107727975271,279.788738872743,342.849489494099,161.4,115.032457496136,140.945228496831,90.0590820520674,1.50301899461572,1.48807883569376,205,32.1947449768161,69.6178138122708,79.3638960970161,5170.2858,2963.73394590417,1123.53310024957,67.5150903948172,1.30954321277507,1.16257340708547,8958.571,1661.05739876352,3414.48894488276,3638.03743543801,84.49,108.717928902628,62.210509235202,86.1201538233952,1.39018429137881,0.887079777325509,127.05,74.0378670788254,51.1421978409219,49.461000858368,9.9844,5.46373106646059,5.39298870946592,1.36522497022526,1.37293807218046,1.35514590857897,16.978,2.31061205564142,5.70995739388658,5.97121203787347,105.205316,82.5181194126739,12.4244037881723,1.04136347321196,0.738693887594424,0.429401339249507,399.97342,74.1743071715611,150.700503073611,152.71728354616,2.2,2.07727975270479,2.1689435423954,2.06366065722851,1.59416669911802,1.31594397097062,1,0.979907264296754,0.4,0.267034815195842,66.0,y1ba2cu2.4ni0.6o6.94,21,cuprate_YBCO,cuprate,273400,1.7994,66.0,ARPES measured (canonical vmid),High
4,76.5177175,56.8088170714286,59.3100961333418,35.7734324182576,1.19727303349869,0.981879783570863,122.90607,34.8331599285714,44.2894585275144,52.5332069817455,787.05,1011.54071428571,734.219624171273,940.294344338809,1.31300802421591,0.786865234305601,772.0,738.578571428571,314.505965762178,353.819831451067,151.75,104.371428571429,131.302196551623,84.1108347003322,1.27527399052522,1.16005975115976,171,46.8428571428571,65.5796271718588,67.1114577035996,4434.35725,2961.47371428571,674.484751445268,53.4270174887903,0.995982779568411,0.769628332487839,8958.571,1623.48342857143,3402.85619588643,3581.84892090518,79.6075,111.779214285714,48.4772646848066,98.4119621279586,1.09667176877521,0.777657155958259,135.97,81.2886428571429,54.3730969207199,42.5578923529527,6.9055,3.83471428571429,3.47947484936327,1.03921119227177,1.08857534188499,0.96403104867923,12.878,1.74457142857143,4.59906411675245,4.6583013524026,112.006645,61.34376,8.33981834610162,0.629441022509672,0.403693221013522,0.283412116654505,399.97342,57.1276685714286,166.742351106334,138.437713993087,2.25,2.26428571428571,2.21336383940064,2.2262216392083,1.36892236074022,1.04883427304761,1,1.1,0.433012701892219,0.440952123830019,35.2,la1.85sr0.15cu1o4,29,cuprate_LSCO,cuprate,245000,1.6125,31.6,ARPES measured,High
4,76.4445625,51.2456653846154,59.3566724745425,34.93526616493,1.1995407452483,1.29188813799544,121.3276,14.2883192307692,43.8233541228786,44.1921252152174,794.0,1003.62307692308,741.629348855485,937.559192443233,1.31500430814302,0.890516212329374,810.6,659.715384615385,311.743492313793,342.396001400641,164.5,114.538461538462,139.000513752081,89.6851907721419,1.25670056650299,1.339742693422,205,22.6153846153846,77.5258021564434,79.2353994166121,4235.85725,2952.46176923077,669.556587809389,66.3421689582226,1.01540712310099,0.812798145814768,8958.571,2066.92284615385,3194.93894591629,3639.1292471846,77.2375,109.169230769231,53.5279646494387,86.5393772975223,1.10518217403612,0.762761032074798,127.05,74.3538461538461,54.8307552268797,49.4457143606911,8.1805,5.25030769230769,4.03556899860879,1.33691977973836,1.11209819664271,1.04292735932209,12.878,2.90353846153846,4.9481552875794,5.64855656694176,108.756645,96.3989276923077,7.55238461047956,1.09629540931362,0.336261915781173,0.203148213514574,399.97342,92.29338,168.301046773239,166.440382618967,2.25,2.07692307692308,2.21336383940064,2.06336223306145,1.36892236074022,1.20182302376485,1,0.846153846153846,0.433012701892219,0.266469355010596,92.3,y1ba2cu3o7,13,cuprate_YBCO,cuprate,273400,1.7994,86.0,ARPES measured (canonical vmid),High
4,91.8081,56.1609379892556,67.689302836414,36.3783433081426,1.17351398827351,1.35452017913068,134.3606,9.49552248656945,54.8771367304272,51.2258941574098,775.175,999.364620107444,717.820867453222,930.376510152627,1.30582484297686,0.882274977340328,810.6,655.392555640829,323.992958063906,348.296254574855,171.0,116.058326937836,143.079258066457,90.2362623025061,1.25048423025934,1.37432286340438,205,10.016884113584,82.1857651908163,81.413017900191,4956.10725,3249.3542494244,758.189874542393,69.4109106576189,1.03401612116771,0.902434386529772,8958.571,2062.16071603991,3479.09164682503,3855.26677546264,82.3375,111.58626247122,60.7214928257155,92.4186244964248,1.1640132003214,0.815622928911091,127.05,74.8427475057559,51.12571973821,45.8930731459209,7.4555,5.02691174213354,3.75001751098846,1.30344230106258,1.10857252311689,1.02149599763133,12.878,2.89634228702993,4.62523953433765,5.46017767702286,107.756645,95.7626137682272,7.06248773046785,1.05737748412899,0.308147989812345,0.18816283649304,399.97342,92.0808244512663,168.854243757651,166.514140150389,2.25,2.09823484267076,2.21336383940064,2.08126937011076,1.36892236074022,1.21133301830332,1,0.81504221028396,0.433012701892219,0.29763191756969,43.6,sm1.28ba1.72cu3o7.03,2,cuprate_YBCO,cuprate,273400,1.7994,43.6,ARPES measured (canonical vmid),High
4,76.4445625,51.2456653846154,59.3566724745425,34.93526616493,1.1995407452483,1.29188813799544,121.3276,14.2883192307692,43.8233541228786,44.1921252152174,794.0,1003.62307692308,741.629348855485,937.559192443233,1.31500430814302,0.890516212329374,810.6,659.715384615385,311.743492313793,342.396001400641,164.5,114.538461538462,139.000513752081,89.6851907721419,1.25670056650299,1.339742693422,205,22.6153846153846,77.5258021564434,79.2353994166121,4235.85725,2952.46176923077,669.556587809389,66.3421689582226,1.01540712310099,0.812798145814768,8958.571,2066.92284615385,3194.93894591629,3639.1292471846,77.2375,109.169230769231,53.5279646494387,86.5393772975223,1.10518217403612,0.762761032074798,127.05,74.3538461538461,54.8307552268797,49.4457143606911,8.1805,5.25030769230769,4.03556899860879,1.33691977973836,1.11209819664271,1.04292735932209,12.878,2.90353846153846,4.9481552875794,5.64855656694176,108.756645,96.3989276923077,7.55238461047956,1.09629540931362,0.336261915781173,0.203148213514574,399.97342,92.29338,168.301046773239,166.440382618967,2.25,2.07692307692308,2.21336383940064,2.06336223306145,1.36892236074022,1.20182302376485,1,0.846153846153846,0.433012701892219,0.266469355010596,91.2,y1ba2cu3o7,13,cuprate_YBCO,cuprate,273400,1.7994,86.0,ARPES measured (canonical vmid),High
4,76.4445625,51.518892248062,59.3566724745425,35.147400203827,1.1995407452483,1.29069116588067,121.3276,14.3990813953488,43.8233541228786,44.2535665434991,794.0,1001.22403100775,741.629348855485,935.114076729286,1.31500430814302,0.895987109708696,810.6,654.650387596899,311.743492313793,342.630435927781,164.5,115.054263565891,139.000513752081,90.120839474344,1.25670056650299,1.33924280475906,205,22.7906976744186,77.5258021564434,79.3242106093641,4235.85725,2975.33799224806,669.556587809389,68.3455537043014,1.01540712310099,0.81277042040323,8958.571,2082.95658139535,3194.93894591629,3643.8840288369,77.2375,108.910852713178,53.5279646494387,86.205442920185,1.10518217403612,0.766899508925827,127.05,73.8255813953488,54.8307552268797,49.5494956369642,8.1805,5.28928682170543,4.03556899860879,1.35565737416138,1.11209819664271,1.04203375695533,12.878,2.92776744186047,4.9481552875794,5.65296450346393,108.756645,97.1460001550387,7.55238461047956,1.12836566846972,0.336261915781173,0.203129932293431,399.97342,93.0090386046512,168.301046773239,166.866991991426,2.25,2.07751937984496,2.21336383940064,2.0638611731558,1.36892236074022,1.20586465999055,1,0.837209302325582,0.433012701892219,0.2674137722583,90.6,y1ba2cu3o6.9,20,cuprate_YBCO,cuprate,273400,1.7994,88.0,ARPES measured (canonical vmid),High
4,90.2786,89.3619142857143,66.9899873428582,73.1132338048705,1.17805955801262,1.15559141095092,128.2426,36.9506571428571,53.2860956008225,46.2826186083294,773.025,726.371428571429,714.946183650756,687.869420176443,1.30457766069587,1.26744040455898,810.6,243.357142857143,325.570463763223,262.815305676742,163.0,170.714285714286,138.006405771147,152.628703542847,1.25775303954432,1.16392387651853,205,65.4285714285714,76.6452868740146,67.431900644204,4870.35725,5844.48985714286,749.188915504209,1898.13426807973,1.03449529359397,0.881047412210406,8958.571,3839.79585714286,3422.72855597441,3284.56716457698,82.3375,83.5142857142857,60.7214928257155,60.6524135059113,1.1640132003214,1.01232400511734,127.05,46.9714285714286,51.12571973821,50.3437945834561,7.1055,8.946,3.58503294864781,5.82219108421513,1.09822611287521,0.907850759951925,12.878,5.58257142857143,4.58575956085794,4.36009292168347,108.756645,179.003797142857,7.55238461047956,26.5786364903901,0.336261915781173,0.201966126461713,399.97342,171.424774285714,168.301046773239,191.475654911147,2.25,2.14285714285714,2.21336383940064,2.1192680453341,1.36892236074022,1.30952583530407,1,0.571428571428571,0.433012701892219,0.349927106111883,93.0,nd1ba2cu3o,16,cuprate_YBCO,cuprate,273400,1.7994,90.0,ARPES measured (canonical vmid),High
4,76.5177175,56.8088170714286,59.3100961333418,35.7734324182576,1.19727303349869,0.981879783570863,122.90607,34.8331599285714,44.2894585275144,52.5332069817455,787.05,1011.54071428571,734.219624171273,940.294344338809,1.31300802421591,0.786865234305601,772.0,738.578571428571,314.505965762178,353.819831451067,151.75,104.371428571429,131.302196551623,84.1108347003322,1.27527399052522,1.16005975115976,171,46.8428571428571,65.5796271718588,67.1114577035996,4434.35725,2961.47371428571,674.484751445268,53.4270174887903,0.995982779568411,0.769628332487839,8958.571,1623.48342857143,3402.85619588643,3581.84892090518,79.6075,111.779214285714,48.4772646848066,98.4119621279586,1.09667176877521,0.777657155958259,135.97,81.2886428571429,54.3730969207199,42.5578923529527,6.9055,3.83471428571429,3.47947484936327,1.03921119227177,1.08857534188499,0.96403104867923,12.878,1.74457142857143,4.59906411675245,4.6583013524026,112.006645,61.34376,8.33981834610162,0.629441022509672,0.403693221013522,0.283412116654505,399.97342,57.1276685714286,166.742351106334,138.437713993087,2.25,2.26428571428571,2.21336383940064,2.2262216392083,1.36892236074022,1.04883427304761,1,1.1,0.433012701892219,0.440952123830019,28.6,la1.85sr0.15cu1o4,29,cuprate_LSCO,cuprate,245000,1.6125,31.6,ARPES measured,High
4,76.4445625,51.2456653846154,59.3566724745425,34.93526616493,1.1995407452483,1.29188813799544,121.3276,14.2883192307692,43.8233541228786,44.1921252152174,794.0,1003.62307692308,741.629348855485,937.559192443233,1.31500430814302,0.890516212329374,810.6,659.715384615385,311.743492313793,342.396001400641,164.5,114.538461538462,139.000513752081,89.6851907721419,1.25670056650299,1.339742693422,205,22.6153846153846,77.5258021564434,79.2353994166121,4235.85725,2952.46176923077,669.556587809389,66.3421689582226,1.01540712310099,0.812798145814768,8958.571,2066.92284615385,3194.93894591629,3639.1292471846,77.2375,109.169230769231,53.5279646494387,86.5393772975223,1.10518217403612,0.762761032074798,127.05,74.3538461538461,54.8307552268797,49.4457143606911,8.1805,5.25030769230769,4.03556899860879,1.33691977973836,1.11209819664271,1.04292735932209,12.878,2.90353846153846,4.9481552875794,5.64855656694176,108.756645,96.3989276923077,7.55238461047956,1.09629540931362,0.336261915781173,0.203148213514574,399.97342,92.29338,168.301046773239,166.440382618967,2.25,2.07692307692308,2.21336383940064,2.06336223306145,1.36892236074022,1.20182302376485,1,0.846153846153846,0.433012701892219,0.266469355010596,91.7,y1ba2cu3o7,13,cuprate_YBCO,cuprate,273400,1.7994,86.0,ARPES measured (canonical vmid),High
4,76.4445625,51.2456653846154,59.3566724745425,34.93526616493,1.1995407452483,1.29188813799544,121.3276,14.2883192307692,43.8233541228786,44.1921252152174,794.0,1003.62307692308,741.629348855485,937.559192443233,1.31500430814302,0.890516212329374,810.6,659.715384615385,311.743492313793,342.396001400641,164.5,114.538461538462,139.000513752081,89.6851907721419,1.25670056650299,1.339742693422,205,22.6153846153846,77.5258021564434,79.2353994166121,4235.85725,2952.46176923077,669.556587809389,66.3421689582226,1.01540712310099,0.812798145814768,8958.571,2066.92284615385,3194.93894591629,3639.1292471846,77.2375,109.169230769231,53.5279646494387,86.5393772975223,1.10518217403612,0.762761032074798,127.05,74.3538461538461,54.8307552268797,49.4457143606911,8.1805,5.25030769230769,4.03556899860879,1.33691977973836,1.11209819664271,1.04292735932209,12.878,2.90353846153846,4.9481552875794,5.64855656694176,108.756645,96.3989276923077,7.55238461047956,1.09629540931362,0.336261915781173,0.203148213514574,399.97342,92.29338,168.301046773239,166.440382618967,2.25,2.07692307692308,2.21336383940064,2.06336223306145,1.36892236074022,1.20182302376485,1,0.846153846153846,0.433012701892219,0.266469355010596,94.0,y1ba2cu3o7,13,cuprate_YBCO,cuprate,273400,1.7994,86.0,ARPES measured (canonical vmid),High
5,83.24476,59.2244,59.5060814160275,36.126174653366,1.31151037344354,1.37205026883777,192.981,25.1921866666667,67.2338347072841,64.1963038171721,779.88,1005.86666666667,740.399332713733,945.371395526592,1.55321870407659,1.01920228760579,764.1,661.026666666667,276.063147848459,333.238432490745,149.8,106.133333333333,133.425311183972,86.4573385873277,1.51953736136792,1.57318466329146,171,16.2666666666667,58.6085318021191,66.3192949969229,4584.2858,2953.4288,874.164786339504,64.6228811852236,1.16177435651007,1.09951242220735,9778.571,1303.23786666667,4004.27323147741,3977.06081745709,73.1,105.475333333333,33.1487827641917,68.5472871662888,1.20088590631532,0.827671215145129,138.63,75.742,57.6456725175446,52.6707822695742,8.1524,4.9544,4.6464334920886,1.32187528238585,1.3929374917507,1.39581372668179,12.878,1.62826666666667,4.36102637460495,5.2534095696668,128.605316,72.414176,14.2876432915522,0.969156077634558,0.87197627698413,0.777322832630269,399.97342,53.3191573333333,154.008028485009,137.579264999148,2.6,2.4,2.40224886796286,2.25989709292424,1.5193826646423,1.36507672357122,3,0.933333333333333,1.2,1.01980390271856,72.5,bi2sr2ca1cu2o8,45,cuprate_BSCCO,cuprate,304000,2.0008,85.0,ARPES measured,High
5,83.24476,59.2244,59.5060814160275,36.126174653366,1.31151037344354,1.37205026883777,192.981,25.1921866666667,67.2338347072841,64.1963038171721,779.88,1005.86666666667,740.399332713733,945.371395526592,1.55321870407659,1.01920228760579,764.1,661.026666666667,276.063147848459,333.238432490745,149.8,106.133333333333,133.425311183972,86.4573385873277,1.51953736136792,1.57318466329146,171,16.2666666666667,58.6085318021191,66.3192949969229,4584.2858,2953.4288,874.164786339504,64.6228811852236,1.16177435651007,1.09951242220735,9778.571,1303.23786666667,4004.27323147741,3977.06081745709,73.1,105.475333333333,33.1487827641917,68.5472871662888,1.20088590631532,0.827671215145129,138.63,75.742,57.6456725175446,52.6707822695742,8.1524,4.9544,4.6464334920886,1.32187528238585,1.3929374917507,1.39581372668179,12.878,1.62826666666667,4.36102637460495,5.2534095696668,128.605316,72.414176,14.2876432915522,0.969156077634558,0.87197627698413,0.777322832630269,399.97342,53.3191573333333,154.008028485009,137.579264999148,2.6,2.4,2.40224886796286,2.25989709292424,1.5193826646423,1.36507672357122,3,0.933333333333333,1.2,1.01980390271856,60.0,bi2sr2ca1cu2o8,45,cuprate_BSCCO,cuprate,304000,2.0008,85.0,ARPES measured,High
5,83.24476,59.2244,59.5060814160275,36.126174653366,1.31151037344354,1.37205026883777,192.981,25.1921866666667,67.2338347072841,64.1963038171721,779.88,1005.86666666667,740.399332713733,945.371395526592,1.55321870407659,1.01920228760579,764.1,661.026666666667,276.063147848459,333.238432490745,149.8,106.133333333333,133.425311183972,86.4573385873277,1.51953736136792,1.57318466329146,171,16.2666666666667,58.6085318021191,66.3192949969229,4584.2858,2953.4288,874.164786339504,64.6228811852236,1.16177435651007,1.09951242220735,9778.571,1303.23786666667,4004.27323147741,3977.06081745709,73.1,105.475333333333,33.1487827641917,68.5472871662888,1.20088590631532,0.827671215145129,138.63,75.742,57.6456725175446,52.6707822695742,8.1524,4.9544,4.6464334920886,1.32187528238585,1.3929374917507,1.39581372668179,12.878,1.62826666666667,4.36102637460495,5.2534095696668,128.605316,72.414176,14.2876432915522,0.969156077634558,0.87197627698413,0.777322832630269,399.97342,53.3191573333333,154.008028485009,137.579264999148,2.6,2.4,2.40224886796286,2.25989709292424,1.5193826646423,1.36507672357122,3,0.933333333333333,1.2,1.01980390271856,49.5,bi2sr2ca1cu2o8,45,cuprate_BSCCO,cuprate,304000,2.0008,85.0,ARPES measured,High
4,76.4445625,51.2456653846154,59.3566724745425,34.93526616493,1.1995407452483,1.29188813799544,121.3276,14.2883192307692,43.8233541228786,44.1921252152174,794.0,1003.62307692308,741.629348855485,937.559192443233,1.31500430814302,0.890516212329374,810.6,659.715384615385,311.743492313793,342.396001400641,164.5,114.538461538462,139.000513752081,89.6851907721419,1.25670056650299,1.339742693422,205,22.6153846153846,77.5258021564434,79.2353994166121,4235.85725,2952.46176923077,669.556587809389,66.3421689582226,1.01540712310099,0.812798145814768,8958.571,2066.92284615385,3194.93894591629,3639.1292471846,77.2375,109.169230769231,53.5279646494387,86.5393772975223,1.10518217403612,0.762761032074798,127.05,74.3538461538461,54.8307552268797,49.4457143606911,8.1805,5.25030769230769,4.03556899860879,1.33691977973836,1.11209819664271,1.04292735932209,12.878,2.90353846153846,4.9481552875794,5.64855656694176,108.756645,96.3989276923077,7.55238461047956,1.09629540931362,0.336261915781173,0.203148213514574,399.97342,92.29338,168.301046773239,166.440382618967,2.25,2.07692307692308,2.21336383940064,2.06336223306145,1.36892236074022,1.20182302376485,1,0.846153846153846,0.433012701892219,0.266469355010596,82.0,y1ba2cu3o7,13,cuprate_YBCO,cuprate,273400,1.7994,86.0,ARPES measured (canonical vmid),High
5,83.24476,59.2244,59.5060814160275,36.126174653366,1.31151037344354,1.37205026883777,192.981,25.1921866666667,67.2338347072841,64.1963038171721,779.88,1005.86666666667,740.399332713733,945.371395526592,1.55321870407659,1.01920228760579,764.1,661.026666666667,276.063147848459,333.238432490745,149.8,106.133333333333,133.425311183972,86.4573385873277,1.51953736136792,1.57318466329146,171,16.2666666666667,58.6085318021191,66.3192949969229,4584.2858,2953.4288,874.164786339504,64.6228811852236,1.16177435651007,1.09951242220735,9778.571,1303.23786666667,4004.27323147741,3977.06081745709,73.1,105.475333333333,33.1487827641917,68.5472871662888,1.20088590631532,0.827671215145129,138.63,75.742,57.6456725175446,52.6707822695742,8.1524,4.9544,4.6464334920886,1.32187528238585,1.3929374917507,1.39581372668179,12.878,1.62826666666667,4.36102637460495,5.2534095696668,128.605316,72.414176,14.2876432915522,0.969156077634558,0.87197627698413,0.777322832630269,399.97342,53.3191573333333,154.008028485009,137.579264999148,2.6,2.4,2.40224886796286,2.25989709292424,1.5193826646423,1.36507672357122,3,0.933333333333333,1.2,1.01980390271856,70.7,bi2sr2ca1cu2o8,45,cuprate_BSCCO,cuprate,304000,2.0008,85.0,ARPES measured,High
4,76.4445625,51.2456653846154,59.3566724745425,34.93526616493,1.1995407452483,1.29188813799544,121.3276,14.2883192307692,43.8233541228786,44.1921252152174,794.0,1003.62307692308,741.629348855485,937.559192443233,1.31500430814302,0.890516212329374,810.6,659.715384615385,311.743492313793,342.396001400641,164.5,114.538461538462,139.000513752081,89.6851907721419,1.25670056650299,1.339742693422,205,22.6153846153846,77.5258021564434,79.2353994166121,4235.85725,2952.46176923077,669.556587809389,66.3421689582226,1.01540712310099,0.812798145814768,8958.571,2066.92284615385,3194.93894591629,3639.1292471846,77.2375,109.169230769231,53.5279646494387,86.5393772975223,1.10518217403612,0.762761032074798,127.05,74.3538461538461,54.8307552268797,49.4457143606911,8.1805,5.25030769230769,4.03556899860879,1.33691977973836,1.11209819664271,1.04292735932209,12.878,2.90353846153846,4.9481552875794,5.64855656694176,108.756645,96.3989276923077,7.55238461047956,1.09629540931362,0.336261915781173,0.203148213514574,399.97342,92.29338,168.301046773239,166.440382618967,2.25,2.07692307692308,2.21336383940064,2.06336223306145,1.36892236074022,1.20182302376485,1,0.846153846153846,0.433012701892219,0.266469355010596,92.1,y1ba2cu3o7,13,cuprate_YBCO,cuprate,273400,1.7994,86.0,ARPES measured (canonical vmid),High
4,76.5177175,56.8088170714286,59.3100961333418,35.7734324182576,1.19727303349869,0.981879783570863,122.90607,34.8331599285714,44.2894585275144,52.5332069817455,787.05,1011.54071428571,734.219624171273,940.294344338809,1.31300802421591,0.786865234305601,772.0,738.578571428571,314.505965762178,353.819831451067,151.75,104.371428571429,131.302196551623,84.1108347003322,1.27527399052522,1.16005975115976,171,46.8428571428571,65.5796271718588,67.1114577035996,4434.35725,2961.47371428571,674.484751445268,53.4270174887903,0.995982779568411,0.769628332487839,8958.571,1623.48342857143,3402.85619588643,3581.84892090518,79.6075,111.779214285714,48.4772646848066,98.4119621279586,1.09667176877521,0.777657155958259,135.97,81.2886428571429,54.3730969207199,42.5578923529527,6.9055,3.83471428571429,3.47947484936327,1.03921119227177,1.08857534188499,0.96403104867923,12.878,1.74457142857143,4.59906411675245,4.6583013524026,112.006645,61.34376,8.33981834610162,0.629441022509672,0.403693221013522,0.283412116654505,399.97342,57.1276685714286,166.742351106334,138.437713993087,2.25,2.26428571428571,2.21336383940064,2.2262216392083,1.36892236074022,1.04883427304761,1,1.1,0.433012701892219,0.440952123830019,35.0,la1.85sr0.15cu1o4,29,cuprate_LSCO,cuprate,245000,1.6125,31.6,ARPES measured,High
4,76.4445625,51.518892248062,59.3566724745425,35.147400203827,1.1995407452483,1.29069116588067,121.3276,14.3990813953488,43.8233541228786,44.2535665434991,794.0,1001.22403100775,741.629348855485,935.114076729286,1.31500430814302,0.895987109708696,810.6,654.650387596899,311.743492313793,342.630435927781,164.5,115.054263565891,139.000513752081,90.120839474344,1.25670056650299,1.33924280475906,205,22.7906976744186,77.5258021564434,79.3242106093641,4235.85725,2975.33799224806,669.556587809389,68.3455537043014,1.01540712310099,0.81277042040323,8958.571,2082.95658139535,3194.93894591629,3643.8840288369,77.2375,108.910852713178,53.5279646494387,86.205442920185,1.10518217403612,0.766899508925827,127.05,73.8255813953488,54.8307552268797,49.5494956369642,8.1805,5.28928682170543,4.03556899860879,1.35565737416138,1.11209819664271,1.04203375695533,12.878,2.92776744186047,4.9481552875794,5.65296450346393,108.756645,97.1460001550387,7.55238461047956,1.12836566846972,0.336261915781173,0.203129932293431,399.97342,93.0090386046512,168.301046773239,166.866991991426,2.25,2.07751937984496,2.21336383940064,2.0638611731558,1.36892236074022,1.20586465999055,1,0.837209302325582,0.433012701892219,0.2674137722583,92.0,y1ba2cu3o6.9,20,cuprate_YBCO,cuprate,273400,1.7994,88.0,ARPES measured (canonical vmid),High
5,83.24476,59.2244,59.5060814160275,36.126174653366,1.31151037344354,1.37205026883777,192.981,25.1921866666667,67.2338347072841,64.1963038171721,779.88,1005.86666666667,740.399332713733,945.371395526592,1.55321870407659,1.01920228760579,764.1,661.026666666667,276.063147848459,333.238432490745,149.8,106.133333333333,133.425311183972,86.4573385873277,1.51953736136792,1.57318466329146,171,16.2666666666667,58.6085318021191,66.3192949969229,4584.2858,2953.4288,874.164786339504,64.6228811852236,1.16177435651007,1.09951242220735,9778.571,1303.23786666667,4004.27323147741,3977.06081745709,73.1,105.475333333333,33.1487827641917,68.5472871662888,1.20088590631532,0.827671215145129,138.63,75.742,57.6456725175446,52.6707822695742,8.1524,4.9544,4.6464334920886,1.32187528238585,1.3929374917507,1.39581372668179,12.878,1.62826666666667,4.36102637460495,5.2534095696668,128.605316,72.414176,14.2876432915522,0.969156077634558,0.87197627698413,0.777322832630269,399.97342,53.3191573333333,154.008028485009,137.579264999148,2.6,2.4,2.40224886796286,2.25989709292424,1.5193826646423,1.36507672357122,3,0.933333333333333,1.2,1.01980390271856,85.0,bi2sr2ca1cu2o8,45,cuprate_BSCCO,cuprate,304000,2.0008,85.0,ARPES measured,High
4,76.4445625,51.2456653846154,59.3566724745425,34.93526616493,1.1995407452483,1.29188813799544,121.3276,14.2883192307692,43.8233541228786,44.1921252152174,794.0,1003.62307692308,741.629348855485,937.559192443233,1.31500430814302,0.890516212329374,810.6,659.715384615385,311.743492313793,342.396001400641,164.5,114.538461538462,139.000513752081,89.6851907721419,1.25670056650299,1.339742693422,205,22.6153846153846,77.5258021564434,79.2353994166121,4235.85725,2952.46176923077,669.556587809389,66.3421689582226,1.01540712310099,0.812798145814768,8958.571,2066.92284615385,3194.93894591629,3639.1292471846,77.2375,109.169230769231,53.5279646494387,86.5393772975223,1.10518217403612,0.762761032074798,127.05,74.3538461538461,54.8307552268797,49.4457143606911,8.1805,5.25030769230769,4.03556899860879,1.33691977973836,1.11209819664271,1.04292735932209,12.878,2.90353846153846,4.9481552875794,5.64855656694176,108.756645,96.3989276923077,7.55238461047956,1.09629540931362,0.336261915781173,0.203148213514574,399.97342,92.29338,168.301046773239,166.440382618967,2.25,2.07692307692308,2.21336383940064,2.06336223306145,1.36892236074022,1.20182302376485,1,0.846153846153846,0.433012701892219,0.266469355010596,92.6,y1ba2cu3o7,13,cuprate_YBCO,cuprate,273400,1.7994,86.0,ARPES measured (canonical vmid),High
4,76.4445625,51.2456653846154,59.3566724745425,34.93526616493,1.1995407452483,1.29188813799544,121.3276,14.2883192307692,43.8233541228786,44.1921252152174,794.0,1003.62307692308,741.629348855485,937.559192443233,1.31500430814302,0.890516212329374,810.6,659.715384615385,311.743492313793,342.396001400641,164.5,114.538461538462,139.000513752081,89.6851907721419,1.25670056650299,1.339742693422,205,22.6153846153846,77.5258021564434,79.2353994166121,4235.85725,2952.46176923077,669.556587809389,66.3421689582226,1.01540712310099,0.812798145814768,8958.571,2066.92284615385,3194.93894591629,3639.1292471846,77.2375,109.169230769231,53.5279646494387,86.5393772975223,1.10518217403612,0.762761032074798,127.05,74.3538461538461,54.8307552268797,49.4457143606911,8.1805,5.25030769230769,4.03556899860879,1.33691977973836,1.11209819664271,1.04292735932209,12.878,2.90353846153846,4.9481552875794,5.64855656694176,108.756645,96.3989276923077,7.55238461047956,1.09629540931362,0.336261915781173,0.203148213514574,399.97342,92.29338,168.301046773239,166.440382618967,2.25,2.07692307692308,2.21336383940064,2.06336223306145,1.36892236074022,1.20182302376485,1,0.846153846153846,0.433012701892219,0.266469355010596,89.0,y1ba2cu3o7,13,cuprate_YBCO,cuprate,273400,1.7994,86.0,ARPES measured (canonical vmid),High
4,76.4445625,51.2456653846154,59.3566724745425,34.93526616493,1.1995407452483,1.29188813799544,121.3276,14.2883192307692,43.8233541228786,44.1921252152174,794.0,1003.62307692308,741.629348855485,937.559192443233,1.31500430814302,0.890516212329374,810.6,659.715384615385,311.743492313793,342.396001400641,164.5,114.538461538462,139.000513752081,89.6851907721419,1.25670056650299,1.339742693422,205,22.6153846153846,77.5258021564434,79.2353994166121,4235.85725,2952.46176923077,669.556587809389,66.3421689582226,1.01540712310099,0.812798145814768,8958.571,2066.92284615385,3194.93894591629,3639.1292471846,77.2375,109.169230769231,53.5279646494387,86.5393772975223,1.10518217403612,0.762761032074798,127.05,74.3538461538461,54.8307552268797,49.4457143606911,8.1805,5.25030769230769,4.03556899860879,1.33691977973836,1.11209819664271,1.04292735932209,12.878,2.90353846153846,4.9481552875794,5.64855656694176,108.756645,96.3989276923077,7.55238461047956,1.09629540931362,0.336261915781173,0.203148213514574,399.97342,92.29338,168.301046773239,166.440382618967,2.25,2.07692307692308,2.21336383940064,2.06336223306145,1.36892236074022,1.20182302376485,1,0.846153846153846,0.433012701892219,0.266469355010596,92.2,y1ba2cu3o7,13,cuprate_YBCO,cuprate,273400,1.7994,86.0,ARPES measured (canonical vmid),High
5,75.10025,51.2741746153846,61.2986415659057,34.9502269601143,1.45670789918645,1.32205390570555,121.3276,20.8054323076923,39.2889017109667,44.2020425538895,750.94,1002.85553846154,705.732670800629,936.466779538765,1.54212806344019,0.903568248345634,810.6,704.382923076923,291.828474278985,343.160429862144,158.8,114.496923076923,138.395161248187,89.6586704271529,1.4993643976285,1.36700341036957,205,38.2953846153846,70.2720428050871,79.2217772492674,4569.4858,2938.35715384615,1034.80638492869,66.2145657633949,1.32440300990621,0.864280339364454,8958.571,2025.569,2934.50846514481,3621.69827703079,67.87,108.756153846154,47.8012551985561,85.9930291980827,1.30774864560342,0.768508173086409,127.05,76.5904615384615,52.4988533208107,49.7273883733891,7.6624,5.21564615384615,4.30731053468283,1.33167517869474,1.36537864323393,1.07460592740633,12.878,2.93681538461538,4.54544860712339,5.62326712844676,92.805316,94.68662,9.88432185342106,1.08309765884786,0.549028713461778,0.216655892495321,399.97342,90.4472261538461,153.876487688794,165.212040177314,2.4,2.08153846153846,2.35215804504935,2.06722717781512,1.58902691517397,1.23242813168296,1,1.06307692307692,0.489897948556636,0.273660265344464,86.9,y1ba2cu2.94ga0.06o7,17,cuprate_YBCO,cuprate,273400,1.7994,87.99,ARPES measured (canonical vmid),High
4,76.4445625,51.2456653846154,59.3566724745425,34.93526616493,1.1995407452483,1.29188813799544,121.3276,14.2883192307692,43.8233541228786,44.1921252152174,794.0,1003.62307692308,741.629348855485,937.559192443233,1.31500430814302,0.890516212329374,810.6,659.715384615385,311.743492313793,342.396001400641,164.5,114.538461538462,139.000513752081,89.6851907721419,1.25670056650299,1.339742693422,205,22.6153846153846,77.5258021564434,79.2353994166121,4235.85725,2952.46176923077,669.556587809389,66.3421689582226,1.01540712310099,0.812798145814768,8958.571,2066.92284615385,3194.93894591629,3639.1292471846,77.2375,109.169230769231,53.5279646494387,86.5393772975223,1.10518217403612,0.762761032074798,127.05,74.3538461538461,54.8307552268797,49.4457143606911,8.1805,5.25030769230769,4.03556899860879,1.33691977973836,1.11209819664271,1.04292735932209,12.878,2.90353846153846,4.9481552875794,5.64855656694176,108.756645,96.3989276923077,7.55238461047956,1.09629540931362,0.336261915781173,0.203148213514574,399.97342,92.29338,168.301046773239,166.440382618967,2.25,2.07692307692308,2.21336383940064,2.06336223306145,1.36892236074022,1.20182302376485,1,0.846153846153846,0.433012701892219,0.266469355010596,91.8,y1ba2cu3o7,13,cuprate_YBCO,cuprate,273400,1.7994,86.0,ARPES measured (canonical vmid),High
4,76.5177175,56.8088170714286,59.3100961333418,35.7734324182576,1.19727303349869,0.981879783570863,122.90607,34.8331599285714,44.2894585275144,52.5332069817455,787.05,1011.54071428571,734.219624171273,940.294344338809,1.31300802421591,0.786865234305601,772.0,738.578571428571,314.505965762178,353.819831451067,151.75,104.371428571429,131.302196551623,84.1108347003322,1.27527399052522,1.16005975115976,171,46.8428571428571,65.5796271718588,67.1114577035996,4434.35725,2961.47371428571,674.484751445268,53.4270174887903,0.995982779568411,0.769628332487839,8958.571,1623.48342857143,3402.85619588643,3581.84892090518,79.6075,111.779214285714,48.4772646848066,98.4119621279586,1.09667176877521,0.777657155958259,135.97,81.2886428571429,54.3730969207199,42.5578923529527,6.9055,3.83471428571429,3.47947484936327,1.03921119227177,1.08857534188499,0.96403104867923,12.878,1.74457142857143,4.59906411675245,4.6583013524026,112.006645,61.34376,8.33981834610162,0.629441022509672,0.403693221013522,0.283412116654505,399.97342,57.1276685714286,166.742351106334,138.437713993087,2.25,2.26428571428571,2.21336383940064,2.2262216392083,1.36892236074022,1.04883427304761,1,1.1,0.433012701892219,0.440952123830019,37.8,la1.85sr0.15cu1o4,29,cuprate_LSCO,cuprate,245000,1.6125,31.6,ARPES measured,High
4,76.4445625,51.2456653846154,59.3566724745425,34.93526616493,1.1995407452483,1.29188813799544,121.3276,14.2883192307692,43.8233541228786,44.1921252152174,794.0,1003.62307692308,741.629348855485,937.559192443233,1.31500430814302,0.890516212329374,810.6,659.715384615385,311.743492313793,342.396001400641,164.5,114.538461538462,139.000513752081,89.6851907721419,1.25670056650299,1.339742693422,205,22.6153846153846,77.5258021564434,79.2353994166121,4235.85725,2952.46176923077,669.556587809389,66.3421689582226,1.01540712310099,0.812798145814768,8958.571,2066.92284615385,3194.93894591629,3639.1292471846,77.2375,109.169230769231,53.5279646494387,86.5393772975223,1.10518217403612,0.762761032074798,127.05,74.3538461538461,54.8307552268797,49.4457143606911,8.1805,5.25030769230769,4.03556899860879,1.33691977973836,1.11209819664271,1.04292735932209,12.878,2.90353846153846,4.9481552875794,5.64855656694176,108.756645,96.3989276923077,7.55238461047956,1.09629540931362,0.336261915781173,0.203148213514574,399.97342,92.29338,168.301046773239,166.440382618967,2.25,2.07692307692308,2.21336383940064,2.06336223306145,1.36892236074022,1.20182302376485,1,0.846153846153846,0.433012701892219,0.266469355010596,87.8,y1ba2cu3o7,13,cuprate_YBCO,cuprate,273400,1.7994,86.0,ARPES measured (canonical vmid),High
4,76.4445625,51.2456653846154,59.3566724745425,34.93526616493,1.1995407452483,1.29188813799544,121.3276,14.2883192307692,43.8233541228786,44.1921252152174,794.0,1003.62307692308,741.629348855485,937.559192443233,1.31500430814302,0.890516212329374,810.6,659.715384615385,311.743492313793,342.396001400641,164.5,114.538461538462,139.000513752081,89.6851907721419,1.25670056650299,1.339742693422,205,22.6153846153846,77.5258021564434,79.2353994166121,4235.85725,2952.46176923077,669.556587809389,66.3421689582226,1.01540712310099,0.812798145814768,8958.571,2066.92284615385,3194.93894591629,3639.1292471846,77.2375,109.169230769231,53.5279646494387,86.5393772975223,1.10518217403612,0.762761032074798,127.05,74.3538461538461,54.8307552268797,49.4457143606911,8.1805,5.25030769230769,4.03556899860879,1.33691977973836,1.11209819664271,1.04292735932209,12.878,2.90353846153846,4.9481552875794,5.64855656694176,108.756645,96.3989276923077,7.55238461047956,1.09629540931362,0.336261915781173,0.203148213514574,399.97342,92.29338,168.301046773239,166.440382618967,2.25,2.07692307692308,2.21336383940064,2.06336223306145,1.36892236074022,1.20182302376485,1,0.846153846153846,0.433012701892219,0.266469355010596,91.25,y1ba2cu3o7,13,cuprate_YBCO,cuprate,273400,1.7994,86.0,ARPES measured (canonical vmid),High
4,76.4445625,51.518892248062,59.3566724745425,35.147400203827,1.1995407452483,1.29069116588067,121.3276,14.3990813953488,43.8233541228786,44.2535665434991,794.0,1001.22403100775,741.629348855485,935.114076729286,1.31500430814302,0.895987109708696,810.6,654.650387596899,311.743492313793,342.630435927781,164.5,115.054263565891,139.000513752081,90.120839474344,1.25670056650299,1.33924280475906,205,22.7906976744186,77.5258021564434,79.3242106093641,4235.85725,2975.33799224806,669.556587809389,68.3455537043014,1.01540712310099,0.81277042040323,8958.571,2082.95658139535,3194.93894591629,3643.8840288369,77.2375,108.910852713178,53.5279646494387,86.205442920185,1.10518217403612,0.766899508925827,127.05,73.8255813953488,54.8307552268797,49.5494956369642,8.1805,5.28928682170543,4.03556899860879,1.35565737416138,1.11209819664271,1.04203375695533,12.878,2.92776744186047,4.9481552875794,5.65296450346393,108.756645,97.1460001550387,7.55238461047956,1.12836566846972,0.336261915781173,0.203129932293431,399.97342,93.0090386046512,168.301046773239,166.866991991426,2.25,2.07751937984496,2.21336383940064,2.0638611731558,1.36892236074022,1.20586465999055,1,0.837209302325582,0.433012701892219,0.2674137722583,80.0,y1ba2cu3o6.9,20,cuprate_YBCO,cuprate,273400,1.7994,88.0,ARPES measured (canonical vmid),High
5,83.24476,59.2244,59.5060814160275,36.126174653366,1.31151037344354,1.37205026883777,192.981,25.1921866666667,67.2338347072841,64.1963038171721,779.88,1005.86666666667,740.399332713733,945.371395526592,1.55321870407659,1.01920228760579,764.1,661.026666666667,276.063147848459,333.238432490745,149.8,106.133333333333,133.425311183972,86.4573385873277,1.51953736136792,1.57318466329146,171,16.2666666666667,58.6085318021191,66.3192949969229,4584.2858,2953.4288,874.164786339504,64.6228811852236,1.16177435651007,1.09951242220735,9778.571,1303.23786666667,4004.27323147741,3977.06081745709,73.1,105.475333333333,33.1487827641917,68.5472871662888,1.20088590631532,0.827671215145129,138.63,75.742,57.6456725175446,52.6707822695742,8.1524,4.9544,4.6464334920886,1.32187528238585,1.3929374917507,1.39581372668179,12.878,1.62826666666667,4.36102637460495,5.2534095696668,128.605316,72.414176,14.2876432915522,0.969156077634558,0.87197627698413,0.777322832630269,399.97342,53.3191573333333,154.008028485009,137.579264999148,2.6,2.4,2.40224886796286,2.25989709292424,1.5193826646423,1.36507672357122,3,0.933333333333333,1.2,1.01980390271856,52.4,bi2sr2ca1cu2o8,45,cuprate_BSCCO,cuprate,304000,2.0008,85.0,ARPES measured,High
4,76.4445625,51.518892248062,59.3566724745425,35.147400203827,1.1995407452483,1.29069116588067,121.3276,14.3990813953488,43.8233541228786,44.2535665434991,794.0,1001.22403100775,741.629348855485,935.114076729286,1.31500430814302,0.895987109708696,810.6,654.650387596899,311.743492313793,342.630435927781,164.5,115.054263565891,139.000513752081,90.120839474344,1.25670056650299,1.33924280475906,205,22.7906976744186,77.5258021564434,79.3242106093641,4235.85725,2975.33799224806,669.556587809389,68.3455537043014,1.01540712310099,0.81277042040323,8958.571,2082.95658139535,3194.93894591629,3643.8840288369,77.2375,108.910852713178,53.5279646494387,86.205442920185,1.10518217403612,0.766899508925827,127.05,73.8255813953488,54.8307552268797,49.5494956369642,8.1805,5.28928682170543,4.03556899860879,1.35565737416138,1.11209819664271,1.04203375695533,12.878,2.92776744186047,4.9481552875794,5.65296450346393,108.756645,97.1460001550387,7.55238461047956,1.12836566846972,0.336261915781173,0.203129932293431,399.97342,93.0090386046512,168.301046773239,166.866991991426,2.25,2.07751937984496,2.21336383940064,2.0638611731558,1.36892236074022,1.20586465999055,1,0.837209302325582,0.433012701892219,0.2674137722583,82.0,y1ba2cu3o6.9,20,cuprate_YBCO,cuprate,273400,1.7994,88.0,ARPES measured (canonical vmid),High
4,76.4445625,51.2456653846154,59.3566724745425,34.93526616493,1.1995407452483,1.29188813799544,121.3276,14.2883192307692,43.8233541228786,44.1921252152174,794.0,1003.62307692308,741.629348855485,937.559192443233,1.31500430814302,0.890516212329374,810.6,659.715384615385,311.743492313793,342.396001400641,164.5,114.538461538462,139.000513752081,89.6851907721419,1.25670056650299,1.339742693422,205,22.6153846153846,77.5258021564434,79.2353994166121,4235.85725,2952.46176923077,669.556587809389,66.3421689582226,1.01540712310099,0.812798145814768,8958.571,2066.92284615385,3194.93894591629,3639.1292471846,77.2375,109.169230769231,53.5279646494387,86.5393772975223,1.10518217403612,0.762761032074798,127.05,74.3538461538461,54.8307552268797,49.4457143606911,8.1805,5.25030769230769,4.03556899860879,1.33691977973836,1.11209819664271,1.04292735932209,12.878,2.90353846153846,4.9481552875794,5.64855656694176,108.756645,96.3989276923077,7.55238461047956,1.09629540931362,0.336261915781173,0.203148213514574,399.97342,92.29338,168.301046773239,166.440382618967,2.25,2.07692307692308,2.21336383940064,2.06336223306145,1.36892236074022,1.20182302376485,1,0.846153846153846,0.433012701892219,0.266469355010596,91.1,y1ba2cu3o7,13,cuprate_YBCO,cuprate,273400,1.7994,86.0,ARPES measured (canonical vmid),High
4,76.4445625,51.2456653846154,59.3566724745425,34.93526616493,1.1995407452483,1.29188813799544,121.3276,14.2883192307692,43.8233541228786,44.1921252152174,794.0,1003.62307692308,741.629348855485,937.559192443233,1.31500430814302,0.890516212329374,810.6,659.715384615385,311.743492313793,342.396001400641,164.5,114.538461538462,139.000513752081,89.6851907721419,1.25670056650299,1.339742693422,205,22.6153846153846,77.5258021564434,79.2353994166121,4235.85725,2952.46176923077,669.556587809389,66.3421689582226,1.01540712310099,0.812798145814768,8958.571,2066.92284615385,3194.93894591629,3639.1292471846,77.2375,109.169230769231,53.5279646494387,86.5393772975223,1.10518217403612,0.762761032074798,127.05,74.3538461538461,54.8307552268797,49.4457143606911,8.1805,5.25030769230769,4.03556899860879,1.33691977973836,1.11209819664271,1.04292735932209,12.878,2.90353846153846,4.9481552875794,5.64855656694176,108.756645,96.3989276923077,7.55238461047956,1.09629540931362,0.336261915781173,0.203148213514574,399.97342,92.29338,168.301046773239,166.440382618967,2.25,2.07692307692308,2.21336383940064,2.06336223306145,1.36892236074022,1.20182302376485,1,0.846153846153846,0.433012701892219,0.266469355010596,93.15,y1ba2cu3o7,13,cuprate_YBCO,cuprate,273400,1.7994,86.0,ARPES measured (canonical vmid),High
4,76.4445625,51.2456653846154,59.3566724745425,34.93526616493,1.1995407452483,1.29188813799544,121.3276,14.2883192307692,43.8233541228786,44.1921252152174,794.0,1003.62307692308,741.629348855485,937.559192443233,1.31500430814302,0.890516212329374,810.6,659.715384615385,311.743492313793,342.396001400641,164.5,114.538461538462,139.000513752081,89.6851907721419,1.25670056650299,1.339742693422,205,22.6153846153846,77.5258021564434,79.2353994166121,4235.85725,2952.46176923077,669.556587809389,66.3421689582226,1.01540712310099,0.812798145814768,8958.571,2066.92284615385,3194.93894591629,3639.1292471846,77.2375,109.169230769231,53.5279646494387,86.5393772975223,1.10518217403612,0.762761032074798,127.05,74.3538461538461,54.8307552268797,49.4457143606911,8.1805,5.25030769230769,4.03556899860879,1.33691977973836,1.11209819664271,1.04292735932209,12.878,2.90353846153846,4.9481552875794,5.64855656694176,108.756645,96.3989276923077,7.55238461047956,1.09629540931362,0.336261915781173,0.203148213514574,399.97342,92.29338,168.301046773239,166.440382618967,2.25,2.07692307692308,2.21336383940064,2.06336223306145,1.36892236074022,1.20182302376485,1,0.846153846153846,0.433012701892219,0.266469355010596,92.11,y1ba2cu3o7,13,cuprate_YBCO,cuprate,273400,1.7994,86.0,ARPES measured (canonical vmid),High
4,76.4445625,51.2456653846154,59.3566724745425,34.93526616493,1.1995407452483,1.29188813799544,121.3276,14.2883192307692,43.8233541228786,44.1921252152174,794.0,1003.62307692308,741.629348855485,937.559192443233,1.31500430814302,0.890516212329374,810.6,659.715384615385,311.743492313793,342.396001400641,164.5,114.538461538462,139.000513752081,89.6851907721419,1.25670056650299,1.339742693422,205,22.6153846153846,77.5258021564434,79.2353994166121,4235.85725,2952.46176923077,669.556587809389,66.3421689582226,1.01540712310099,0.812798145814768,8958.571,2066.92284615385,3194.93894591629,3639.1292471846,77.2375,109.169230769231,53.5279646494387,86.5393772975223,1.10518217403612,0.762761032074798,127.05,74.3538461538461,54.8307552268797,49.4457143606911,8.1805,5.25030769230769,4.03556899860879,1.33691977973836,1.11209819664271,1.04292735932209,12.878,2.90353846153846,4.9481552875794,5.64855656694176,108.756645,96.3989276923077,7.55238461047956,1.09629540931362,0.336261915781173,0.203148213514574,399.97342,92.29338,168.301046773239,166.440382618967,2.25,2.07692307692308,2.21336383940064,2.06336223306145,1.36892236074022,1.20182302376485,1,0.846153846153846,0.433012701892219,0.266469355010596,91.06,y1ba2cu3o7,13,cuprate_YBCO,cuprate,273400,1.7994,86.0,ARPES measured (canonical vmid),High
5,75.10025,51.2741746153846,61.2986415659057,34.9502269601143,1.45670789918645,1.32205390570555,121.3276,20.8054323076923,39.2889017109667,44.2020425538895,750.94,1002.85553846154,705.732670800629,936.466779538765,1.54212806344019,0.903568248345634,810.6,704.382923076923,291.828474278985,343.160429862144,158.8,114.496923076923,138.395161248187,89.6586704271529,1.4993643976285,1.36700341036957,205,38.2953846153846,70.2720428050871,79.2217772492674,4569.4858,2938.35715384615,1034.80638492869,66.2145657633949,1.32440300990621,0.864280339364454,8958.571,2025.569,2934.50846514481,3621.69827703079,67.87,108.756153846154,47.8012551985561,85.9930291980827,1.30774864560342,0.768508173086409,127.05,76.5904615384615,52.4988533208107,49.7273883733891,7.6624,5.21564615384615,4.30731053468283,1.33167517869474,1.36537864323393,1.07460592740633,12.878,2.93681538461538,4.54544860712339,5.62326712844676,92.805316,94.68662,9.88432185342106,1.08309765884786,0.549028713461778,0.216655892495321,399.97342,90.4472261538461,153.876487688794,165.212040177314,2.4,2.08153846153846,2.35215804504935,2.06722717781512,1.58902691517397,1.23242813168296,1,1.06307692307692,0.489897948556636,0.273660265344464,87.99,y1ba2cu2.94ga0.06o7,17,cuprate_YBCO,cuprate,273400,1.7994,87.99,ARPES measured (canonical vmid),High
4,76.4445625,51.2456653846154,59.3566724745425,34.93526616493,1.1995407452483,1.29188813799544,121.3276,14.2883192307692,43.8233541228786,44.1921252152174,794.0,1003.62307692308,741.629348855485,937.559192443233,1.31500430814302,0.890516212329374,810.6,659.715384615385,311.743492313793,342.396001400641,164.5,114.538461538462,139.000513752081,89.6851907721419,1.25670056650299,1.339742693422,205,22.6153846153846,77.5258021564434,79.2353994166121,4235.85725,2952.46176923077,669.556587809389,66.3421689582226,1.01540712310099,0.812798145814768,8958.571,2066.92284615385,3194.93894591629,3639.1292471846,77.2375,109.169230769231,53.5279646494387,86.5393772975223,1.10518217403612,0.762761032074798,127.05,74.3538461538461,54.8307552268797,49.4457143606911,8.1805,5.25030769230769,4.03556899860879,1.33691977973836,1.11209819664271,1.04292735932209,12.878,2.90353846153846,4.9481552875794,5.64855656694176,108.756645,96.3989276923077,7.55238461047956,1.09629540931362,0.336261915781173,0.203148213514574,399.97342,92.29338,168.301046773239,166.440382618967,2.25,2.07692307692308,2.21336383940064,2.06336223306145,1.36892236074022,1.20182302376485,1,0.846153846153846,0.433012701892219,0.266469355010596,89.66,y1ba2cu3o7,13,cuprate_YBCO,cuprate,273400,1.7994,86.0,ARPES measured (canonical vmid),High
6,92.521545,98.32841175,68.5363573233143,74.5295287994083,1.54592056317014,1.30167100679299,192.981,50.245175,64.786450287745,68.569526454581,740.083333333333,736.84,702.696738624533,708.902750630425,1.73455624015476,1.62702307287127,772.0,172.7225,267.260032032892,231.145232267507,157.333333333333,156.4,142.136065302749,144.263735013872,1.71502348721567,1.56231094305045,171,44.4,56.0911955856017,51.3993190616374,4844.5715,5624.328625,1209.92889728141,1853.6898173813,1.43198701933065,1.1804314892454,9778.571,2444.821375,3701.42945203533,3892.34834942361,69.1666666666667,74.153,35.4397395157605,38.0089658749793,1.42312990955701,1.25106089693098,138.63,29.49125,53.3529929390616,53.4290314903798,7.84366666666667,9.05275,4.88828512046274,6.26007541027826,1.6001407919691,1.39070994168162,12.878,3.24725,4.04046703846089,3.89455747646636,109.337763333333,135.2033225,14.0645030382706,21.9912294514706,0.952020165801642,0.777868235138447,399.97342,99.9966775,147.042806557637,164.365177800144,2.66666666666667,2.775,2.49288287167843,2.54048876893044,1.71707598019888,1.49430474085735,3,1.175,1.10554159678513,1.29397642946075,90.58,bi2sr1.8la0.2ca1cu2o,46,cuprate_BSCCO,cuprate,304000,2.0008,85.3,ARPES measured,High
5,104.07756,94.744225,76.8773653051645,66.096929649535,1.3858325858672,1.16958754987335,192.981,50.442075,66.7670712054258,71.4050045958221,768.3,827.28125,725.244837646858,783.527289303322,1.54749723665468,1.36148337213918,781.6,321.63125,284.883772791642,289.915296290895,152.2,138.5875,135.036546476003,121.412985057254,1.51652557481018,1.3540067569604,171,49.4375,60.5818454654528,60.4912584077237,5676.2858,5397.60725,1182.14451620971,766.885875131392,1.29743840173419,1.04079576657505,9778.571,2444.64275,3765.25960926024,4135.86163758626,82.626,90.969625,55.6271536507856,58.1926207350886,1.38661808655755,1.18575121868952,135.97,34.98125,48.6521562112102,50.8595631726166,7.8644,8.04425,4.47795598790368,3.98462351215818,1.38408738269752,1.15745998893904,12.878,3.2195,4.37345051875518,4.87211329276116,92.005316,110.531645,8.72658622387044,7.32020107733435,0.510463972017038,0.370391652140583,399.97342,99.993355,154.436465800793,167.610577322012,2.8,2.7625,2.60517108469735,2.52764534924787,1.53177807879137,1.33865371570992,3,1.2125,1.16619037896906,1.29656999425407,8.01,bi1sr0.95nd0.05cu1o,39,cuprate_BSCCO,cuprate,304000,2.0008,8.01,ARPES measured,High
4,90.1422625,58.4628789285714,66.9350441753246,36.2720549072903,1.1786487477301,1.01913418487134,124.90825,34.2373932142857,53.101375326838,54.5281324904717,781.2,1007.51785714286,726.276975830068,933.241464598721,1.30963661341067,0.781677838067417,786.5,738.769285714286,319.052668065948,359.181808374028,156.25,117.385714285714,133.542493259005,89.2100968068677,1.26330558899854,1.08656171415207,199,61.3142857142857,72.2958332132634,86.0112605347434,5572.60725,3179.00942857143,868.395128395836,55.6316218883793,1.08892790263583,0.836141109574179,8958.571,1754.04057142857,3350.30285164755,3738.1444917717,91.35,113.271428571429,82.046890506221,103.94732073931,1.28520320008435,0.822660771041162,91.0,80.325,40.6431728584273,39.8077420426054,6.4305,3.93971428571429,3.24122375040231,1.05598644860201,1.06747319560728,0.925773552258418,12.878,1.75357142857143,4.58568323698879,4.71734936815416,106.006645,60.8294742857143,6.24435738721919,0.614021288835698,0.257209773933062,0.244639046719328,399.97342,57.1276685714286,169.808985016895,138.579130686535,3.0,2.57142857142857,2.82842712474619,2.43802730840895,1.32966134885476,1.08335601779317,2,1.05714285714286,1.0,0.903507902905251,17.0,pr1.85ce0.15cu1o4,76,cuprate_electron_doped,cuprate,230000,1.5137,23.2,ARPES measured,High
4,76.5177175,57.2484068142857,59.3100961333418,35.9150018416559,1.19727303349869,0.935318973929482,122.90607,36.7748068142857,44.2894585275144,53.0016766072158,787.05,1011.473,734.219624171273,940.177532083957,1.31300802421591,0.774005177116847,772.0,743.284285714286,314.505965762178,353.909091030249,151.75,104.165714285714,131.302196551623,84.0271940812136,1.27527399052522,1.11330715887899,171,50.3914285714286,65.5796271718588,66.7958165621477,4434.35725,2991.61085714286,674.484751445268,53.8171474962129,0.995982779568411,0.740605487633944,8958.571,1676.16342857143,3402.85619588643,3593.70509331722,79.6075,112.147528571429,48.4772646848066,100.135508626297,1.09667176877521,0.779711931612519,135.97,81.3446142857143,54.3730969207199,41.8250574728395,6.9055,3.82014285714286,3.47947484936327,1.03708543388659,1.08857534188499,0.919302767582771,12.878,1.76857142857143,4.59906411675245,4.64789654201835,112.006645,61.1551885714286,8.33981834610162,0.624120231144624,0.403693221013522,0.266761555299874,399.97342,57.1276685714286,166.742351106334,138.488443665134,2.25,2.27285714285714,2.21336383940064,2.23397214406932,1.36892236074022,1.02489171610421,1,1.11714285714286,0.433012701892219,0.445428021625245,11.0,la1.91sr0.09cu1o4,28,cuprate_LSCO,cuprate,245000,1.6125,27.9,ARPES measured,High
4,90.2786,89.3619142857143,66.9899873428582,73.1132338048705,1.17805955801262,1.15559141095092,128.2426,36.9506571428571,53.2860956008225,46.2826186083294,773.025,726.371428571429,714.946183650756,687.869420176443,1.30457766069587,1.26744040455898,810.6,243.357142857143,325.570463763223,262.815305676742,163.0,170.714285714286,138.006405771147,152.628703542847,1.25775303954432,1.16392387651853,205,65.4285714285714,76.6452868740146,67.431900644204,4870.35725,5844.48985714286,749.188915504209,1898.13426807973,1.03449529359397,0.881047412210406,8958.571,3839.79585714286,3422.72855597441,3284.56716457698,82.3375,83.5142857142857,60.7214928257155,60.6524135059113,1.1640132003214,1.01232400511734,127.05,46.9714285714286,51.12571973821,50.3437945834561,7.1055,8.946,3.58503294864781,5.82219108421513,1.09822611287521,0.907850759951925,12.878,5.58257142857143,4.58575956085794,4.36009292168347,108.756645,179.003797142857,7.55238461047956,26.5786364903901,0.336261915781173,0.201966126461713,399.97342,171.424774285714,168.301046773239,191.475654911147,2.25,2.14285714285714,2.21336383940064,2.1192680453341,1.36892236074022,1.30952583530407,1,0.571428571428571,0.433012701892219,0.349927106111883,87.63,nd1ba2cu3o,16,cuprate_YBCO,cuprate,273400,1.7994,90.0,ARPES measured (canonical vmid),High
5,83.24476,59.2244,59.5060814160275,36.126174653366,1.31151037344354,1.37205026883777,192.981,25.1921866666667,67.2338347072841,64.1963038171721,779.88,1005.86666666667,740.399332713733,945.371395526592,1.55321870407659,1.01920228760579,764.1,661.026666666667,276.063147848459,333.238432490745,149.8,106.133333333333,133.425311183972,86.4573385873277,1.51953736136792,1.57318466329146,171,16.2666666666667,58.6085318021191,66.3192949969229,4584.2858,2953.4288,874.164786339504,64.6228811852236,1.16177435651007,1.09951242220735,9778.571,1303.23786666667,4004.27323147741,3977.06081745709,73.1,105.475333333333,33.1487827641917,68.5472871662888,1.20088590631532,0.827671215145129,138.63,75.742,57.6456725175446,52.6707822695742,8.1524,4.9544,4.6464334920886,1.32187528238585,1.3929374917507,1.39581372668179,12.878,1.62826666666667,4.36102637460495,5.2534095696668,128.605316,72.414176,14.2876432915522,0.969156077634558,0.87197627698413,0.777322832630269,399.97342,53.3191573333333,154.008028485009,137.579264999148,2.6,2.4,2.40224886796286,2.25989709292424,1.5193826646423,1.36507672357122,3,0.933333333333333,1.2,1.01980390271856,83.0,bi2sr2ca1cu2o8,45,cuprate_BSCCO,cuprate,304000,2.0008,85.0,ARPES measured,High
5,83.24476,59.2244,59.5060814160275,36.126174653366,1.31151037344354,1.37205026883777,192.981,25.1921866666667,67.2338347072841,64.1963038171721,779.88,1005.86666666667,740.399332713733,945.371395526592,1.55321870407659,1.01920228760579,764.1,661.026666666667,276.063147848459,333.238432490745,149.8,106.133333333333,133.425311183972,86.4573385873277,1.51953736136792,1.57318466329146,171,16.2666666666667,58.6085318021191,66.3192949969229,4584.2858,2953.4288,874.164786339504,64.6228811852236,1.16177435651007,1.09951242220735,9778.571,1303.23786666667,4004.27323147741,3977.06081745709,73.1,105.475333333333,33.1487827641917,68.5472871662888,1.20088590631532,0.827671215145129,138.63,75.742,57.6456725175446,52.6707822695742,8.1524,4.9544,4.6464334920886,1.32187528238585,1.3929374917507,1.39581372668179,12.878,1.62826666666667,4.36102637460495,5.2534095696668,128.605316,72.414176,14.2876432915522,0.969156077634558,0.87197627698413,0.777322832630269,399.97342,53.3191573333333,154.008028485009,137.579264999148,2.6,2.4,2.40224886796286,2.25989709292424,1.5193826646423,1.36507672357122,3,0.933333333333333,1.2,1.01980390271856,25.0,bi2sr2ca1cu2o8,45,cuprate_BSCCO,cuprate,304000,2.0008,85.0,ARPES measured,High
4,76.4445625,51.2456653846154,59.3566724745425,34.93526616493,1.1995407452483,1.29188813799544,121.3276,14.2883192307692,43.8233541228786,44.1921252152174,794.0,1003.62307692308,741.629348855485,937.559192443233,1.31500430814302,0.890516212329374,810.6,659.715384615385,311.743492313793,342.396001400641,164.5,114.538461538462,139.000513752081,89.6851907721419,1.25670056650299,1.339742693422,205,22.6153846153846,77.5258021564434,79.2353994166121,4235.85725,2952.46176923077,669.556587809389,66.3421689582226,1.01540712310099,0.812798145814768,8958.571,2066.92284615385,3194.93894591629,3639.1292471846,77.2375,109.169230769231,53.5279646494387,86.5393772975223,1.10518217403612,0.762761032074798,127.05,74.3538461538461,54.8307552268797,49.4457143606911,8.1805,5.25030769230769,4.03556899860879,1.33691977973836,1.11209819664271,1.04292735932209,12.878,2.90353846153846,4.9481552875794,5.64855656694176,108.756645,96.3989276923077,7.55238461047956,1.09629540931362,0.336261915781173,0.203148213514574,399.97342,92.29338,168.301046773239,166.440382618967,2.25,2.07692307692308,2.21336383940064,2.06336223306145,1.36892236074022,1.20182302376485,1,0.846153846153846,0.433012701892219,0.266469355010596,89.5,y1ba2cu3o7,13,cuprate_YBCO,cuprate,273400,1.7994,86.0,ARPES measured (canonical vmid),High
4,76.4445625,51.2456653846154,59.3566724745425,34.93526616493,1.1995407452483,1.29188813799544,121.3276,14.2883192307692,43.8233541228786,44.1921252152174,794.0,1003.62307692308,741.629348855485,937.559192443233,1.31500430814302,0.890516212329374,810.6,659.715384615385,311.743492313793,342.396001400641,164.5,114.538461538462,139.000513752081,89.6851907721419,1.25670056650299,1.339742693422,205,22.6153846153846,77.5258021564434,79.2353994166121,4235.85725,2952.46176923077,669.556587809389,66.3421689582226,1.01540712310099,0.812798145814768,8958.571,2066.92284615385,3194.93894591629,3639.1292471846,77.2375,109.169230769231,53.5279646494387,86.5393772975223,1.10518217403612,0.762761032074798,127.05,74.3538461538461,54.8307552268797,49.4457143606911,8.1805,5.25030769230769,4.03556899860879,1.33691977973836,1.11209819664271,1.04292735932209,12.878,2.90353846153846,4.9481552875794,5.64855656694176,108.756645,96.3989276923077,7.55238461047956,1.09629540931362,0.336261915781173,0.203148213514574,399.97342,92.29338,168.301046773239,166.440382618967,2.25,2.07692307692308,2.21336383940064,2.06336223306145,1.36892236074022,1.20182302376485,1,0.846153846153846,0.433012701892219,0.266469355010596,81.0,y1ba2cu3o7,13,cuprate_YBCO,cuprate,273400,1.7994,86.0,ARPES measured (canonical vmid),High
5,83.24476,59.2244,59.5060814160275,36.126174653366,1.31151037344354,1.37205026883777,192.981,25.1921866666667,67.2338347072841,64.1963038171721,779.88,1005.86666666667,740.399332713733,945.371395526592,1.55321870407659,1.01920228760579,764.1,661.026666666667,276.063147848459,333.238432490745,149.8,106.133333333333,133.425311183972,86.4573385873277,1.51953736136792,1.57318466329146,171,16.2666666666667,58.6085318021191,66.3192949969229,4584.2858,2953.4288,874.164786339504,64.6228811852236,1.16177435651007,1.09951242220735,9778.571,1303.23786666667,4004.27323147741,3977.06081745709,73.1,105.475333333333,33.1487827641917,68.5472871662888,1.20088590631532,0.827671215145129,138.63,75.742,57.6456725175446,52.6707822695742,8.1524,4.9544,4.6464334920886,1.32187528238585,1.3929374917507,1.39581372668179,12.878,1.62826666666667,4.36102637460495,5.2534095696668,128.605316,72.414176,14.2876432915522,0.969156077634558,0.87197627698413,0.777322832630269,399.97342,53.3191573333333,154.008028485009,137.579264999148,2.6,2.4,2.40224886796286,2.25989709292424,1.5193826646423,1.36507672357122,3,0.933333333333333,1.2,1.01980390271856,90.0,bi2sr2ca1cu2o8,45,cuprate_BSCCO,cuprate,304000,2.0008,85.0,ARPES measured,High
4,76.4445625,51.2456653846154,59.3566724745425,34.93526616493,1.1995407452483,1.29188813799544,121.3276,14.2883192307692,43.8233541228786,44.1921252152174,794.0,1003.62307692308,741.629348855485,937.559192443233,1.31500430814302,0.890516212329374,810.6,659.715384615385,311.743492313793,342.396001400641,164.5,114.538461538462,139.000513752081,89.6851907721419,1.25670056650299,1.339742693422,205,22.6153846153846,77.5258021564434,79.2353994166121,4235.85725,2952.46176923077,669.556587809389,66.3421689582226,1.01540712310099,0.812798145814768,8958.571,2066.92284615385,3194.93894591629,3639.1292471846,77.2375,109.169230769231,53.5279646494387,86.5393772975223,1.10518217403612,0.762761032074798,127.05,74.3538461538461,54.8307552268797,49.4457143606911,8.1805,5.25030769230769,4.03556899860879,1.33691977973836,1.11209819664271,1.04292735932209,12.878,2.90353846153846,4.9481552875794,5.64855656694176,108.756645,96.3989276923077,7.55238461047956,1.09629540931362,0.336261915781173,0.203148213514574,399.97342,92.29338,168.301046773239,166.440382618967,2.25,2.07692307692308,2.21336383940064,2.06336223306145,1.36892236074022,1.20182302376485,1,0.846153846153846,0.433012701892219,0.266469355010596,90.5,y1ba2cu3o7,13,cuprate_YBCO,cuprate,273400,1.7994,86.0,ARPES measured (canonical vmid),High
4,76.4445625,51.2456653846154,59.3566724745425,34.93526616493,1.1995407452483,1.29188813799544,121.3276,14.2883192307692,43.8233541228786,44.1921252152174,794.0,1003.62307692308,741.629348855485,937.559192443233,1.31500430814302,0.890516212329374,810.6,659.715384615385,311.743492313793,342.396001400641,164.5,114.538461538462,139.000513752081,89.6851907721419,1.25670056650299,1.339742693422,205,22.6153846153846,77.5258021564434,79.2353994166121,4235.85725,2952.46176923077,669.556587809389,66.3421689582226,1.01540712310099,0.812798145814768,8958.571,2066.92284615385,3194.93894591629,3639.1292471846,77.2375,109.169230769231,53.5279646494387,86.5393772975223,1.10518217403612,0.762761032074798,127.05,74.3538461538461,54.8307552268797,49.4457143606911,8.1805,5.25030769230769,4.03556899860879,1.33691977973836,1.11209819664271,1.04292735932209,12.878,2.90353846153846,4.9481552875794,5.64855656694176,108.756645,96.3989276923077,7.55238461047956,1.09629540931362,0.336261915781173,0.203148213514574,399.97342,92.29338,168.301046773239,166.440382618967,2.25,2.07692307692308,2.21336383940064,2.06336223306145,1.36892236074022,1.20182302376485,1,0.846153846153846,0.433012701892219,0.266469355010596,91.4,y1ba2cu3o7,13,cuprate_YBCO,cuprate,273400,1.7994,86.0,ARPES measured (canonical vmid),High
4,76.4445625,51.2456653846154,59.3566724745425,34.93526616493,1.1995407452483,1.29188813799544,121.3276,14.2883192307692,43.8233541228786,44.1921252152174,794.0,1003.62307692308,741.629348855485,937.559192443233,1.31500430814302,0.890516212329374,810.6,659.715384615385,311.743492313793,342.396001400641,164.5,114.538461538462,139.000513752081,89.6851907721419,1.25670056650299,1.339742693422,205,22.6153846153846,77.5258021564434,79.2353994166121,4235.85725,2952.46176923077,669.556587809389,66.3421689582226,1.01540712310099,0.812798145814768,8958.571,2066.92284615385,3194.93894591629,3639.1292471846,77.2375,109.169230769231,53.5279646494387,86.5393772975223,1.10518217403612,0.762761032074798,127.05,74.3538461538461,54.8307552268797,49.4457143606911,8.1805,5.25030769230769,4.03556899860879,1.33691977973836,1.11209819664271,1.04292735932209,12.878,2.90353846153846,4.9481552875794,5.64855656694176,108.756645,96.3989276923077,7.55238461047956,1.09629540931362,0.336261915781173,0.203148213514574,399.97342,92.29338,168.301046773239,166.440382618967,2.25,2.07692307692308,2.21336383940064,2.06336223306145,1.36892236074022,1.20182302376485,1,0.846153846153846,0.433012701892219,0.266469355010596,95.0,y1ba2cu3o7,13,cuprate_YBCO,cuprate,273400,1.7994,86.0,ARPES measured (canonical vmid),High
4,76.4445625,51.2456653846154,59.3566724745425,34.93526616493,1.1995407452483,1.29188813799544,121.3276,14.2883192307692,43.8233541228786,44.1921252152174,794.0,1003.62307692308,741.629348855485,937.559192443233,1.31500430814302,0.890516212329374,810.6,659.715384615385,311.743492313793,342.396001400641,164.5,114.538461538462,139.000513752081,89.6851907721419,1.25670056650299,1.339742693422,205,22.6153846153846,77.5258021564434,79.2353994166121,4235.85725,2952.46176923077,669.556587809389,66.3421689582226,1.01540712310099,0.812798145814768,8958.571,2066.92284615385,3194.93894591629,3639.1292471846,77.2375,109.169230769231,53.5279646494387,86.5393772975223,1.10518217403612,0.762761032074798,127.05,74.3538461538461,54.8307552268797,49.4457143606911,8.1805,5.25030769230769,4.03556899860879,1.33691977973836,1.11209819664271,1.04292735932209,12.878,2.90353846153846,4.9481552875794,5.64855656694176,108.756645,96.3989276923077,7.55238461047956,1.09629540931362,0.336261915781173,0.203148213514574,399.97342,92.29338,168.301046773239,166.440382618967,2.25,2.07692307692308,2.21336383940064,2.06336223306145,1.36892236074022,1.20182302376485,1,0.846153846153846,0.433012701892219,0.266469355010596,88.9,y1ba2cu3o7,13,cuprate_YBCO,cuprate,273400,1.7994,86.0,ARPES measured (canonical vmid),High
4,76.4445625,51.2456653846154,59.3566724745425,34.93526616493,1.1995407452483,1.29188813799544,121.3276,14.2883192307692,43.8233541228786,44.1921252152174,794.0,1003.62307692308,741.629348855485,937.559192443233,1.31500430814302,0.890516212329374,810.6,659.715384615385,311.743492313793,342.396001400641,164.5,114.538461538462,139.000513752081,89.6851907721419,1.25670056650299,1.339742693422,205,22.6153846153846,77.5258021564434,79.2353994166121,4235.85725,2952.46176923077,669.556587809389,66.3421689582226,1.01540712310099,0.812798145814768,8958.571,2066.92284615385,3194.93894591629,3639.1292471846,77.2375,109.169230769231,53.5279646494387,86.5393772975223,1.10518217403612,0.762761032074798,127.05,74.3538461538461,54.8307552268797,49.4457143606911,8.1805,5.25030769230769,4.03556899860879,1.33691977973836,1.11209819664271,1.04292735932209,12.878,2.90353846153846,4.9481552875794,5.64855656694176,108.756645,96.3989276923077,7.55238461047956,1.09629540931362,0.336261915781173,0.203148213514574,399.97342,92.29338,168.301046773239,166.440382618967,2.25,2.07692307692308,2.21336383940064,2.06336223306145,1.36892236074022,1.20182302376485,1,0.846153846153846,0.433012701892219,0.266469355010596,89.2,y1ba2cu3o7,13,cuprate_YBCO,cuprate,273400,1.7994,86.0,ARPES measured (canonical vmid),High
4,76.4445625,51.2456653846154,59.3566724745425,34.93526616493,1.1995407452483,1.29188813799544,121.3276,14.2883192307692,43.8233541228786,44.1921252152174,794.0,1003.62307692308,741.629348855485,937.559192443233,1.31500430814302,0.890516212329374,810.6,659.715384615385,311.743492313793,342.396001400641,164.5,114.538461538462,139.000513752081,89.6851907721419,1.25670056650299,1.339742693422,205,22.6153846153846,77.5258021564434,79.2353994166121,4235.85725,2952.46176923077,669.556587809389,66.3421689582226,1.01540712310099,0.812798145814768,8958.571,2066.92284615385,3194.93894591629,3639.1292471846,77.2375,109.169230769231,53.5279646494387,86.5393772975223,1.10518217403612,0.762761032074798,127.05,74.3538461538461,54.8307552268797,49.4457143606911,8.1805,5.25030769230769,4.03556899860879,1.33691977973836,1.11209819664271,1.04292735932209,12.878,2.90353846153846,4.9481552875794,5.64855656694176,108.756645,96.3989276923077,7.55238461047956,1.09629540931362,0.336261915781173,0.203148213514574,399.97342,92.29338,168.301046773239,166.440382618967,2.25,2.07692307692308,2.21336383940064,2.06336223306145,1.36892236074022,1.20182302376485,1,0.846153846153846,0.433012701892219,0.266469355010596,90.1,y1ba2cu3o7,13,cuprate_YBCO,cuprate,273400,1.7994,86.0,ARPES measured (canonical vmid),High
4,76.4445625,51.2456653846154,59.3566724745425,34.93526616493,1.1995407452483,1.29188813799544,121.3276,14.2883192307692,43.8233541228786,44.1921252152174,794.0,1003.62307692308,741.629348855485,937.559192443233,1.31500430814302,0.890516212329374,810.6,659.715384615385,311.743492313793,342.396001400641,164.5,114.538461538462,139.000513752081,89.6851907721419,1.25670056650299,1.339742693422,205,22.6153846153846,77.5258021564434,79.2353994166121,4235.85725,2952.46176923077,669.556587809389,66.3421689582226,1.01540712310099,0.812798145814768,8958.571,2066.92284615385,3194.93894591629,3639.1292471846,77.2375,109.169230769231,53.5279646494387,86.5393772975223,1.10518217403612,0.762761032074798,127.05,74.3538461538461,54.8307552268797,49.4457143606911,8.1805,5.25030769230769,4.03556899860879,1.33691977973836,1.11209819664271,1.04292735932209,12.878,2.90353846153846,4.9481552875794,5.64855656694176,108.756645,96.3989276923077,7.55238461047956,1.09629540931362,0.336261915781173,0.203148213514574,399.97342,92.29338,168.301046773239,166.440382618967,2.25,2.07692307692308,2.21336383940064,2.06336223306145,1.36892236074022,1.20182302376485,1,0.846153846153846,0.433012701892219,0.266469355010596,88.5,y1ba2cu3o7,13,cuprate_YBCO,cuprate,273400,1.7994,86.0,ARPES measured (canonical vmid),High
5,83.24476,59.2244,59.5060814160275,36.126174653366,1.31151037344354,1.37205026883777,192.981,25.1921866666667,67.2338347072841,64.1963038171721,779.88,1005.86666666667,740.399332713733,945.371395526592,1.55321870407659,1.01920228760579,764.1,661.026666666667,276.063147848459,333.238432490745,149.8,106.133333333333,133.425311183972,86.4573385873277,1.51953736136792,1.57318466329146,171,16.2666666666667,58.6085318021191,66.3192949969229,4584.2858,2953.4288,874.164786339504,64.6228811852236,1.16177435651007,1.09951242220735,9778.571,1303.23786666667,4004.27323147741,3977.06081745709,73.1,105.475333333333,33.1487827641917,68.5472871662888,1.20088590631532,0.827671215145129,138.63,75.742,57.6456725175446,52.6707822695742,8.1524,4.9544,4.6464334920886,1.32187528238585,1.3929374917507,1.39581372668179,12.878,1.62826666666667,4.36102637460495,5.2534095696668,128.605316,72.414176,14.2876432915522,0.969156077634558,0.87197627698413,0.777322832630269,399.97342,53.3191573333333,154.008028485009,137.579264999148,2.6,2.4,2.40224886796286,2.25989709292424,1.5193826646423,1.36507672357122,3,0.933333333333333,1.2,1.01980390271856,98.0,bi2sr2ca1cu2o8,45,cuprate_BSCCO,cuprate,304000,2.0008,85.0,ARPES measured,High
5,83.24476,59.2244,59.5060814160275,36.126174653366,1.31151037344354,1.37205026883777,192.981,25.1921866666667,67.2338347072841,64.1963038171721,779.88,1005.86666666667,740.399332713733,945.371395526592,1.55321870407659,1.01920228760579,764.1,661.026666666667,276.063147848459,333.238432490745,149.8,106.133333333333,133.425311183972,86.4573385873277,1.51953736136792,1.57318466329146,171,16.2666666666667,58.6085318021191,66.3192949969229,4584.2858,2953.4288,874.164786339504,64.6228811852236,1.16177435651007,1.09951242220735,9778.571,1303.23786666667,4004.27323147741,3977.06081745709,73.1,105.475333333333,33.1487827641917,68.5472871662888,1.20088590631532,0.827671215145129,138.63,75.742,57.6456725175446,52.6707822695742,8.1524,4.9544,4.6464334920886,1.32187528238585,1.3929374917507,1.39581372668179,12.878,1.62826666666667,4.36102637460495,5.2534095696668,128.605316,72.414176,14.2876432915522,0.969156077634558,0.87197627698413,0.777322832630269,399.97342,53.3191573333333,154.008028485009,137.579264999148,2.6,2.4,2.40224886796286,2.25989709292424,1.5193826646423,1.36507672357122,3,0.933333333333333,1.2,1.01980390271856,84.0,bi2sr2ca1cu2o8,45,cuprate_BSCCO,cuprate,304000,2.0008,85.0,ARPES measured,High
5,92.26674,65.2390533333333,64.8126619740323,38.2432079662367,1.32328660934735,1.38327196628044,188.3839,24.57924,69.2326551521925,67.8973470356623,747.78,984.466666666667,702.115183963558,912.495410008807,1.54100618977138,0.98684371065202,810.6,661.026666666667,293.286136051468,357.05227379506,159.2,112.4,139.74337176418,89.1655702687942,1.50732079160841,1.56195207452127,205,20.8,67.2113085722931,75.4106977380088,5174.2858,3346.76213333333,962.364248380021,68.8996631679477,1.16506544127006,1.10644451182222,11848.571,1579.23786666667,4506.89548007568,4475.40437412919,60.484,97.0646666666667,29.1775463973801,62.9570534333801,1.11263862269811,0.687370134057524,138.63,75.742,58.4343360020459,58.4397919077594,6.8124,4.06106666666667,3.83958497592852,1.16403718539927,1.34550846737517,1.36575380665463,12.878,1.62826666666667,4.34020541449365,4.70773784977692,132.805316,75.214176,17.7474131712332,1.11989343216865,0.949904122208674,0.866400030272894,399.97342,53.3191573333333,151.16463932891,136.631480409064,2.2,2.13333333333333,2.1689435423954,2.11110011888848,1.59416669911802,1.35359135213461,1,0.933333333333333,0.4,0.339934634239519,87.0,tl2ba2ca1cu2o8,54,cuprate_Tl_based,cuprate,320000,2.1061,109.0,ARPES measured,High
4,76.4445625,52.5385905901116,59.3566724745425,35.9505339890945,1.1995407452483,1.28608725589676,121.3276,14.81245215311,43.8233541228786,44.4672978952424,794.0,992.270653907496,741.629348855485,926.044938701222,1.31500430814302,0.91625201149114,810.6,635.747527910686,311.743492313793,343.355964801318,164.5,116.979266347687,139.000513752081,91.7654744562321,1.25670056650299,1.33710624914317,205,23.444976076555,77.5258021564434,79.6252860151,4235.85725,3060.71337001595,669.556587809389,76.3713888356103,1.01540712310099,0.812670154768629,8958.571,2142.79540191388,3194.93894591629,3660.31238082406,77.2375,107.946570972887,53.5279646494387,84.9705190182277,1.10518217403612,0.782131904398332,127.05,71.8540669856459,54.8307552268797,49.9231021132042,8.1805,5.43475917065391,4.03556899860879,1.42793587681037,1.11209819664271,1.0387732511059,12.878,3.01819138755981,4.9481552875794,5.66701797296926,108.756645,99.9341174800638,7.55238461047956,1.25656132420489,0.336261915781173,0.20306386147859,399.97342,95.6799176076555,168.301046773239,168.420323556289,2.25,2.07974481658692,2.21336383940064,2.06572431181329,1.36892236074022,1.22047263384096,1,0.803827751196172,0.433012701892219,0.270897731283302,54.0,y1ba2cu3o6.54,7,cuprate_YBCO,cuprate,273400,1.7994,54.0,ARPES measured (canonical vmid),High
4,105.313925,76.9655425959781,73.0883762545777,42.8348944869837,1.12584817902596,1.15748532221805,188.3839,31.5558135283364,71.6959238182819,75.2909506015082,787.375,980.586288848263,733.513183093207,903.375721107121,1.31211186553251,0.88133871066693,810.6,644.864168190128,315.724764430983,367.33992185025,150.5,114.087751371115,128.740025194666,89.2646009698538,1.25878050352551,1.29996328902186,205,32.9981718464351,72.5827114401219,79.4206373551942,6080.35725,3627.83256489945,854.262665195479,68.9164192026461,0.998141383301719,0.952088084753041,11848.571,2165.58608226691,4613.60013686521,4701.15725346405,74.6375,94.9405850091408,48.3485238699581,65.6738975600077,1.05768348464572,0.649006174387495,127.05,74.5475319926874,57.1542362275099,58.71839760734,6.3805,3.54832541133455,3.14406044539472,1.06233182875198,1.04418073353965,1.17801932410013,12.878,1.34198537477148,4.75542224728783,4.24825416643863,116.006645,48.2776860329068,9.6863760659405,0.82395378725541,0.483727931942032,0.700405963867187,399.97342,36.5486393784278,164.780030624066,112.874104222092,2.25,2.18281535648994,2.21336383940064,2.15388336429224,1.36892236074022,1.20137790366219,1,0.903107861060329,0.433012701892219,0.386515073343071,58.0,tl2ba2cu1o5.94,57,cuprate_Tl_based,cuprate,320000,2.1061,58.0,ARPES measured,High
4,105.313925,76.633,73.0883762545777,42.6054174665645,1.12584817902596,1.15864641056541,188.3839,31.3836909090909,71.6959238182819,75.2194799690394,787.375,982.4,733.513183093207,905.220525559067,1.31211186553251,0.877226855858847,810.6,648.509090909091,315.724764430983,367.154441123029,150.5,113.727272727273,128.740025194666,88.9630381515022,1.25878050352551,1.30036073254033,205,32.8181818181818,72.5827114401219,79.3531701939797,6080.35725,3608.05218181818,854.262665195479,67.4747244434402,0.998141383301719,0.952104272052556,11848.571,2153.766,4613.60013686521,4695.92053361497,74.6375,95.2,48.3485238699581,65.951977310881,1.05768348464572,0.645370390180314,127.05,74.9181818181818,57.1542362275099,58.6627146568337,6.3805,3.53018181818182,3.14406044539472,1.05329884711804,1.04418073353965,1.17877374986123,12.878,1.33345454545455,4.75542224728783,4.24372995923894,116.006645,48.0144981818182,9.6863760659405,0.808664223122662,0.483727931942032,0.700428338207067,399.97342,36.3491381818182,164.780030624066,112.621930629877,2.25,2.18181818181818,2.21336383940064,2.15301268319815,1.36892236074022,1.19884931291362,1,0.909090909090909,0.433012701892219,0.385694607919935,50.0,tl2ba2cu1o6,52,cuprate_Tl_based,cuprate,320000,2.1061,83.0,ARPES measured,High
6,97.526335,57.5703361330698,70.8088260650681,35.0345646997037,1.53386153992518,1.42751560956892,192.981,26.9772127470356,69.1867571404272,64.1534938049812,748.066666666667,1010.83913043478,712.701322516347,951.281965548432,1.73810707290749,1.02491351571613,764.1,705.646113306983,261.857770979252,331.156437101505,161.833333333333,104.71277997365,145.241485693307,85.5520493016081,1.70974109881092,1.63138360395687,174,25.1343873517787,59.8871624158485,65.0972049700046,5373.5715,2908.44461264822,1296.87188538463,61.0605049400823,1.42725735977606,1.1442656776367,9778.571,1287.7675085639,4059.149706699,3989.88949262328,69.5,105.983629776021,35.6744697077684,68.5453338101603,1.4264183815575,0.827280723528423,138.63,76.618906455863,53.2351979427146,52.4449729106308,9.59366666666667,4.94327799736495,5.75640468411754,1.29988507960406,1.59020386057792,1.45730639677057,16.578,1.67061923583663,5.12201528263588,5.29851648021377,110.00443,76.3878408695652,14.7076059645993,0.975619515549138,0.969184034079201,0.808827011469481,399.97342,52.6865991831357,146.612955878592,138.551490095002,2.66666666666667,2.39855072463768,2.49288287167843,2.25964138438059,1.71707598019888,1.38683660039152,3,1.06785243741765,1.10554159678513,1.01499846232423,80.0,bi4sr3ca2.9tm0.1cu4o16.36,44,cuprate_BSCCO,cuprate,304000,2.0008,80.0,ARPES measured,High
5,92.26674,65.2390533333333,64.8126619740323,38.2432079662367,1.32328660934735,1.38327196628044,188.3839,24.57924,69.2326551521925,67.8973470356623,747.78,984.466666666667,702.115183963558,912.495410008807,1.54100618977138,0.98684371065202,810.6,661.026666666667,293.286136051468,357.05227379506,159.2,112.4,139.74337176418,89.1655702687942,1.50732079160841,1.56195207452127,205,20.8,67.2113085722931,75.4106977380088,5174.2858,3346.76213333333,962.364248380021,68.8996631679477,1.16506544127006,1.10644451182222,11848.571,1579.23786666667,4506.89548007568,4475.40437412919,60.484,97.0646666666667,29.1775463973801,62.9570534333801,1.11263862269811,0.687370134057524,138.63,75.742,58.4343360020459,58.4397919077594,6.8124,4.06106666666667,3.83958497592852,1.16403718539927,1.34550846737517,1.36575380665463,12.878,1.62826666666667,4.34020541449365,4.70773784977692,132.805316,75.214176,17.7474131712332,1.11989343216865,0.949904122208674,0.866400030272894,399.97342,53.3191573333333,151.16463932891,136.631480409064,2.2,2.13333333333333,2.1689435423954,2.11110011888848,1.59416669911802,1.35359135213461,1,0.933333333333333,0.4,0.339934634239519,113.1,tl2ba2ca1cu2o8,54,cuprate_Tl_based,cuprate,320000,2.1061,109.0,ARPES measured,High
5,83.24476,59.2244,59.5060814160275,36.126174653366,1.31151037344354,1.37205026883777,192.981,25.1921866666667,67.2338347072841,64.1963038171721,779.88,1005.86666666667,740.399332713733,945.371395526592,1.55321870407659,1.01920228760579,764.1,661.026666666667,276.063147848459,333.238432490745,149.8,106.133333333333,133.425311183972,86.4573385873277,1.51953736136792,1.57318466329146,171,16.2666666666667,58.6085318021191,66.3192949969229,4584.2858,2953.4288,874.164786339504,64.6228811852236,1.16177435651007,1.09951242220735,9778.571,1303.23786666667,4004.27323147741,3977.06081745709,73.1,105.475333333333,33.1487827641917,68.5472871662888,1.20088590631532,0.827671215145129,138.63,75.742,57.6456725175446,52.6707822695742,8.1524,4.9544,4.6464334920886,1.32187528238585,1.3929374917507,1.39581372668179,12.878,1.62826666666667,4.36102637460495,5.2534095696668,128.605316,72.414176,14.2876432915522,0.969156077634558,0.87197627698413,0.777322832630269,399.97342,53.3191573333333,154.008028485009,137.579264999148,2.6,2.4,2.40224886796286,2.25989709292424,1.5193826646423,1.36507672357122,3,0.933333333333333,1.2,1.01980390271856,82.0,bi2sr2ca1cu2o8,45,cuprate_BSCCO,cuprate,304000,2.0008,85.0,ARPES measured,High
5,83.24476,59.2244,59.5060814160275,36.126174653366,1.31151037344354,1.37205026883777,192.981,25.1921866666667,67.2338347072841,64.1963038171721,779.88,1005.86666666667,740.399332713733,945.371395526592,1.55321870407659,1.01920228760579,764.1,661.026666666667,276.063147848459,333.238432490745,149.8,106.133333333333,133.425311183972,86.4573385873277,1.51953736136792,1.57318466329146,171,16.2666666666667,58.6085318021191,66.3192949969229,4584.2858,2953.4288,874.164786339504,64.6228811852236,1.16177435651007,1.09951242220735,9778.571,1303.23786666667,4004.27323147741,3977.06081745709,73.1,105.475333333333,33.1487827641917,68.5472871662888,1.20088590631532,0.827671215145129,138.63,75.742,57.6456725175446,52.6707822695742,8.1524,4.9544,4.6464334920886,1.32187528238585,1.3929374917507,1.39581372668179,12.878,1.62826666666667,4.36102637460495,5.2534095696668,128.605316,72.414176,14.2876432915522,0.969156077634558,0.87197627698413,0.777322832630269,399.97342,53.3191573333333,154.008028485009,137.579264999148,2.6,2.4,2.40224886796286,2.25989709292424,1.5193826646423,1.36507672357122,3,0.933333333333333,1.2,1.01980390271856,80.0,bi2sr2ca1cu2o8,45,cuprate_BSCCO,cuprate,304000,2.0008,85.0,ARPES measured,High
5,83.24476,59.2244,59.5060814160275,36.126174653366,1.31151037344354,1.37205026883777,192.981,25.1921866666667,67.2338347072841,64.1963038171721,779.88,1005.86666666667,740.399332713733,945.371395526592,1.55321870407659,1.01920228760579,764.1,661.026666666667,276.063147848459,333.238432490745,149.8,106.133333333333,133.425311183972,86.4573385873277,1.51953736136792,1.57318466329146,171,16.2666666666667,58.6085318021191,66.3192949969229,4584.2858,2953.4288,874.164786339504,64.6228811852236,1.16177435651007,1.09951242220735,9778.571,1303.23786666667,4004.27323147741,3977.06081745709,73.1,105.475333333333,33.1487827641917,68.5472871662888,1.20088590631532,0.827671215145129,138.63,75.742,57.6456725175446,52.6707822695742,8.1524,4.9544,4.6464334920886,1.32187528238585,1.3929374917507,1.39581372668179,12.878,1.62826666666667,4.36102637460495,5.2534095696668,128.605316,72.414176,14.2876432915522,0.969156077634558,0.87197627698413,0.777322832630269,399.97342,53.3191573333333,154.008028485009,137.579264999148,2.6,2.4,2.40224886796286,2.25989709292424,1.5193826646423,1.36507672357122,3,0.933333333333333,1.2,1.01980390271856,68.0,bi2sr2ca1cu2o8,45,cuprate_BSCCO,cuprate,304000,2.0008,85.0,ARPES measured,High
5,83.24476,59.2244,59.5060814160275,36.126174653366,1.31151037344354,1.37205026883777,192.981,25.1921866666667,67.2338347072841,64.1963038171721,779.88,1005.86666666667,740.399332713733,945.371395526592,1.55321870407659,1.01920228760579,764.1,661.026666666667,276.063147848459,333.238432490745,149.8,106.133333333333,133.425311183972,86.4573385873277,1.51953736136792,1.57318466329146,171,16.2666666666667,58.6085318021191,66.3192949969229,4584.2858,2953.4288,874.164786339504,64.6228811852236,1.16177435651007,1.09951242220735,9778.571,1303.23786666667,4004.27323147741,3977.06081745709,73.1,105.475333333333,33.1487827641917,68.5472871662888,1.20088590631532,0.827671215145129,138.63,75.742,57.6456725175446,52.6707822695742,8.1524,4.9544,4.6464334920886,1.32187528238585,1.3929374917507,1.39581372668179,12.878,1.62826666666667,4.36102637460495,5.2534095696668,128.605316,72.414176,14.2876432915522,0.969156077634558,0.87197627698413,0.777322832630269,399.97342,53.3191573333333,154.008028485009,137.579264999148,2.6,2.4,2.40224886796286,2.25989709292424,1.5193826646423,1.36507672357122,3,0.933333333333333,1.2,1.01980390271856,64.0,bi2sr2ca1cu2o8,45,cuprate_BSCCO,cuprate,304000,2.0008,85.0,ARPES measured,High
4,76.4445625,51.518892248062,59.3566724745425,35.147400203827,1.1995407452483,1.29069116588067,121.3276,14.3990813953488,43.8233541228786,44.2535665434991,794.0,1001.22403100775,741.629348855485,935.114076729286,1.31500430814302,0.895987109708696,810.6,654.650387596899,311.743492313793,342.630435927781,164.5,115.054263565891,139.000513752081,90.120839474344,1.25670056650299,1.33924280475906,205,22.7906976744186,77.5258021564434,79.3242106093641,4235.85725,2975.33799224806,669.556587809389,68.3455537043014,1.01540712310099,0.81277042040323,8958.571,2082.95658139535,3194.93894591629,3643.8840288369,77.2375,108.910852713178,53.5279646494387,86.205442920185,1.10518217403612,0.766899508925827,127.05,73.8255813953488,54.8307552268797,49.5494956369642,8.1805,5.28928682170543,4.03556899860879,1.35565737416138,1.11209819664271,1.04203375695533,12.878,2.92776744186047,4.9481552875794,5.65296450346393,108.756645,97.1460001550387,7.55238461047956,1.12836566846972,0.336261915781173,0.203129932293431,399.97342,93.0090386046512,168.301046773239,166.866991991426,2.25,2.07751937984496,2.21336383940064,2.0638611731558,1.36892236074022,1.20586465999055,1,0.837209302325582,0.433012701892219,0.2674137722583,92.5,y1ba2cu3o6.9,20,cuprate_YBCO,cuprate,273400,1.7994,88.0,ARPES measured (canonical vmid),High
4,76.4445625,51.2456653846154,59.3566724745425,34.93526616493,1.1995407452483,1.29188813799544,121.3276,14.2883192307692,43.8233541228786,44.1921252152174,794.0,1003.62307692308,741.629348855485,937.559192443233,1.31500430814302,0.890516212329374,810.6,659.715384615385,311.743492313793,342.396001400641,164.5,114.538461538462,139.000513752081,89.6851907721419,1.25670056650299,1.339742693422,205,22.6153846153846,77.5258021564434,79.2353994166121,4235.85725,2952.46176923077,669.556587809389,66.3421689582226,1.01540712310099,0.812798145814768,8958.571,2066.92284615385,3194.93894591629,3639.1292471846,77.2375,109.169230769231,53.5279646494387,86.5393772975223,1.10518217403612,0.762761032074798,127.05,74.3538461538461,54.8307552268797,49.4457143606911,8.1805,5.25030769230769,4.03556899860879,1.33691977973836,1.11209819664271,1.04292735932209,12.878,2.90353846153846,4.9481552875794,5.64855656694176,108.756645,96.3989276923077,7.55238461047956,1.09629540931362,0.336261915781173,0.203148213514574,399.97342,92.29338,168.301046773239,166.440382618967,2.25,2.07692307692308,2.21336383940064,2.06336223306145,1.36892236074022,1.20182302376485,1,0.846153846153846,0.433012701892219,0.266469355010596,93.4,y1ba2cu3o7,13,cuprate_YBCO,cuprate,273400,1.7994,86.0,ARPES measured (canonical vmid),High
4,90.1422625,58.4628789285714,66.9350441753246,36.2720549072903,1.1786487477301,1.01913418487134,124.90825,34.2373932142857,53.101375326838,54.5281324904717,781.2,1007.51785714286,726.276975830068,933.241464598721,1.30963661341067,0.781677838067417,786.5,738.769285714286,319.052668065948,359.181808374028,156.25,117.385714285714,133.542493259005,89.2100968068677,1.26330558899854,1.08656171415207,199,61.3142857142857,72.2958332132634,86.0112605347434,5572.60725,3179.00942857143,868.395128395836,55.6316218883793,1.08892790263583,0.836141109574179,8958.571,1754.04057142857,3350.30285164755,3738.1444917717,91.35,113.271428571429,82.046890506221,103.94732073931,1.28520320008435,0.822660771041162,91.0,80.325,40.6431728584273,39.8077420426054,6.4305,3.93971428571429,3.24122375040231,1.05598644860201,1.06747319560728,0.925773552258418,12.878,1.75357142857143,4.58568323698879,4.71734936815416,106.006645,60.8294742857143,6.24435738721919,0.614021288835698,0.257209773933062,0.244639046719328,399.97342,57.1276685714286,169.808985016895,138.579130686535,3.0,2.57142857142857,2.82842712474619,2.43802730840895,1.32966134885476,1.08335601779317,2,1.05714285714286,1.0,0.903507902905251,22.4,pr1.85ce0.15cu1o4,76,cuprate_electron_doped,cuprate,230000,1.5137,23.2,ARPES measured,High
5,83.24476,59.2244,59.5060814160275,36.126174653366,1.31151037344354,1.37205026883777,192.981,25.1921866666667,67.2338347072841,64.1963038171721,779.88,1005.86666666667,740.399332713733,945.371395526592,1.55321870407659,1.01920228760579,764.1,661.026666666667,276.063147848459,333.238432490745,149.8,106.133333333333,133.425311183972,86.4573385873277,1.51953736136792,1.57318466329146,171,16.2666666666667,58.6085318021191,66.3192949969229,4584.2858,2953.4288,874.164786339504,64.6228811852236,1.16177435651007,1.09951242220735,9778.571,1303.23786666667,4004.27323147741,3977.06081745709,73.1,105.475333333333,33.1487827641917,68.5472871662888,1.20088590631532,0.827671215145129,138.63,75.742,57.6456725175446,52.6707822695742,8.1524,4.9544,4.6464334920886,1.32187528238585,1.3929374917507,1.39581372668179,12.878,1.62826666666667,4.36102637460495,5.2534095696668,128.605316,72.414176,14.2876432915522,0.969156077634558,0.87197627698413,0.777322832630269,399.97342,53.3191573333333,154.008028485009,137.579264999148,2.6,2.4,2.40224886796286,2.25989709292424,1.5193826646423,1.36507672357122,3,0.933333333333333,1.2,1.01980390271856,71.8,bi2sr2ca1cu2o8,45,cuprate_BSCCO,cuprate,304000,2.0008,85.0,ARPES measured,High
4,76.5177175,56.8088170714286,59.3100961333418,35.7734324182576,1.19727303349869,0.981879783570863,122.90607,34.8331599285714,44.2894585275144,52.5332069817455,787.05,1011.54071428571,734.219624171273,940.294344338809,1.31300802421591,0.786865234305601,772.0,738.578571428571,314.505965762178,353.819831451067,151.75,104.371428571429,131.302196551623,84.1108347003322,1.27527399052522,1.16005975115976,171,46.8428571428571,65.5796271718588,67.1114577035996,4434.35725,2961.47371428571,674.484751445268,53.4270174887903,0.995982779568411,0.769628332487839,8958.571,1623.48342857143,3402.85619588643,3581.84892090518,79.6075,111.779214285714,48.4772646848066,98.4119621279586,1.09667176877521,0.777657155958259,135.97,81.2886428571429,54.3730969207199,42.5578923529527,6.9055,3.83471428571429,3.47947484936327,1.03921119227177,1.08857534188499,0.96403104867923,12.878,1.74457142857143,4.59906411675245,4.6583013524026,112.006645,61.34376,8.33981834610162,0.629441022509672,0.403693221013522,0.283412116654505,399.97342,57.1276685714286,166.742351106334,138.437713993087,2.25,2.26428571428571,2.21336383940064,2.2262216392083,1.36892236074022,1.04883427304761,1,1.1,0.433012701892219,0.440952123830019,36.4,la1.85sr0.15cu1o4,29,cuprate_LSCO,cuprate,245000,1.6125,31.6,ARPES measured,High
4,76.4445625,51.2456653846154,59.3566724745425,34.93526616493,1.1995407452483,1.29188813799544,121.3276,14.2883192307692,43.8233541228786,44.1921252152174,794.0,1003.62307692308,741.629348855485,937.559192443233,1.31500430814302,0.890516212329374,810.6,659.715384615385,311.743492313793,342.396001400641,164.5,114.538461538462,139.000513752081,89.6851907721419,1.25670056650299,1.339742693422,205,22.6153846153846,77.5258021564434,79.2353994166121,4235.85725,2952.46176923077,669.556587809389,66.3421689582226,1.01540712310099,0.812798145814768,8958.571,2066.92284615385,3194.93894591629,3639.1292471846,77.2375,109.169230769231,53.5279646494387,86.5393772975223,1.10518217403612,0.762761032074798,127.05,74.3538461538461,54.8307552268797,49.4457143606911,8.1805,5.25030769230769,4.03556899860879,1.33691977973836,1.11209819664271,1.04292735932209,12.878,2.90353846153846,4.9481552875794,5.64855656694176,108.756645,96.3989276923077,7.55238461047956,1.09629540931362,0.336261915781173,0.203148213514574,399.97342,92.29338,168.301046773239,166.440382618967,2.25,2.07692307692308,2.21336383940064,2.06336223306145,1.36892236074022,1.20182302376485,1,0.846153846153846,0.433012701892219,0.266469355010596,84.0,y1ba2cu3o7,13,cuprate_YBCO,cuprate,273400,1.7994,86.0,ARPES measured (canonical vmid),High
4,76.5177175,56.8088170714286,59.3100961333418,35.7734324182576,1.19727303349869,0.981879783570863,122.90607,34.8331599285714,44.2894585275144,52.5332069817455,787.05,1011.54071428571,734.219624171273,940.294344338809,1.31300802421591,0.786865234305601,772.0,738.578571428571,314.505965762178,353.819831451067,151.75,104.371428571429,131.302196551623,84.1108347003322,1.27527399052522,1.16005975115976,171,46.8428571428571,65.5796271718588,67.1114577035996,4434.35725,2961.47371428571,674.484751445268,53.4270174887903,0.995982779568411,0.769628332487839,8958.571,1623.48342857143,3402.85619588643,3581.84892090518,79.6075,111.779214285714,48.4772646848066,98.4119621279586,1.09667176877521,0.777657155958259,135.97,81.2886428571429,54.3730969207199,42.5578923529527,6.9055,3.83471428571429,3.47947484936327,1.03921119227177,1.08857534188499,0.96403104867923,12.878,1.74457142857143,4.59906411675245,4.6583013524026,112.006645,61.34376,8.33981834610162,0.629441022509672,0.403693221013522,0.283412116654505,399.97342,57.1276685714286,166.742351106334,138.437713993087,2.25,2.26428571428571,2.21336383940064,2.2262216392083,1.36892236074022,1.04883427304761,1,1.1,0.433012701892219,0.440952123830019,32.0,la1.85sr0.15cu1o4,29,cuprate_LSCO,cuprate,245000,1.6125,31.6,ARPES measured,High
4,76.5177175,56.8088170714286,59.3100961333418,35.7734324182576,1.19727303349869,0.981879783570863,122.90607,34.8331599285714,44.2894585275144,52.5332069817455,787.05,1011.54071428571,734.219624171273,940.294344338809,1.31300802421591,0.786865234305601,772.0,738.578571428571,314.505965762178,353.819831451067,151.75,104.371428571429,131.302196551623,84.1108347003322,1.27527399052522,1.16005975115976,171,46.8428571428571,65.5796271718588,67.1114577035996,4434.35725,2961.47371428571,674.484751445268,53.4270174887903,0.995982779568411,0.769628332487839,8958.571,1623.48342857143,3402.85619588643,3581.84892090518,79.6075,111.779214285714,48.4772646848066,98.4119621279586,1.09667176877521,0.777657155958259,135.97,81.2886428571429,54.3730969207199,42.5578923529527,6.9055,3.83471428571429,3.47947484936327,1.03921119227177,1.08857534188499,0.96403104867923,12.878,1.74457142857143,4.59906411675245,4.6583013524026,112.006645,61.34376,8.33981834610162,0.629441022509672,0.403693221013522,0.283412116654505,399.97342,57.1276685714286,166.742351106334,138.437713993087,2.25,2.26428571428571,2.21336383940064,2.2262216392083,1.36892236074022,1.04883427304761,1,1.1,0.433012701892219,0.440952123830019,35.9,la1.85sr0.15cu1o4,29,cuprate_LSCO,cuprate,245000,1.6125,31.6,ARPES measured,High
4,76.5177175,56.8088170714286,59.3100961333418,35.7734324182576,1.19727303349869,0.981879783570863,122.90607,34.8331599285714,44.2894585275144,52.5332069817455,787.05,1011.54071428571,734.219624171273,940.294344338809,1.31300802421591,0.786865234305601,772.0,738.578571428571,314.505965762178,353.819831451067,151.75,104.371428571429,131.302196551623,84.1108347003322,1.27527399052522,1.16005975115976,171,46.8428571428571,65.5796271718588,67.1114577035996,4434.35725,2961.47371428571,674.484751445268,53.4270174887903,0.995982779568411,0.769628332487839,8958.571,1623.48342857143,3402.85619588643,3581.84892090518,79.6075,111.779214285714,48.4772646848066,98.4119621279586,1.09667176877521,0.777657155958259,135.97,81.2886428571429,54.3730969207199,42.5578923529527,6.9055,3.83471428571429,3.47947484936327,1.03921119227177,1.08857534188499,0.96403104867923,12.878,1.74457142857143,4.59906411675245,4.6583013524026,112.006645,61.34376,8.33981834610162,0.629441022509672,0.403693221013522,0.283412116654505,399.97342,57.1276685714286,166.742351106334,138.437713993087,2.25,2.26428571428571,2.21336383940064,2.2262216392083,1.36892236074022,1.04883427304761,1,1.1,0.433012701892219,0.440952123830019,37.0,la1.85sr0.15cu1o4,29,cuprate_LSCO,cuprate,245000,1.6125,31.6,ARPES measured,High
4,76.4445625,51.2456653846154,59.3566724745425,34.93526616493,1.1995407452483,1.29188813799544,121.3276,14.2883192307692,43.8233541228786,44.1921252152174,794.0,1003.62307692308,741.629348855485,937.559192443233,1.31500430814302,0.890516212329374,810.6,659.715384615385,311.743492313793,342.396001400641,164.5,114.538461538462,139.000513752081,89.6851907721419,1.25670056650299,1.339742693422,205,22.6153846153846,77.5258021564434,79.2353994166121,4235.85725,2952.46176923077,669.556587809389,66.3421689582226,1.01540712310099,0.812798145814768,8958.571,2066.92284615385,3194.93894591629,3639.1292471846,77.2375,109.169230769231,53.5279646494387,86.5393772975223,1.10518217403612,0.762761032074798,127.05,74.3538461538461,54.8307552268797,49.4457143606911,8.1805,5.25030769230769,4.03556899860879,1.33691977973836,1.11209819664271,1.04292735932209,12.878,2.90353846153846,4.9481552875794,5.64855656694176,108.756645,96.3989276923077,7.55238461047956,1.09629540931362,0.336261915781173,0.203148213514574,399.97342,92.29338,168.301046773239,166.440382618967,2.25,2.07692307692308,2.21336383940064,2.06336223306145,1.36892236074022,1.20182302376485,1,0.846153846153846,0.433012701892219,0.266469355010596,85.0,y1ba2cu3o7,13,cuprate_YBCO,cuprate,273400,1.7994,86.0,ARPES measured (canonical vmid),High
4,76.4445625,51.2456653846154,59.3566724745425,34.93526616493,1.1995407452483,1.29188813799544,121.3276,14.2883192307692,43.8233541228786,44.1921252152174,794.0,1003.62307692308,741.629348855485,937.559192443233,1.31500430814302,0.890516212329374,810.6,659.715384615385,311.743492313793,342.396001400641,164.5,114.538461538462,139.000513752081,89.6851907721419,1.25670056650299,1.339742693422,205,22.6153846153846,77.5258021564434,79.2353994166121,4235.85725,2952.46176923077,669.556587809389,66.3421689582226,1.01540712310099,0.812798145814768,8958.571,2066.92284615385,3194.93894591629,3639.1292471846,77.2375,109.169230769231,53.5279646494387,86.5393772975223,1.10518217403612,0.762761032074798,127.05,74.3538461538461,54.8307552268797,49.4457143606911,8.1805,5.25030769230769,4.03556899860879,1.33691977973836,1.11209819664271,1.04292735932209,12.878,2.90353846153846,4.9481552875794,5.64855656694176,108.756645,96.3989276923077,7.55238461047956,1.09629540931362,0.336261915781173,0.203148213514574,399.97342,92.29338,168.301046773239,166.440382618967,2.25,2.07692307692308,2.21336383940064,2.06336223306145,1.36892236074022,1.20182302376485,1,0.846153846153846,0.433012701892219,0.266469355010596,88.0,y1ba2cu3o7,13,cuprate_YBCO,cuprate,273400,1.7994,86.0,ARPES measured (canonical vmid),High
4,76.4445625,51.2456653846154,59.3566724745425,34.93526616493,1.1995407452483,1.29188813799544,121.3276,14.2883192307692,43.8233541228786,44.1921252152174,794.0,1003.62307692308,741.629348855485,937.559192443233,1.31500430814302,0.890516212329374,810.6,659.715384615385,311.743492313793,342.396001400641,164.5,114.538461538462,139.000513752081,89.6851907721419,1.25670056650299,1.339742693422,205,22.6153846153846,77.5258021564434,79.2353994166121,4235.85725,2952.46176923077,669.556587809389,66.3421689582226,1.01540712310099,0.812798145814768,8958.571,2066.92284615385,3194.93894591629,3639.1292471846,77.2375,109.169230769231,53.5279646494387,86.5393772975223,1.10518217403612,0.762761032074798,127.05,74.3538461538461,54.8307552268797,49.4457143606911,8.1805,5.25030769230769,4.03556899860879,1.33691977973836,1.11209819664271,1.04292735932209,12.878,2.90353846153846,4.9481552875794,5.64855656694176,108.756645,96.3989276923077,7.55238461047956,1.09629540931362,0.336261915781173,0.203148213514574,399.97342,92.29338,168.301046773239,166.440382618967,2.25,2.07692307692308,2.21336383940064,2.06336223306145,1.36892236074022,1.20182302376485,1,0.846153846153846,0.433012701892219,0.266469355010596,83.0,y1ba2cu3o7,13,cuprate_YBCO,cuprate,273400,1.7994,86.0,ARPES measured (canonical vmid),High
4,76.4445625,51.2456653846154,59.3566724745425,34.93526616493,1.1995407452483,1.29188813799544,121.3276,14.2883192307692,43.8233541228786,44.1921252152174,794.0,1003.62307692308,741.629348855485,937.559192443233,1.31500430814302,0.890516212329374,810.6,659.715384615385,311.743492313793,342.396001400641,164.5,114.538461538462,139.000513752081,89.6851907721419,1.25670056650299,1.339742693422,205,22.6153846153846,77.5258021564434,79.2353994166121,4235.85725,2952.46176923077,669.556587809389,66.3421689582226,1.01540712310099,0.812798145814768,8958.571,2066.92284615385,3194.93894591629,3639.1292471846,77.2375,109.169230769231,53.5279646494387,86.5393772975223,1.10518217403612,0.762761032074798,127.05,74.3538461538461,54.8307552268797,49.4457143606911,8.1805,5.25030769230769,4.03556899860879,1.33691977973836,1.11209819664271,1.04292735932209,12.878,2.90353846153846,4.9481552875794,5.64855656694176,108.756645,96.3989276923077,7.55238461047956,1.09629540931362,0.336261915781173,0.203148213514574,399.97342,92.29338,168.301046773239,166.440382618967,2.25,2.07692307692308,2.21336383940064,2.06336223306145,1.36892236074022,1.20182302376485,1,0.846153846153846,0.433012701892219,0.266469355010596,89.8,y1ba2cu3o7,13,cuprate_YBCO,cuprate,273400,1.7994,86.0,ARPES measured (canonical vmid),High
4,76.4445625,51.518892248062,59.3566724745425,35.147400203827,1.1995407452483,1.29069116588067,121.3276,14.3990813953488,43.8233541228786,44.2535665434991,794.0,1001.22403100775,741.629348855485,935.114076729286,1.31500430814302,0.895987109708696,810.6,654.650387596899,311.743492313793,342.630435927781,164.5,115.054263565891,139.000513752081,90.120839474344,1.25670056650299,1.33924280475906,205,22.7906976744186,77.5258021564434,79.3242106093641,4235.85725,2975.33799224806,669.556587809389,68.3455537043014,1.01540712310099,0.81277042040323,8958.571,2082.95658139535,3194.93894591629,3643.8840288369,77.2375,108.910852713178,53.5279646494387,86.205442920185,1.10518217403612,0.766899508925827,127.05,73.8255813953488,54.8307552268797,49.5494956369642,8.1805,5.28928682170543,4.03556899860879,1.35565737416138,1.11209819664271,1.04203375695533,12.878,2.92776744186047,4.9481552875794,5.65296450346393,108.756645,97.1460001550387,7.55238461047956,1.12836566846972,0.336261915781173,0.203129932293431,399.97342,93.0090386046512,168.301046773239,166.866991991426,2.25,2.07751937984496,2.21336383940064,2.0638611731558,1.36892236074022,1.20586465999055,1,0.837209302325582,0.433012701892219,0.2674137722583,94.1,y1ba2cu3o6.9,20,cuprate_YBCO,cuprate,273400,1.7994,88.0,ARPES measured (canonical vmid),High
5,92.26674,58.3233153846154,64.8126619740323,35.9479624028138,1.32328660934735,1.45851168804021,188.3839,18.0443076923077,69.2326551521925,59.9636585893854,747.78,989.615384615385,702.115183963558,917.701862877112,1.54100618977138,0.971476090603845,810.6,661.753846153846,293.286136051468,355.990213448356,159.2,114.0,139.74337176418,89.5775927754325,1.50732079160841,1.52571974103777,205,26.9230769230769,67.2113085722931,78.0630908550651,5174.2858,2950.00023076923,962.364248380021,62.4785904769994,1.16506544127006,1.16106312928267,11848.571,1377.69207692308,4506.89548007568,4065.76605133348,60.484,99.4438461538462,29.1775463973801,64.404156934178,1.11263862269811,0.685418164357085,138.63,76.4330769230769,58.4343360020459,57.6852340176291,6.8124,4.34569230769231,3.83958497592852,1.19799191823469,1.34550846737517,1.29131248415919,12.878,1.89584615384615,4.34020541449365,4.93520357906985,132.805316,83.2450815384615,17.7474131712332,1.12208556015168,0.949904122208674,0.784326087765539,399.97342,61.5241492307692,151.16463932891,144.828104513589,2.2,2.07692307692308,2.1689435423954,2.06336223306145,1.59416669911802,1.34327061671926,1,0.923076923076923,0.4,0.266469355010596,81.6,tl1ba2ca1cu2o7,58,cuprate_Tl_based,cuprate,320000,2.1061,93.0,ARPES measured,High
4,105.313925,76.633,73.0883762545777,42.6054174665645,1.12584817902596,1.15864641056541,188.3839,31.3836909090909,71.6959238182819,75.2194799690394,787.375,982.4,733.513183093207,905.220525559067,1.31211186553251,0.877226855858847,810.6,648.509090909091,315.724764430983,367.154441123029,150.5,113.727272727273,128.740025194666,88.9630381515022,1.25878050352551,1.30036073254033,205,32.8181818181818,72.5827114401219,79.3531701939797,6080.35725,3608.05218181818,854.262665195479,67.4747244434402,0.998141383301719,0.952104272052556,11848.571,2153.766,4613.60013686521,4695.92053361497,74.6375,95.2,48.3485238699581,65.951977310881,1.05768348464572,0.645370390180314,127.05,74.9181818181818,57.1542362275099,58.6627146568337,6.3805,3.53018181818182,3.14406044539472,1.05329884711804,1.04418073353965,1.17877374986123,12.878,1.33345454545455,4.75542224728783,4.24372995923894,116.006645,48.0144981818182,9.6863760659405,0.808664223122662,0.483727931942032,0.700428338207067,399.97342,36.3491381818182,164.780030624066,112.621930629877,2.25,2.18181818181818,2.21336383940064,2.15301268319815,1.36892236074022,1.19884931291362,1,0.909090909090909,0.433012701892219,0.385694607919935,85.0,tl2ba2cu1o6,52,cuprate_Tl_based,cuprate,320000,2.1061,83.0,ARPES measured,High
4,90.97585,59.3423317142857,67.3275552910357,36.4964944468562,1.17639288372364,1.01321262194273,128.2426,34.9967465714286,53.9117375982958,55.8613476934477,782.425,1008.81654285714,727.960609684325,935.535087949517,1.31036807225978,0.783785014816168,781.6,738.537814285714,318.080708115095,357.445346728367,146.0,106.541,127.618033181518,85.0276989159881,1.28299625751195,1.1352606569567,158,50.311,60.6753656766896,70.1017874573415,5665.10725,3276.65757142857,880.2476272724,56.4334900677748,1.09060991131509,0.830798931641897,8958.571,1848.822,3383.43990732918,3830.9568983361,91.35,113.271428571429,82.046890506221,103.94732073931,1.28520320008435,0.823148210918933,91.0,80.3029285714286,40.6431728584273,39.8077420426054,6.4805,3.99188571428571,3.26445981654133,1.06387452069563,1.06930850934214,0.925270518612038,12.878,1.75317142857143,4.59161635483628,4.75088856513888,107.006645,61.8840457142857,6.67750379658988,0.659011756560107,0.286107203537746,0.287431713750465,399.97342,57.1276685714286,169.269247361912,138.225929461367,2.75,2.30757142857143,2.63214802590498,2.259813442838,1.3421131789144,1.09768294442181,2,1.05542857142857,0.82915619758885,0.50664142212441,22.5,nd1.847ce0.153cu1o4,75,cuprate_electron_doped,cuprate,230000,1.5137,22.5,ARPES measured,High
4,76.4445625,51.2456653846154,59.3566724745425,34.93526616493,1.1995407452483,1.29188813799544,121.3276,14.2883192307692,43.8233541228786,44.1921252152174,794.0,1003.62307692308,741.629348855485,937.559192443233,1.31500430814302,0.890516212329374,810.6,659.715384615385,311.743492313793,342.396001400641,164.5,114.538461538462,139.000513752081,89.6851907721419,1.25670056650299,1.339742693422,205,22.6153846153846,77.5258021564434,79.2353994166121,4235.85725,2952.46176923077,669.556587809389,66.3421689582226,1.01540712310099,0.812798145814768,8958.571,2066.92284615385,3194.93894591629,3639.1292471846,77.2375,109.169230769231,53.5279646494387,86.5393772975223,1.10518217403612,0.762761032074798,127.05,74.3538461538461,54.8307552268797,49.4457143606911,8.1805,5.25030769230769,4.03556899860879,1.33691977973836,1.11209819664271,1.04292735932209,12.878,2.90353846153846,4.9481552875794,5.64855656694176,108.756645,96.3989276923077,7.55238461047956,1.09629540931362,0.336261915781173,0.203148213514574,399.97342,92.29338,168.301046773239,166.440382618967,2.25,2.07692307692308,2.21336383940064,2.06336223306145,1.36892236074022,1.20182302376485,1,0.846153846153846,0.433012701892219,0.266469355010596,86.5,y1ba2cu3o7,13,cuprate_YBCO,cuprate,273400,1.7994,86.0,ARPES measured (canonical vmid),High
4,76.4445625,52.5385905901116,59.3566724745425,35.9505339890945,1.1995407452483,1.28608725589676,121.3276,14.81245215311,43.8233541228786,44.4672978952424,794.0,992.270653907496,741.629348855485,926.044938701222,1.31500430814302,0.91625201149114,810.6,635.747527910686,311.743492313793,343.355964801318,164.5,116.979266347687,139.000513752081,91.7654744562321,1.25670056650299,1.33710624914317,205,23.444976076555,77.5258021564434,79.6252860151,4235.85725,3060.71337001595,669.556587809389,76.3713888356103,1.01540712310099,0.812670154768629,8958.571,2142.79540191388,3194.93894591629,3660.31238082406,77.2375,107.946570972887,53.5279646494387,84.9705190182277,1.10518217403612,0.782131904398332,127.05,71.8540669856459,54.8307552268797,49.9231021132042,8.1805,5.43475917065391,4.03556899860879,1.42793587681037,1.11209819664271,1.0387732511059,12.878,3.01819138755981,4.9481552875794,5.66701797296926,108.756645,99.9341174800638,7.55238461047956,1.25656132420489,0.336261915781173,0.20306386147859,399.97342,95.6799176076555,168.301046773239,168.420323556289,2.25,2.07974481658692,2.21336383940064,2.06572431181329,1.36892236074022,1.22047263384096,1,0.803827751196172,0.433012701892219,0.270897731283302,58.0,y1ba2cu3o6.54,7,cuprate_YBCO,cuprate,273400,1.7994,54.0,ARPES measured (canonical vmid),High
4,90.2786,89.3619142857143,66.9899873428582,73.1132338048705,1.17805955801262,1.15559141095092,128.2426,36.9506571428571,53.2860956008225,46.2826186083294,773.025,726.371428571429,714.946183650756,687.869420176443,1.30457766069587,1.26744040455898,810.6,243.357142857143,325.570463763223,262.815305676742,163.0,170.714285714286,138.006405771147,152.628703542847,1.25775303954432,1.16392387651853,205,65.4285714285714,76.6452868740146,67.431900644204,4870.35725,5844.48985714286,749.188915504209,1898.13426807973,1.03449529359397,0.881047412210406,8958.571,3839.79585714286,3422.72855597441,3284.56716457698,82.3375,83.5142857142857,60.7214928257155,60.6524135059113,1.1640132003214,1.01232400511734,127.05,46.9714285714286,51.12571973821,50.3437945834561,7.1055,8.946,3.58503294864781,5.82219108421513,1.09822611287521,0.907850759951925,12.878,5.58257142857143,4.58575956085794,4.36009292168347,108.756645,179.003797142857,7.55238461047956,26.5786364903901,0.336261915781173,0.201966126461713,399.97342,171.424774285714,168.301046773239,191.475654911147,2.25,2.14285714285714,2.21336383940064,2.1192680453341,1.36892236074022,1.30952583530407,1,0.571428571428571,0.433012701892219,0.349927106111883,93.6,nd1ba2cu3o,16,cuprate_YBCO,cuprate,273400,1.7994,90.0,ARPES measured (canonical vmid),High
4,76.4445625,51.2456653846154,59.3566724745425,34.93526616493,1.1995407452483,1.29188813799544,121.3276,14.2883192307692,43.8233541228786,44.1921252152174,794.0,1003.62307692308,741.629348855485,937.559192443233,1.31500430814302,0.890516212329374,810.6,659.715384615385,311.743492313793,342.396001400641,164.5,114.538461538462,139.000513752081,89.6851907721419,1.25670056650299,1.339742693422,205,22.6153846153846,77.5258021564434,79.2353994166121,4235.85725,2952.46176923077,669.556587809389,66.3421689582226,1.01540712310099,0.812798145814768,8958.571,2066.92284615385,3194.93894591629,3639.1292471846,77.2375,109.169230769231,53.5279646494387,86.5393772975223,1.10518217403612,0.762761032074798,127.05,74.3538461538461,54.8307552268797,49.4457143606911,8.1805,5.25030769230769,4.03556899860879,1.33691977973836,1.11209819664271,1.04292735932209,12.878,2.90353846153846,4.9481552875794,5.64855656694176,108.756645,96.3989276923077,7.55238461047956,1.09629540931362,0.336261915781173,0.203148213514574,399.97342,92.29338,168.301046773239,166.440382618967,2.25,2.07692307692308,2.21336383940064,2.06336223306145,1.36892236074022,1.20182302376485,1,0.846153846153846,0.433012701892219,0.266469355010596,86.0,y1ba2cu3o7,13,cuprate_YBCO,cuprate,273400,1.7994,86.0,ARPES measured (canonical vmid),High
4,90.1422625,58.4628789285714,66.9350441753246,36.2720549072903,1.1786487477301,1.01913418487134,124.90825,34.2373932142857,53.101375326838,54.5281324904717,781.2,1007.51785714286,726.276975830068,933.241464598721,1.30963661341067,0.781677838067417,786.5,738.769285714286,319.052668065948,359.181808374028,156.25,117.385714285714,133.542493259005,89.2100968068677,1.26330558899854,1.08656171415207,199,61.3142857142857,72.2958332132634,86.0112605347434,5572.60725,3179.00942857143,868.395128395836,55.6316218883793,1.08892790263583,0.836141109574179,8958.571,1754.04057142857,3350.30285164755,3738.1444917717,91.35,113.271428571429,82.046890506221,103.94732073931,1.28520320008435,0.822660771041162,91.0,80.325,40.6431728584273,39.8077420426054,6.4305,3.93971428571429,3.24122375040231,1.05598644860201,1.06747319560728,0.925773552258418,12.878,1.75357142857143,4.58568323698879,4.71734936815416,106.006645,60.8294742857143,6.24435738721919,0.614021288835698,0.257209773933062,0.244639046719328,399.97342,57.1276685714286,169.808985016895,138.579130686535,3.0,2.57142857142857,2.82842712474619,2.43802730840895,1.32966134885476,1.08335601779317,2,1.05714285714286,1.0,0.903507902905251,23.0,pr1.85ce0.15cu1o4,76,cuprate_electron_doped,cuprate,230000,1.5137,23.2,ARPES measured,High
4,97.9598,57.8657384615385,70.3033263954757,36.8028446101478,1.15307517091914,1.33852775623715,158.9674,12.5121692307692,62.0114329850553,54.566241304048,768.4,995.746153846154,708.641979880737,924.525057808176,1.30174309365185,0.87273452838423,810.6,667.592307692308,329.08115260525,352.272024731292,165.75,114.923076923077,139.812941759091,89.8461549351321,1.25570514472447,1.34174907677111,205,22.2307692307692,78.3178619473234,79.7182167565246,5578.10725,3365.46176923077,815.49564606351,70.4918161122723,1.01899345593772,0.930382622333031,9839.571,2066.92284615385,4030.69042076016,4067.58260596263,82.3375,110.738461538462,60.7214928257155,89.9629157631912,1.1640132003214,0.802321609327215,127.05,74.3538461538461,51.12571973821,47.2166412720955,10.8305,6.06569230769231,4.75646422349896,1.406268532004,1.04474296689737,1.10424386222608,21.778,2.90353846153846,7.91296978068285,7.06492357609724,108.506645,96.3220046153846,7.43878255508962,1.09119481211891,0.329500146289958,0.199852625126025,399.97342,92.29338,168.437846600662,166.477287315448,2.25,2.07692307692308,2.21336383940064,2.06336223306145,1.36892236074022,1.20182302376485,1,0.846153846153846,0.433012701892219,0.266469355010596,92.4,lu1ba2cu3o7,19,cuprate_YBCO,cuprate,273400,1.7994,91.85,ARPES measured (canonical vmid),High
5,92.26674,58.3233153846154,64.8126619740323,35.9479624028138,1.32328660934735,1.45851168804021,188.3839,18.0443076923077,69.2326551521925,59.9636585893854,747.78,989.615384615385,702.115183963558,917.701862877112,1.54100618977138,0.971476090603845,810.6,661.753846153846,293.286136051468,355.990213448356,159.2,114.0,139.74337176418,89.5775927754325,1.50732079160841,1.52571974103777,205,26.9230769230769,67.2113085722931,78.0630908550651,5174.2858,2950.00023076923,962.364248380021,62.4785904769994,1.16506544127006,1.16106312928267,11848.571,1377.69207692308,4506.89548007568,4065.76605133348,60.484,99.4438461538462,29.1775463973801,64.404156934178,1.11263862269811,0.685418164357085,138.63,76.4330769230769,58.4343360020459,57.6852340176291,6.8124,4.34569230769231,3.83958497592852,1.19799191823469,1.34550846737517,1.29131248415919,12.878,1.89584615384615,4.34020541449365,4.93520357906985,132.805316,83.2450815384615,17.7474131712332,1.12208556015168,0.949904122208674,0.784326087765539,399.97342,61.5241492307692,151.16463932891,144.828104513589,2.2,2.07692307692308,2.1689435423954,2.06336223306145,1.59416669911802,1.34327061671926,1,0.923076923076923,0.4,0.266469355010596,80.0,tl1ba2ca1cu2o7,58,cuprate_Tl_based,cuprate,320000,2.1061,93.0,ARPES measured,High
4,76.4445625,51.2456653846154,59.3566724745425,34.93526616493,1.1995407452483,1.29188813799544,121.3276,14.2883192307692,43.8233541228786,44.1921252152174,794.0,1003.62307692308,741.629348855485,937.559192443233,1.31500430814302,0.890516212329374,810.6,659.715384615385,311.743492313793,342.396001400641,164.5,114.538461538462,139.000513752081,89.6851907721419,1.25670056650299,1.339742693422,205,22.6153846153846,77.5258021564434,79.2353994166121,4235.85725,2952.46176923077,669.556587809389,66.3421689582226,1.01540712310099,0.812798145814768,8958.571,2066.92284615385,3194.93894591629,3639.1292471846,77.2375,109.169230769231,53.5279646494387,86.5393772975223,1.10518217403612,0.762761032074798,127.05,74.3538461538461,54.8307552268797,49.4457143606911,8.1805,5.25030769230769,4.03556899860879,1.33691977973836,1.11209819664271,1.04292735932209,12.878,2.90353846153846,4.9481552875794,5.64855656694176,108.756645,96.3989276923077,7.55238461047956,1.09629540931362,0.336261915781173,0.203148213514574,399.97342,92.29338,168.301046773239,166.440382618967,2.25,2.07692307692308,2.21336383940064,2.06336223306145,1.36892236074022,1.20182302376485,1,0.846153846153846,0.433012701892219,0.266469355010596,90.9,y1ba2cu3o7,13,cuprate_YBCO,cuprate,273400,1.7994,86.0,ARPES measured (canonical vmid),High
4,97.9598,57.8657384615385,70.3033263954757,36.8028446101478,1.15307517091914,1.33852775623715,158.9674,12.5121692307692,62.0114329850553,54.566241304048,768.4,995.746153846154,708.641979880737,924.525057808176,1.30174309365185,0.87273452838423,810.6,667.592307692308,329.08115260525,352.272024731292,165.75,114.923076923077,139.812941759091,89.8461549351321,1.25570514472447,1.34174907677111,205,22.2307692307692,78.3178619473234,79.7182167565246,5578.10725,3365.46176923077,815.49564606351,70.4918161122723,1.01899345593772,0.930382622333031,9839.571,2066.92284615385,4030.69042076016,4067.58260596263,82.3375,110.738461538462,60.7214928257155,89.9629157631912,1.1640132003214,0.802321609327215,127.05,74.3538461538461,51.12571973821,47.2166412720955,10.8305,6.06569230769231,4.75646422349896,1.406268532004,1.04474296689737,1.10424386222608,21.778,2.90353846153846,7.91296978068285,7.06492357609724,108.506645,96.3220046153846,7.43878255508962,1.09119481211891,0.329500146289958,0.199852625126025,399.97342,92.29338,168.437846600662,166.477287315448,2.25,2.07692307692308,2.21336383940064,2.06336223306145,1.36892236074022,1.20182302376485,1,0.846153846153846,0.433012701892219,0.266469355010596,90.0,lu1ba2cu3o7,19,cuprate_YBCO,cuprate,273400,1.7994,91.85,ARPES measured (canonical vmid),High
5,92.26674,65.2390533333333,64.8126619740323,38.2432079662367,1.32328660934735,1.38327196628044,188.3839,24.57924,69.2326551521925,67.8973470356623,747.78,984.466666666667,702.115183963558,912.495410008807,1.54100618977138,0.98684371065202,810.6,661.026666666667,293.286136051468,357.05227379506,159.2,112.4,139.74337176418,89.1655702687942,1.50732079160841,1.56195207452127,205,20.8,67.2113085722931,75.4106977380088,5174.2858,3346.76213333333,962.364248380021,68.8996631679477,1.16506544127006,1.10644451182222,11848.571,1579.23786666667,4506.89548007568,4475.40437412919,60.484,97.0646666666667,29.1775463973801,62.9570534333801,1.11263862269811,0.687370134057524,138.63,75.742,58.4343360020459,58.4397919077594,6.8124,4.06106666666667,3.83958497592852,1.16403718539927,1.34550846737517,1.36575380665463,12.878,1.62826666666667,4.34020541449365,4.70773784977692,132.805316,75.214176,17.7474131712332,1.11989343216865,0.949904122208674,0.866400030272894,399.97342,53.3191573333333,151.16463932891,136.631480409064,2.2,2.13333333333333,2.1689435423954,2.11110011888848,1.59416669911802,1.35359135213461,1,0.933333333333333,0.4,0.339934634239519,106.0,tl2ba2ca1cu2o8,54,cuprate_Tl_based,cuprate,320000,2.1061,109.0,ARPES measured,High
4,90.1422625,58.4628789285714,66.9350441753246,36.2720549072903,1.1786487477301,1.01913418487134,124.90825,34.2373932142857,53.101375326838,54.5281324904717,781.2,1007.51785714286,726.276975830068,933.241464598721,1.30963661341067,0.781677838067417,786.5,738.769285714286,319.052668065948,359.181808374028,156.25,117.385714285714,133.542493259005,89.2100968068677,1.26330558899854,1.08656171415207,199,61.3142857142857,72.2958332132634,86.0112605347434,5572.60725,3179.00942857143,868.395128395836,55.6316218883793,1.08892790263583,0.836141109574179,8958.571,1754.04057142857,3350.30285164755,3738.1444917717,91.35,113.271428571429,82.046890506221,103.94732073931,1.28520320008435,0.822660771041162,91.0,80.325,40.6431728584273,39.8077420426054,6.4305,3.93971428571429,3.24122375040231,1.05598644860201,1.06747319560728,0.925773552258418,12.878,1.75357142857143,4.58568323698879,4.71734936815416,106.006645,60.8294742857143,6.24435738721919,0.614021288835698,0.257209773933062,0.244639046719328,399.97342,57.1276685714286,169.808985016895,138.579130686535,3.0,2.57142857142857,2.82842712474619,2.43802730840895,1.32966134885476,1.08335601779317,2,1.05714285714286,1.0,0.903507902905251,17.8,pr1.85ce0.15cu1o4,76,cuprate_electron_doped,cuprate,230000,1.5137,23.2,ARPES measured,High
4,90.1422625,58.4628789285714,66.9350441753246,36.2720549072903,1.1786487477301,1.01913418487134,124.90825,34.2373932142857,53.101375326838,54.5281324904717,781.2,1007.51785714286,726.276975830068,933.241464598721,1.30963661341067,0.781677838067417,786.5,738.769285714286,319.052668065948,359.181808374028,156.25,117.385714285714,133.542493259005,89.2100968068677,1.26330558899854,1.08656171415207,199,61.3142857142857,72.2958332132634,86.0112605347434,5572.60725,3179.00942857143,868.395128395836,55.6316218883793,1.08892790263583,0.836141109574179,8958.571,1754.04057142857,3350.30285164755,3738.1444917717,91.35,113.271428571429,82.046890506221,103.94732073931,1.28520320008435,0.822660771041162,91.0,80.325,40.6431728584273,39.8077420426054,6.4305,3.93971428571429,3.24122375040231,1.05598644860201,1.06747319560728,0.925773552258418,12.878,1.75357142857143,4.58568323698879,4.71734936815416,106.006645,60.8294742857143,6.24435738721919,0.614021288835698,0.257209773933062,0.244639046719328,399.97342,57.1276685714286,169.808985016895,138.579130686535,3.0,2.57142857142857,2.82842712474619,2.43802730840895,1.32966134885476,1.08335601779317,2,1.05714285714286,1.0,0.903507902905251,19.0,pr1.85ce0.15cu1o4,76,cuprate_electron_doped,cuprate,230000,1.5137,23.2,ARPES measured,High
4,76.5177175,56.8088170714286,59.3100961333418,35.7734324182576,1.19727303349869,0.981879783570863,122.90607,34.8331599285714,44.2894585275144,52.5332069817455,787.05,1011.54071428571,734.219624171273,940.294344338809,1.31300802421591,0.786865234305601,772.0,738.578571428571,314.505965762178,353.819831451067,151.75,104.371428571429,131.302196551623,84.1108347003322,1.27527399052522,1.16005975115976,171,46.8428571428571,65.5796271718588,67.1114577035996,4434.35725,2961.47371428571,674.484751445268,53.4270174887903,0.995982779568411,0.769628332487839,8958.571,1623.48342857143,3402.85619588643,3581.84892090518,79.6075,111.779214285714,48.4772646848066,98.4119621279586,1.09667176877521,0.777657155958259,135.97,81.2886428571429,54.3730969207199,42.5578923529527,6.9055,3.83471428571429,3.47947484936327,1.03921119227177,1.08857534188499,0.96403104867923,12.878,1.74457142857143,4.59906411675245,4.6583013524026,112.006645,61.34376,8.33981834610162,0.629441022509672,0.403693221013522,0.283412116654505,399.97342,57.1276685714286,166.742351106334,138.437713993087,2.25,2.26428571428571,2.21336383940064,2.2262216392083,1.36892236074022,1.04883427304761,1,1.1,0.433012701892219,0.440952123830019,38.0,la1.85sr0.15cu1o4,29,cuprate_LSCO,cuprate,245000,1.6125,31.6,ARPES measured,High
5,83.24476,59.2244,59.5060814160275,36.126174653366,1.31151037344354,1.37205026883777,192.981,25.1921866666667,67.2338347072841,64.1963038171721,779.88,1005.86666666667,740.399332713733,945.371395526592,1.55321870407659,1.01920228760579,764.1,661.026666666667,276.063147848459,333.238432490745,149.8,106.133333333333,133.425311183972,86.4573385873277,1.51953736136792,1.57318466329146,171,16.2666666666667,58.6085318021191,66.3192949969229,4584.2858,2953.4288,874.164786339504,64.6228811852236,1.16177435651007,1.09951242220735,9778.571,1303.23786666667,4004.27323147741,3977.06081745709,73.1,105.475333333333,33.1487827641917,68.5472871662888,1.20088590631532,0.827671215145129,138.63,75.742,57.6456725175446,52.6707822695742,8.1524,4.9544,4.6464334920886,1.32187528238585,1.3929374917507,1.39581372668179,12.878,1.62826666666667,4.36102637460495,5.2534095696668,128.605316,72.414176,14.2876432915522,0.969156077634558,0.87197627698413,0.777322832630269,399.97342,53.3191573333333,154.008028485009,137.579264999148,2.6,2.4,2.40224886796286,2.25989709292424,1.5193826646423,1.36507672357122,3,0.933333333333333,1.2,1.01980390271856,62.0,bi2sr2ca1cu2o8,45,cuprate_BSCCO,cuprate,304000,2.0008,85.0,ARPES measured,High
5,84.51936,59.3392474,65.504649896822,36.4940493053503,1.41594542081702,1.01653585662443,128.2426,38.0624066,49.9191888272876,55.8638153431617,773.18,1008.80405714286,729.601077440467,935.517536124536,1.54768113872807,0.787554473401637,781.6,749.606657142857,285.100244826272,357.456826988494,146.6,106.554,131.633640171501,85.0339310549197,1.52710428419145,1.14159295485349,158,54.2938571428571,54.2829623362616,70.1155144722927,6313.6858,3276.74314285714,1398.42742399335,56.4342952714054,1.37786197926087,0.844770575182478,8958.571,1851.82628571429,3292.52927508421,3831.00840876757,95.78,113.265028571429,87.5485330305086,103.941618842022,1.52820701975853,0.828625985777146,91.0,81.3150714285714,37.4164883440443,39.8071903034656,8.6244,3.99667142857143,4.55150213773657,1.06428071258231,1.31534535728777,0.947918072487748,16.978,1.85922857142857,5.93730422329865,4.76083828819322,103.805316,61.5776171428571,11.2589941468469,0.658159520418698,0.700179525238662,0.299334873272543,399.97342,56.7276685714286,151.534341030142,137.81361600522,2.6,2.30714285714286,2.49146187923103,2.25953484237817,1.5649572502428,1.10120840246904,2,1.14085714285714,0.8,0.505631550940131,5.6,nd1.85ce0.15cu0.993ni0.007o4,69,cuprate_electron_doped,cuprate,230000,1.5137,5.6,ARPES measured,High
5,85.85668,59.34672,66.9334575043563,36.4984318826895,1.42390643320694,1.01944221898727,128.2426,38.0277,49.2950704092164,55.8642098034807,807.1,1009.04257142857,760.488703502938,935.789880845386,1.54873815259953,0.790476282079376,781.6,749.048857142857,288.748492636758,357.332261090774,145.2,106.545714285714,130.372894152888,85.0290775199092,1.52628307024617,1.14396177645205,158,54.24,54.2932776686028,70.1109481683227,5960.0858,3274.19514285714,1337.89962752856,56.416321141467,1.37991779980205,0.846619685417355,8958.571,1851.82628571429,3083.20966932944,3827.84356456737,73.38,113.102285714286,36.8525846907777,103.298762086622,1.30651298781138,0.821248740627388,141.0,81.4264285714286,51.119248820772,40.0301371530225,6.6544,3.98435714285714,3.83978165582791,1.06311289528896,1.36114419899016,0.94022863855305,12.878,1.86592857142857,4.12156735235517,4.7404271674177,109.605316,61.4866171428571,11.8994685113644,0.658002004769072,0.749057057360513,0.307614078012508,399.97342,56.55624,151.488200351841,137.649956780793,2.6,2.30714285714286,2.49146187923103,2.25953484237817,1.5649572502428,1.10297845520129,2,1.14,0.8,0.505631550940131,15.1,nd1.85ce0.15cu0.99zn0.01o4,71,cuprate_electron_doped,cuprate,230000,1.5137,15.1,ARPES measured,High
4,76.5177175,56.8088170714286,59.3100961333418,35.7734324182576,1.19727303349869,0.981879783570863,122.90607,34.8331599285714,44.2894585275144,52.5332069817455,787.05,1011.54071428571,734.219624171273,940.294344338809,1.31300802421591,0.786865234305601,772.0,738.578571428571,314.505965762178,353.819831451067,151.75,104.371428571429,131.302196551623,84.1108347003322,1.27527399052522,1.16005975115976,171,46.8428571428571,65.5796271718588,67.1114577035996,4434.35725,2961.47371428571,674.484751445268,53.4270174887903,0.995982779568411,0.769628332487839,8958.571,1623.48342857143,3402.85619588643,3581.84892090518,79.6075,111.779214285714,48.4772646848066,98.4119621279586,1.09667176877521,0.777657155958259,135.97,81.2886428571429,54.3730969207199,42.5578923529527,6.9055,3.83471428571429,3.47947484936327,1.03921119227177,1.08857534188499,0.96403104867923,12.878,1.74457142857143,4.59906411675245,4.6583013524026,112.006645,61.34376,8.33981834610162,0.629441022509672,0.403693221013522,0.283412116654505,399.97342,57.1276685714286,166.742351106334,138.437713993087,2.25,2.26428571428571,2.21336383940064,2.2262216392083,1.36892236074022,1.04883427304761,1,1.1,0.433012701892219,0.440952123830019,31.6,la1.85sr0.15cu1o4,29,cuprate_LSCO,cuprate,245000,1.6125,31.6,ARPES measured,High
4,76.5177175,56.8088170714286,59.3100961333418,35.7734324182576,1.19727303349869,0.981879783570863,122.90607,34.8331599285714,44.2894585275144,52.5332069817455,787.05,1011.54071428571,734.219624171273,940.294344338809,1.31300802421591,0.786865234305601,772.0,738.578571428571,314.505965762178,353.819831451067,151.75,104.371428571429,131.302196551623,84.1108347003322,1.27527399052522,1.16005975115976,171,46.8428571428571,65.5796271718588,67.1114577035996,4434.35725,2961.47371428571,674.484751445268,53.4270174887903,0.995982779568411,0.769628332487839,8958.571,1623.48342857143,3402.85619588643,3581.84892090518,79.6075,111.779214285714,48.4772646848066,98.4119621279586,1.09667176877521,0.777657155958259,135.97,81.2886428571429,54.3730969207199,42.5578923529527,6.9055,3.83471428571429,3.47947484936327,1.03921119227177,1.08857534188499,0.96403104867923,12.878,1.74457142857143,4.59906411675245,4.6583013524026,112.006645,61.34376,8.33981834610162,0.629441022509672,0.403693221013522,0.283412116654505,399.97342,57.1276685714286,166.742351106334,138.437713993087,2.25,2.26428571428571,2.21336383940064,2.2262216392083,1.36892236074022,1.04883427304761,1,1.1,0.433012701892219,0.440952123830019,31.4,la1.85sr0.15cu1o4,29,cuprate_LSCO,cuprate,245000,1.6125,31.6,ARPES measured,High
4,76.5177175,56.8088170714286,59.3100961333418,35.7734324182576,1.19727303349869,0.981879783570863,122.90607,34.8331599285714,44.2894585275144,52.5332069817455,787.05,1011.54071428571,734.219624171273,940.294344338809,1.31300802421591,0.786865234305601,772.0,738.578571428571,314.505965762178,353.819831451067,151.75,104.371428571429,131.302196551623,84.1108347003322,1.27527399052522,1.16005975115976,171,46.8428571428571,65.5796271718588,67.1114577035996,4434.35725,2961.47371428571,674.484751445268,53.4270174887903,0.995982779568411,0.769628332487839,8958.571,1623.48342857143,3402.85619588643,3581.84892090518,79.6075,111.779214285714,48.4772646848066,98.4119621279586,1.09667176877521,0.777657155958259,135.97,81.2886428571429,54.3730969207199,42.5578923529527,6.9055,3.83471428571429,3.47947484936327,1.03921119227177,1.08857534188499,0.96403104867923,12.878,1.74457142857143,4.59906411675245,4.6583013524026,112.006645,61.34376,8.33981834610162,0.629441022509672,0.403693221013522,0.283412116654505,399.97342,57.1276685714286,166.742351106334,138.437713993087,2.25,2.26428571428571,2.21336383940064,2.2262216392083,1.36892236074022,1.04883427304761,1,1.1,0.433012701892219,0.440952123830019,35.8,la1.85sr0.15cu1o4,29,cuprate_LSCO,cuprate,245000,1.6125,31.6,ARPES measured,High
4,76.5177175,56.8088170714286,59.3100961333418,35.7734324182576,1.19727303349869,0.981879783570863,122.90607,34.8331599285714,44.2894585275144,52.5332069817455,787.05,1011.54071428571,734.219624171273,940.294344338809,1.31300802421591,0.786865234305601,772.0,738.578571428571,314.505965762178,353.819831451067,151.75,104.371428571429,131.302196551623,84.1108347003322,1.27527399052522,1.16005975115976,171,46.8428571428571,65.5796271718588,67.1114577035996,4434.35725,2961.47371428571,674.484751445268,53.4270174887903,0.995982779568411,0.769628332487839,8958.571,1623.48342857143,3402.85619588643,3581.84892090518,79.6075,111.779214285714,48.4772646848066,98.4119621279586,1.09667176877521,0.777657155958259,135.97,81.2886428571429,54.3730969207199,42.5578923529527,6.9055,3.83471428571429,3.47947484936327,1.03921119227177,1.08857534188499,0.96403104867923,12.878,1.74457142857143,4.59906411675245,4.6583013524026,112.006645,61.34376,8.33981834610162,0.629441022509672,0.403693221013522,0.283412116654505,399.97342,57.1276685714286,166.742351106334,138.437713993087,2.25,2.26428571428571,2.21336383940064,2.2262216392083,1.36892236074022,1.04883427304761,1,1.1,0.433012701892219,0.440952123830019,35.3,la1.85sr0.15cu1o4,29,cuprate_LSCO,cuprate,245000,1.6125,31.6,ARPES measured,High
4,76.5177175,56.8088170714286,59.3100961333418,35.7734324182576,1.19727303349869,0.981879783570863,122.90607,34.8331599285714,44.2894585275144,52.5332069817455,787.05,1011.54071428571,734.219624171273,940.294344338809,1.31300802421591,0.786865234305601,772.0,738.578571428571,314.505965762178,353.819831451067,151.75,104.371428571429,131.302196551623,84.1108347003322,1.27527399052522,1.16005975115976,171,46.8428571428571,65.5796271718588,67.1114577035996,4434.35725,2961.47371428571,674.484751445268,53.4270174887903,0.995982779568411,0.769628332487839,8958.571,1623.48342857143,3402.85619588643,3581.84892090518,79.6075,111.779214285714,48.4772646848066,98.4119621279586,1.09667176877521,0.777657155958259,135.97,81.2886428571429,54.3730969207199,42.5578923529527,6.9055,3.83471428571429,3.47947484936327,1.03921119227177,1.08857534188499,0.96403104867923,12.878,1.74457142857143,4.59906411675245,4.6583013524026,112.006645,61.34376,8.33981834610162,0.629441022509672,0.403693221013522,0.283412116654505,399.97342,57.1276685714286,166.742351106334,138.437713993087,2.25,2.26428571428571,2.21336383940064,2.2262216392083,1.36892236074022,1.04883427304761,1,1.1,0.433012701892219,0.440952123830019,38.1,la1.85sr0.15cu1o4,29,cuprate_LSCO,cuprate,245000,1.6125,31.6,ARPES measured,High
4,76.5177175,56.8088170714286,59.3100961333418,35.7734324182576,1.19727303349869,0.981879783570863,122.90607,34.8331599285714,44.2894585275144,52.5332069817455,787.05,1011.54071428571,734.219624171273,940.294344338809,1.31300802421591,0.786865234305601,772.0,738.578571428571,314.505965762178,353.819831451067,151.75,104.371428571429,131.302196551623,84.1108347003322,1.27527399052522,1.16005975115976,171,46.8428571428571,65.5796271718588,67.1114577035996,4434.35725,2961.47371428571,674.484751445268,53.4270174887903,0.995982779568411,0.769628332487839,8958.571,1623.48342857143,3402.85619588643,3581.84892090518,79.6075,111.779214285714,48.4772646848066,98.4119621279586,1.09667176877521,0.777657155958259,135.97,81.2886428571429,54.3730969207199,42.5578923529527,6.9055,3.83471428571429,3.47947484936327,1.03921119227177,1.08857534188499,0.96403104867923,12.878,1.74457142857143,4.59906411675245,4.6583013524026,112.006645,61.34376,8.33981834610162,0.629441022509672,0.403693221013522,0.283412116654505,399.97342,57.1276685714286,166.742351106334,138.437713993087,2.25,2.26428571428571,2.21336383940064,2.2262216392083,1.36892236074022,1.04883427304761,1,1.1,0.433012701892219,0.440952123830019,34.4,la1.85sr0.15cu1o4,29,cuprate_LSCO,cuprate,245000,1.6125,31.6,ARPES measured,High
4,76.4445625,51.2456653846154,59.3566724745425,34.93526616493,1.1995407452483,1.29188813799544,121.3276,14.2883192307692,43.8233541228786,44.1921252152174,794.0,1003.62307692308,741.629348855485,937.559192443233,1.31500430814302,0.890516212329374,810.6,659.715384615385,311.743492313793,342.396001400641,164.5,114.538461538462,139.000513752081,89.6851907721419,1.25670056650299,1.339742693422,205,22.6153846153846,77.5258021564434,79.2353994166121,4235.85725,2952.46176923077,669.556587809389,66.3421689582226,1.01540712310099,0.812798145814768,8958.571,2066.92284615385,3194.93894591629,3639.1292471846,77.2375,109.169230769231,53.5279646494387,86.5393772975223,1.10518217403612,0.762761032074798,127.05,74.3538461538461,54.8307552268797,49.4457143606911,8.1805,5.25030769230769,4.03556899860879,1.33691977973836,1.11209819664271,1.04292735932209,12.878,2.90353846153846,4.9481552875794,5.64855656694176,108.756645,96.3989276923077,7.55238461047956,1.09629540931362,0.336261915781173,0.203148213514574,399.97342,92.29338,168.301046773239,166.440382618967,2.25,2.07692307692308,2.21336383940064,2.06336223306145,1.36892236074022,1.20182302376485,1,0.846153846153846,0.433012701892219,0.266469355010596,90.7,y1ba2cu3o7,13,cuprate_YBCO,cuprate,273400,1.7994,86.0,ARPES measured (canonical vmid),High
4,76.4445625,51.2456653846154,59.3566724745425,34.93526616493,1.1995407452483,1.29188813799544,121.3276,14.2883192307692,43.8233541228786,44.1921252152174,794.0,1003.62307692308,741.629348855485,937.559192443233,1.31500430814302,0.890516212329374,810.6,659.715384615385,311.743492313793,342.396001400641,164.5,114.538461538462,139.000513752081,89.6851907721419,1.25670056650299,1.339742693422,205,22.6153846153846,77.5258021564434,79.2353994166121,4235.85725,2952.46176923077,669.556587809389,66.3421689582226,1.01540712310099,0.812798145814768,8958.571,2066.92284615385,3194.93894591629,3639.1292471846,77.2375,109.169230769231,53.5279646494387,86.5393772975223,1.10518217403612,0.762761032074798,127.05,74.3538461538461,54.8307552268797,49.4457143606911,8.1805,5.25030769230769,4.03556899860879,1.33691977973836,1.11209819664271,1.04292735932209,12.878,2.90353846153846,4.9481552875794,5.64855656694176,108.756645,96.3989276923077,7.55238461047956,1.09629540931362,0.336261915781173,0.203148213514574,399.97342,92.29338,168.301046773239,166.440382618967,2.25,2.07692307692308,2.21336383940064,2.06336223306145,1.36892236074022,1.20182302376485,1,0.846153846153846,0.433012701892219,0.266469355010596,87.0,y1ba2cu3o7,13,cuprate_YBCO,cuprate,273400,1.7994,86.0,ARPES measured (canonical vmid),High
5,92.26674,65.2390533333333,64.8126619740323,38.2432079662367,1.32328660934735,1.38327196628044,188.3839,24.57924,69.2326551521925,67.8973470356623,747.78,984.466666666667,702.115183963558,912.495410008807,1.54100618977138,0.98684371065202,810.6,661.026666666667,293.286136051468,357.05227379506,159.2,112.4,139.74337176418,89.1655702687942,1.50732079160841,1.56195207452127,205,20.8,67.2113085722931,75.4106977380088,5174.2858,3346.76213333333,962.364248380021,68.8996631679477,1.16506544127006,1.10644451182222,11848.571,1579.23786666667,4506.89548007568,4475.40437412919,60.484,97.0646666666667,29.1775463973801,62.9570534333801,1.11263862269811,0.687370134057524,138.63,75.742,58.4343360020459,58.4397919077594,6.8124,4.06106666666667,3.83958497592852,1.16403718539927,1.34550846737517,1.36575380665463,12.878,1.62826666666667,4.34020541449365,4.70773784977692,132.805316,75.214176,17.7474131712332,1.11989343216865,0.949904122208674,0.866400030272894,399.97342,53.3191573333333,151.16463932891,136.631480409064,2.2,2.13333333333333,2.1689435423954,2.11110011888848,1.59416669911802,1.35359135213461,1,0.933333333333333,0.4,0.339934634239519,98.0,tl2ba2ca1cu2o8,54,cuprate_Tl_based,cuprate,320000,2.1061,109.0,ARPES measured,High
5,83.24476,59.2244,59.5060814160275,36.126174653366,1.31151037344354,1.37205026883777,192.981,25.1921866666667,67.2338347072841,64.1963038171721,779.88,1005.86666666667,740.399332713733,945.371395526592,1.55321870407659,1.01920228760579,764.1,661.026666666667,276.063147848459,333.238432490745,149.8,106.133333333333,133.425311183972,86.4573385873277,1.51953736136792,1.57318466329146,171,16.2666666666667,58.6085318021191,66.3192949969229,4584.2858,2953.4288,874.164786339504,64.6228811852236,1.16177435651007,1.09951242220735,9778.571,1303.23786666667,4004.27323147741,3977.06081745709,73.1,105.475333333333,33.1487827641917,68.5472871662888,1.20088590631532,0.827671215145129,138.63,75.742,57.6456725175446,52.6707822695742,8.1524,4.9544,4.6464334920886,1.32187528238585,1.3929374917507,1.39581372668179,12.878,1.62826666666667,4.36102637460495,5.2534095696668,128.605316,72.414176,14.2876432915522,0.969156077634558,0.87197627698413,0.777322832630269,399.97342,53.3191573333333,154.008028485009,137.579264999148,2.6,2.4,2.40224886796286,2.25989709292424,1.5193826646423,1.36507672357122,3,0.933333333333333,1.2,1.01980390271856,70.8,bi2sr2ca1cu2o8,45,cuprate_BSCCO,cuprate,304000,2.0008,85.0,ARPES measured,High
5,83.24476,59.2244,59.5060814160275,36.126174653366,1.31151037344354,1.37205026883777,192.981,25.1921866666667,67.2338347072841,64.1963038171721,779.88,1005.86666666667,740.399332713733,945.371395526592,1.55321870407659,1.01920228760579,764.1,661.026666666667,276.063147848459,333.238432490745,149.8,106.133333333333,133.425311183972,86.4573385873277,1.51953736136792,1.57318466329146,171,16.2666666666667,58.6085318021191,66.3192949969229,4584.2858,2953.4288,874.164786339504,64.6228811852236,1.16177435651007,1.09951242220735,9778.571,1303.23786666667,4004.27323147741,3977.06081745709,73.1,105.475333333333,33.1487827641917,68.5472871662888,1.20088590631532,0.827671215145129,138.63,75.742,57.6456725175446,52.6707822695742,8.1524,4.9544,4.6464334920886,1.32187528238585,1.3929374917507,1.39581372668179,12.878,1.62826666666667,4.36102637460495,5.2534095696668,128.605316,72.414176,14.2876432915522,0.969156077634558,0.87197627698413,0.777322832630269,399.97342,53.3191573333333,154.008028485009,137.579264999148,2.6,2.4,2.40224886796286,2.25989709292424,1.5193826646423,1.36507672357122,3,0.933333333333333,1.2,1.01980390271856,85.8,bi2sr2ca1cu2o8,45,cuprate_BSCCO,cuprate,304000,2.0008,85.0,ARPES measured,High
4,76.4445625,51.2456653846154,59.3566724745425,34.93526616493,1.1995407452483,1.29188813799544,121.3276,14.2883192307692,43.8233541228786,44.1921252152174,794.0,1003.62307692308,741.629348855485,937.559192443233,1.31500430814302,0.890516212329374,810.6,659.715384615385,311.743492313793,342.396001400641,164.5,114.538461538462,139.000513752081,89.6851907721419,1.25670056650299,1.339742693422,205,22.6153846153846,77.5258021564434,79.2353994166121,4235.85725,2952.46176923077,669.556587809389,66.3421689582226,1.01540712310099,0.812798145814768,8958.571,2066.92284615385,3194.93894591629,3639.1292471846,77.2375,109.169230769231,53.5279646494387,86.5393772975223,1.10518217403612,0.762761032074798,127.05,74.3538461538461,54.8307552268797,49.4457143606911,8.1805,5.25030769230769,4.03556899860879,1.33691977973836,1.11209819664271,1.04292735932209,12.878,2.90353846153846,4.9481552875794,5.64855656694176,108.756645,96.3989276923077,7.55238461047956,1.09629540931362,0.336261915781173,0.203148213514574,399.97342,92.29338,168.301046773239,166.440382618967,2.25,2.07692307692308,2.21336383940064,2.06336223306145,1.36892236074022,1.20182302376485,1,0.846153846153846,0.433012701892219,0.266469355010596,90.4,y1ba2cu3o7,13,cuprate_YBCO,cuprate,273400,1.7994,86.0,ARPES measured (canonical vmid),High
4,90.97585,59.530662553802,67.3275552910357,36.6267261099979,1.17639288372364,1.00963671043095,128.2426,35.2697704447633,53.9117375982958,55.9114851288162,782.425,1007.5031563845,727.960609684325,934.164470363118,1.31036807225978,0.785938069982684,781.6,736.297274031564,318.080708115095,357.659569615474,146.0,106.802008608321,127.618033181518,85.2411558885475,1.28299625751195,1.13284185575959,158,50.6958393113343,60.6753656766896,70.1584052869461,5665.10725,3290.89284505021,880.2476272724,57.3346656392547,1.09060991131509,0.828544555171135,8958.571,1859.80299426112,3383.43990732918,3833.27705559693,91.35,113.1456241033,82.046890506221,103.806278827255,1.28520320008435,0.825325331417904,91.0,80.0573888091822,40.6431728584273,39.8470077966888,6.4805,4.00880057388809,3.26445981654133,1.07119190389519,1.06930850934214,0.923010941472046,12.878,1.7661406025825,4.59161635483628,4.75497772335605,107.006645,62.1528726829268,6.67750379658988,0.668306970360892,0.286107203537746,0.28729028420924,399.97342,57.3736696413199,169.269247361912,138.462470824561,2.75,2.30846484935438,2.63214802590498,2.26072176759844,1.3421131789144,1.09750380988708,2,1.05308464849354,0.82915619758885,0.506316001084121,20.0,nd1.85ce0.15cu1o3.97,74,cuprate_electron_doped,cuprate,230000,1.5137,20.0,ARPES measured,High
4,105.313925,76.633,73.0883762545777,42.6054174665645,1.12584817902596,1.15864641056541,188.3839,31.3836909090909,71.6959238182819,75.2194799690394,787.375,982.4,733.513183093207,905.220525559067,1.31211186553251,0.877226855858847,810.6,648.509090909091,315.724764430983,367.154441123029,150.5,113.727272727273,128.740025194666,88.9630381515022,1.25878050352551,1.30036073254033,205,32.8181818181818,72.5827114401219,79.3531701939797,6080.35725,3608.05218181818,854.262665195479,67.4747244434402,0.998141383301719,0.952104272052556,11848.571,2153.766,4613.60013686521,4695.92053361497,74.6375,95.2,48.3485238699581,65.951977310881,1.05768348464572,0.645370390180314,127.05,74.9181818181818,57.1542362275099,58.6627146568337,6.3805,3.53018181818182,3.14406044539472,1.05329884711804,1.04418073353965,1.17877374986123,12.878,1.33345454545455,4.75542224728783,4.24372995923894,116.006645,48.0144981818182,9.6863760659405,0.808664223122662,0.483727931942032,0.700428338207067,399.97342,36.3491381818182,164.780030624066,112.621930629877,2.25,2.18181818181818,2.21336383940064,2.15301268319815,1.36892236074022,1.19884931291362,1,0.909090909090909,0.433012701892219,0.385694607919935,81.5,tl2ba2cu1o6,52,cuprate_Tl_based,cuprate,320000,2.1061,83.0,ARPES measured,High
4,88.9444675,57.8401427142857,66.3615924315719,36.1107157375382,1.1817952393305,1.12922373013507,122.90607,27.8487427142857,51.9688277861034,53.5887706050743,775.425,1009.71714285714,718.15289995213,937.025572960086,1.30596703599158,0.805229640813357,810.6,728.807142857143,323.811807806633,356.31928137213,160.25,106.342857142857,136.126003095455,84.8434418389765,1.25924397214289,1.26119371912948,205,36.5142857142857,75.2375404967494,70.6344484378724,4654.35725,2923.84514285714,724.953210852388,53.1170285737926,1.03312880053102,0.859810869291435,8958.571,1491.78342857143,3306.1628967555,3552.66866358032,81.8375,111.240714285714,60.1231785550982,97.7747186271033,1.15968659338134,0.787396182520174,127.05,80.7664285714286,51.4337118896741,43.4520592088545,6.9055,3.87114285714286,3.47947484936327,1.04454467078021,1.08857534188499,1.04496953590973,12.878,1.74457142857143,4.59906411675245,4.68401395107631,107.756645,61.0866171428571,7.06248773046785,0.624877733754845,0.308147989812345,0.272819938850094,399.97342,57.1276685714286,168.854243757651,138.493671473918,2.25,2.24285714285714,2.21336383940064,2.20696281450132,1.36892236074022,1.09605191790054,1,1.05714285714286,0.433012701892219,0.428809457708675,9.7,la1.7ba0.3cu1o4,25,cuprate_LSCO,cuprate,245000,1.6125,16.0,ARPES measured,High
4,90.1422625,58.4628789285714,66.9350441753246,36.2720549072903,1.1786487477301,1.01913418487134,124.90825,34.2373932142857,53.101375326838,54.5281324904717,781.2,1007.51785714286,726.276975830068,933.241464598721,1.30963661341067,0.781677838067417,786.5,738.769285714286,319.052668065948,359.181808374028,156.25,117.385714285714,133.542493259005,89.2100968068677,1.26330558899854,1.08656171415207,199,61.3142857142857,72.2958332132634,86.0112605347434,5572.60725,3179.00942857143,868.395128395836,55.6316218883793,1.08892790263583,0.836141109574179,8958.571,1754.04057142857,3350.30285164755,3738.1444917717,91.35,113.271428571429,82.046890506221,103.94732073931,1.28520320008435,0.822660771041162,91.0,80.325,40.6431728584273,39.8077420426054,6.4305,3.93971428571429,3.24122375040231,1.05598644860201,1.06747319560728,0.925773552258418,12.878,1.75357142857143,4.58568323698879,4.71734936815416,106.006645,60.8294742857143,6.24435738721919,0.614021288835698,0.257209773933062,0.244639046719328,399.97342,57.1276685714286,169.808985016895,138.579130686535,3.0,2.57142857142857,2.82842712474619,2.43802730840895,1.32966134885476,1.08335601779317,2,1.05714285714286,1.0,0.903507902905251,11.0,pr1.85ce0.15cu1o4,76,cuprate_electron_doped,cuprate,230000,1.5137,23.2,ARPES measured,High
4,90.1422625,58.4628789285714,66.9350441753246,36.2720549072903,1.1786487477301,1.01913418487134,124.90825,34.2373932142857,53.101375326838,54.5281324904717,781.2,1007.51785714286,726.276975830068,933.241464598721,1.30963661341067,0.781677838067417,786.5,738.769285714286,319.052668065948,359.181808374028,156.25,117.385714285714,133.542493259005,89.2100968068677,1.26330558899854,1.08656171415207,199,61.3142857142857,72.2958332132634,86.0112605347434,5572.60725,3179.00942857143,868.395128395836,55.6316218883793,1.08892790263583,0.836141109574179,8958.571,1754.04057142857,3350.30285164755,3738.1444917717,91.35,113.271428571429,82.046890506221,103.94732073931,1.28520320008435,0.822660771041162,91.0,80.325,40.6431728584273,39.8077420426054,6.4305,3.93971428571429,3.24122375040231,1.05598644860201,1.06747319560728,0.925773552258418,12.878,1.75357142857143,4.58568323698879,4.71734936815416,106.006645,60.8294742857143,6.24435738721919,0.614021288835698,0.257209773933062,0.244639046719328,399.97342,57.1276685714286,169.808985016895,138.579130686535,3.0,2.57142857142857,2.82842712474619,2.43802730840895,1.32966134885476,1.08335601779317,2,1.05714285714286,1.0,0.903507902905251,16.5,pr1.85ce0.15cu1o4,76,cuprate_electron_doped,cuprate,230000,1.5137,23.2,ARPES measured,High
4,90.1422625,58.4628789285714,66.9350441753246,36.2720549072903,1.1786487477301,1.01913418487134,124.90825,34.2373932142857,53.101375326838,54.5281324904717,781.2,1007.51785714286,726.276975830068,933.241464598721,1.30963661341067,0.781677838067417,786.5,738.769285714286,319.052668065948,359.181808374028,156.25,117.385714285714,133.542493259005,89.2100968068677,1.26330558899854,1.08656171415207,199,61.3142857142857,72.2958332132634,86.0112605347434,5572.60725,3179.00942857143,868.395128395836,55.6316218883793,1.08892790263583,0.836141109574179,8958.571,1754.04057142857,3350.30285164755,3738.1444917717,91.35,113.271428571429,82.046890506221,103.94732073931,1.28520320008435,0.822660771041162,91.0,80.325,40.6431728584273,39.8077420426054,6.4305,3.93971428571429,3.24122375040231,1.05598644860201,1.06747319560728,0.925773552258418,12.878,1.75357142857143,4.58568323698879,4.71734936815416,106.006645,60.8294742857143,6.24435738721919,0.614021288835698,0.257209773933062,0.244639046719328,399.97342,57.1276685714286,169.808985016895,138.579130686535,3.0,2.57142857142857,2.82842712474619,2.43802730840895,1.32966134885476,1.08335601779317,2,1.05714285714286,1.0,0.903507902905251,16.0,pr1.85ce0.15cu1o4,76,cuprate_electron_doped,cuprate,230000,1.5137,23.2,ARPES measured,High
5,83.24476,59.2244,59.5060814160275,36.126174653366,1.31151037344354,1.37205026883777,192.981,25.1921866666667,67.2338347072841,64.1963038171721,779.88,1005.86666666667,740.399332713733,945.371395526592,1.55321870407659,1.01920228760579,764.1,661.026666666667,276.063147848459,333.238432490745,149.8,106.133333333333,133.425311183972,86.4573385873277,1.51953736136792,1.57318466329146,171,16.2666666666667,58.6085318021191,66.3192949969229,4584.2858,2953.4288,874.164786339504,64.6228811852236,1.16177435651007,1.09951242220735,9778.571,1303.23786666667,4004.27323147741,3977.06081745709,73.1,105.475333333333,33.1487827641917,68.5472871662888,1.20088590631532,0.827671215145129,138.63,75.742,57.6456725175446,52.6707822695742,8.1524,4.9544,4.6464334920886,1.32187528238585,1.3929374917507,1.39581372668179,12.878,1.62826666666667,4.36102637460495,5.2534095696668,128.605316,72.414176,14.2876432915522,0.969156077634558,0.87197627698413,0.777322832630269,399.97342,53.3191573333333,154.008028485009,137.579264999148,2.6,2.4,2.40224886796286,2.25989709292424,1.5193826646423,1.36507672357122,3,0.933333333333333,1.2,1.01980390271856,71.5,bi2sr2ca1cu2o8,45,cuprate_BSCCO,cuprate,304000,2.0008,85.0,ARPES measured,High
4,76.4445625,51.2456653846154,59.3566724745425,34.93526616493,1.1995407452483,1.29188813799544,121.3276,14.2883192307692,43.8233541228786,44.1921252152174,794.0,1003.62307692308,741.629348855485,937.559192443233,1.31500430814302,0.890516212329374,810.6,659.715384615385,311.743492313793,342.396001400641,164.5,114.538461538462,139.000513752081,89.6851907721419,1.25670056650299,1.339742693422,205,22.6153846153846,77.5258021564434,79.2353994166121,4235.85725,2952.46176923077,669.556587809389,66.3421689582226,1.01540712310099,0.812798145814768,8958.571,2066.92284615385,3194.93894591629,3639.1292471846,77.2375,109.169230769231,53.5279646494387,86.5393772975223,1.10518217403612,0.762761032074798,127.05,74.3538461538461,54.8307552268797,49.4457143606911,8.1805,5.25030769230769,4.03556899860879,1.33691977973836,1.11209819664271,1.04292735932209,12.878,2.90353846153846,4.9481552875794,5.64855656694176,108.756645,96.3989276923077,7.55238461047956,1.09629540931362,0.336261915781173,0.203148213514574,399.97342,92.29338,168.301046773239,166.440382618967,2.25,2.07692307692308,2.21336383940064,2.06336223306145,1.36892236074022,1.20182302376485,1,0.846153846153846,0.433012701892219,0.266469355010596,66.0,y1ba2cu3o7,13,cuprate_YBCO,cuprate,273400,1.7994,86.0,ARPES measured (canonical vmid),High
4,76.4445625,51.2456653846154,59.3566724745425,34.93526616493,1.1995407452483,1.29188813799544,121.3276,14.2883192307692,43.8233541228786,44.1921252152174,794.0,1003.62307692308,741.629348855485,937.559192443233,1.31500430814302,0.890516212329374,810.6,659.715384615385,311.743492313793,342.396001400641,164.5,114.538461538462,139.000513752081,89.6851907721419,1.25670056650299,1.339742693422,205,22.6153846153846,77.5258021564434,79.2353994166121,4235.85725,2952.46176923077,669.556587809389,66.3421689582226,1.01540712310099,0.812798145814768,8958.571,2066.92284615385,3194.93894591629,3639.1292471846,77.2375,109.169230769231,53.5279646494387,86.5393772975223,1.10518217403612,0.762761032074798,127.05,74.3538461538461,54.8307552268797,49.4457143606911,8.1805,5.25030769230769,4.03556899860879,1.33691977973836,1.11209819664271,1.04292735932209,12.878,2.90353846153846,4.9481552875794,5.64855656694176,108.756645,96.3989276923077,7.55238461047956,1.09629540931362,0.336261915781173,0.203148213514574,399.97342,92.29338,168.301046773239,166.440382618967,2.25,2.07692307692308,2.21336383940064,2.06336223306145,1.36892236074022,1.20182302376485,1,0.846153846153846,0.433012701892219,0.266469355010596,90.2,y1ba2cu3o7,13,cuprate_YBCO,cuprate,273400,1.7994,86.0,ARPES measured (canonical vmid),High
4,76.4445625,51.518892248062,59.3566724745425,35.147400203827,1.1995407452483,1.29069116588067,121.3276,14.3990813953488,43.8233541228786,44.2535665434991,794.0,1001.22403100775,741.629348855485,935.114076729286,1.31500430814302,0.895987109708696,810.6,654.650387596899,311.743492313793,342.630435927781,164.5,115.054263565891,139.000513752081,90.120839474344,1.25670056650299,1.33924280475906,205,22.7906976744186,77.5258021564434,79.3242106093641,4235.85725,2975.33799224806,669.556587809389,68.3455537043014,1.01540712310099,0.81277042040323,8958.571,2082.95658139535,3194.93894591629,3643.8840288369,77.2375,108.910852713178,53.5279646494387,86.205442920185,1.10518217403612,0.766899508925827,127.05,73.8255813953488,54.8307552268797,49.5494956369642,8.1805,5.28928682170543,4.03556899860879,1.35565737416138,1.11209819664271,1.04203375695533,12.878,2.92776744186047,4.9481552875794,5.65296450346393,108.756645,97.1460001550387,7.55238461047956,1.12836566846972,0.336261915781173,0.203129932293431,399.97342,93.0090386046512,168.301046773239,166.866991991426,2.25,2.07751937984496,2.21336383940064,2.0638611731558,1.36892236074022,1.20586465999055,1,0.837209302325582,0.433012701892219,0.2674137722583,91.6,y1ba2cu3o6.9,20,cuprate_YBCO,cuprate,273400,1.7994,88.0,ARPES measured (canonical vmid),High
5,92.26674,65.2390533333333,64.8126619740323,38.2432079662367,1.32328660934735,1.38327196628044,188.3839,24.57924,69.2326551521925,67.8973470356623,747.78,984.466666666667,702.115183963558,912.495410008807,1.54100618977138,0.98684371065202,810.6,661.026666666667,293.286136051468,357.05227379506,159.2,112.4,139.74337176418,89.1655702687942,1.50732079160841,1.56195207452127,205,20.8,67.2113085722931,75.4106977380088,5174.2858,3346.76213333333,962.364248380021,68.8996631679477,1.16506544127006,1.10644451182222,11848.571,1579.23786666667,4506.89548007568,4475.40437412919,60.484,97.0646666666667,29.1775463973801,62.9570534333801,1.11263862269811,0.687370134057524,138.63,75.742,58.4343360020459,58.4397919077594,6.8124,4.06106666666667,3.83958497592852,1.16403718539927,1.34550846737517,1.36575380665463,12.878,1.62826666666667,4.34020541449365,4.70773784977692,132.805316,75.214176,17.7474131712332,1.11989343216865,0.949904122208674,0.866400030272894,399.97342,53.3191573333333,151.16463932891,136.631480409064,2.2,2.13333333333333,2.1689435423954,2.11110011888848,1.59416669911802,1.35359135213461,1,0.933333333333333,0.4,0.339934634239519,112.1,tl2ba2ca1cu2o8,54,cuprate_Tl_based,cuprate,320000,2.1061,109.0,ARPES measured,High
5,92.26674,65.2390533333333,64.8126619740323,38.2432079662367,1.32328660934735,1.38327196628044,188.3839,24.57924,69.2326551521925,67.8973470356623,747.78,984.466666666667,702.115183963558,912.495410008807,1.54100618977138,0.98684371065202,810.6,661.026666666667,293.286136051468,357.05227379506,159.2,112.4,139.74337176418,89.1655702687942,1.50732079160841,1.56195207452127,205,20.8,67.2113085722931,75.4106977380088,5174.2858,3346.76213333333,962.364248380021,68.8996631679477,1.16506544127006,1.10644451182222,11848.571,1579.23786666667,4506.89548007568,4475.40437412919,60.484,97.0646666666667,29.1775463973801,62.9570534333801,1.11263862269811,0.687370134057524,138.63,75.742,58.4343360020459,58.4397919077594,6.8124,4.06106666666667,3.83958497592852,1.16403718539927,1.34550846737517,1.36575380665463,12.878,1.62826666666667,4.34020541449365,4.70773784977692,132.805316,75.214176,17.7474131712332,1.11989343216865,0.949904122208674,0.866400030272894,399.97342,53.3191573333333,151.16463932891,136.631480409064,2.2,2.13333333333333,2.1689435423954,2.11110011888848,1.59416669911802,1.35359135213461,1,0.933333333333333,0.4,0.339934634239519,107.2,tl2ba2ca1cu2o8,54,cuprate_Tl_based,cuprate,320000,2.1061,109.0,ARPES measured,High
5,92.26674,65.2390533333333,64.8126619740323,38.2432079662367,1.32328660934735,1.38327196628044,188.3839,24.57924,69.2326551521925,67.8973470356623,747.78,984.466666666667,702.115183963558,912.495410008807,1.54100618977138,0.98684371065202,810.6,661.026666666667,293.286136051468,357.05227379506,159.2,112.4,139.74337176418,89.1655702687942,1.50732079160841,1.56195207452127,205,20.8,67.2113085722931,75.4106977380088,5174.2858,3346.76213333333,962.364248380021,68.8996631679477,1.16506544127006,1.10644451182222,11848.571,1579.23786666667,4506.89548007568,4475.40437412919,60.484,97.0646666666667,29.1775463973801,62.9570534333801,1.11263862269811,0.687370134057524,138.63,75.742,58.4343360020459,58.4397919077594,6.8124,4.06106666666667,3.83958497592852,1.16403718539927,1.34550846737517,1.36575380665463,12.878,1.62826666666667,4.34020541449365,4.70773784977692,132.805316,75.214176,17.7474131712332,1.11989343216865,0.949904122208674,0.866400030272894,399.97342,53.3191573333333,151.16463932891,136.631480409064,2.2,2.13333333333333,2.1689435423954,2.11110011888848,1.59416669911802,1.35359135213461,1,0.933333333333333,0.4,0.339934634239519,106.7,tl2ba2ca1cu2o8,54,cuprate_Tl_based,cuprate,320000,2.1061,109.0,ARPES measured,High
5,92.26674,65.2390533333333,64.8126619740323,38.2432079662367,1.32328660934735,1.38327196628044,188.3839,24.57924,69.2326551521925,67.8973470356623,747.78,984.466666666667,702.115183963558,912.495410008807,1.54100618977138,0.98684371065202,810.6,661.026666666667,293.286136051468,357.05227379506,159.2,112.4,139.74337176418,89.1655702687942,1.50732079160841,1.56195207452127,205,20.8,67.2113085722931,75.4106977380088,5174.2858,3346.76213333333,962.364248380021,68.8996631679477,1.16506544127006,1.10644451182222,11848.571,1579.23786666667,4506.89548007568,4475.40437412919,60.484,97.0646666666667,29.1775463973801,62.9570534333801,1.11263862269811,0.687370134057524,138.63,75.742,58.4343360020459,58.4397919077594,6.8124,4.06106666666667,3.83958497592852,1.16403718539927,1.34550846737517,1.36575380665463,12.878,1.62826666666667,4.34020541449365,4.70773784977692,132.805316,75.214176,17.7474131712332,1.11989343216865,0.949904122208674,0.866400030272894,399.97342,53.3191573333333,151.16463932891,136.631480409064,2.2,2.13333333333333,2.1689435423954,2.11110011888848,1.59416669911802,1.35359135213461,1,0.933333333333333,0.4,0.339934634239519,114.1,tl2ba2ca1cu2o8,54,cuprate_Tl_based,cuprate,320000,2.1061,109.0,ARPES measured,High
4,105.313925,76.633,73.0883762545777,42.6054174665645,1.12584817902596,1.15864641056541,188.3839,31.3836909090909,71.6959238182819,75.2194799690394,787.375,982.4,733.513183093207,905.220525559067,1.31211186553251,0.877226855858847,810.6,648.509090909091,315.724764430983,367.154441123029,150.5,113.727272727273,128.740025194666,88.9630381515022,1.25878050352551,1.30036073254033,205,32.8181818181818,72.5827114401219,79.3531701939797,6080.35725,3608.05218181818,854.262665195479,67.4747244434402,0.998141383301719,0.952104272052556,11848.571,2153.766,4613.60013686521,4695.92053361497,74.6375,95.2,48.3485238699581,65.951977310881,1.05768348464572,0.645370390180314,127.05,74.9181818181818,57.1542362275099,58.6627146568337,6.3805,3.53018181818182,3.14406044539472,1.05329884711804,1.04418073353965,1.17877374986123,12.878,1.33345454545455,4.75542224728783,4.24372995923894,116.006645,48.0144981818182,9.6863760659405,0.808664223122662,0.483727931942032,0.700428338207067,399.97342,36.3491381818182,164.780030624066,112.621930629877,2.25,2.18181818181818,2.21336383940064,2.15301268319815,1.36892236074022,1.19884931291362,1,0.909090909090909,0.433012701892219,0.385694607919935,87.0,tl2ba2cu1o6,52,cuprate_Tl_based,cuprate,320000,2.1061,83.0,ARPES measured,High
4,105.313925,76.633,73.0883762545777,42.6054174665645,1.12584817902596,1.15864641056541,188.3839,31.3836909090909,71.6959238182819,75.2194799690394,787.375,982.4,733.513183093207,905.220525559067,1.31211186553251,0.877226855858847,810.6,648.509090909091,315.724764430983,367.154441123029,150.5,113.727272727273,128.740025194666,88.9630381515022,1.25878050352551,1.30036073254033,205,32.8181818181818,72.5827114401219,79.3531701939797,6080.35725,3608.05218181818,854.262665195479,67.4747244434402,0.998141383301719,0.952104272052556,11848.571,2153.766,4613.60013686521,4695.92053361497,74.6375,95.2,48.3485238699581,65.951977310881,1.05768348464572,0.645370390180314,127.05,74.9181818181818,57.1542362275099,58.6627146568337,6.3805,3.53018181818182,3.14406044539472,1.05329884711804,1.04418073353965,1.17877374986123,12.878,1.33345454545455,4.75542224728783,4.24372995923894,116.006645,48.0144981818182,9.6863760659405,0.808664223122662,0.483727931942032,0.700428338207067,399.97342,36.3491381818182,164.780030624066,112.621930629877,2.25,2.18181818181818,2.21336383940064,2.15301268319815,1.36892236074022,1.19884931291362,1,0.909090909090909,0.433012701892219,0.385694607919935,82.0,tl2ba2cu1o6,52,cuprate_Tl_based,cuprate,320000,2.1061,83.0,ARPES measured,High
4,105.313925,76.633,73.0883762545777,42.6054174665645,1.12584817902596,1.15864641056541,188.3839,31.3836909090909,71.6959238182819,75.2194799690394,787.375,982.4,733.513183093207,905.220525559067,1.31211186553251,0.877226855858847,810.6,648.509090909091,315.724764430983,367.154441123029,150.5,113.727272727273,128.740025194666,88.9630381515022,1.25878050352551,1.30036073254033,205,32.8181818181818,72.5827114401219,79.3531701939797,6080.35725,3608.05218181818,854.262665195479,67.4747244434402,0.998141383301719,0.952104272052556,11848.571,2153.766,4613.60013686521,4695.92053361497,74.6375,95.2,48.3485238699581,65.951977310881,1.05768348464572,0.645370390180314,127.05,74.9181818181818,57.1542362275099,58.6627146568337,6.3805,3.53018181818182,3.14406044539472,1.05329884711804,1.04418073353965,1.17877374986123,12.878,1.33345454545455,4.75542224728783,4.24372995923894,116.006645,48.0144981818182,9.6863760659405,0.808664223122662,0.483727931942032,0.700428338207067,399.97342,36.3491381818182,164.780030624066,112.621930629877,2.25,2.18181818181818,2.21336383940064,2.15301268319815,1.36892236074022,1.19884931291362,1,0.909090909090909,0.433012701892219,0.385694607919935,61.0,tl2ba2cu1o6,52,cuprate_Tl_based,cuprate,320000,2.1061,83.0,ARPES measured,High
4,105.313925,76.633,73.0883762545777,42.6054174665645,1.12584817902596,1.15864641056541,188.3839,31.3836909090909,71.6959238182819,75.2194799690394,787.375,982.4,733.513183093207,905.220525559067,1.31211186553251,0.877226855858847,810.6,648.509090909091,315.724764430983,367.154441123029,150.5,113.727272727273,128.740025194666,88.9630381515022,1.25878050352551,1.30036073254033,205,32.8181818181818,72.5827114401219,79.3531701939797,6080.35725,3608.05218181818,854.262665195479,67.4747244434402,0.998141383301719,0.952104272052556,11848.571,2153.766,4613.60013686521,4695.92053361497,74.6375,95.2,48.3485238699581,65.951977310881,1.05768348464572,0.645370390180314,127.05,74.9181818181818,57.1542362275099,58.6627146568337,6.3805,3.53018181818182,3.14406044539472,1.05329884711804,1.04418073353965,1.17877374986123,12.878,1.33345454545455,4.75542224728783,4.24372995923894,116.006645,48.0144981818182,9.6863760659405,0.808664223122662,0.483727931942032,0.700428338207067,399.97342,36.3491381818182,164.780030624066,112.621930629877,2.25,2.18181818181818,2.21336383940064,2.15301268319815,1.36892236074022,1.19884931291362,1,0.909090909090909,0.433012701892219,0.385694607919935,51.0,tl2ba2cu1o6,52,cuprate_Tl_based,cuprate,320000,2.1061,83.0,ARPES measured,High
4,105.313925,76.633,73.0883762545777,42.6054174665645,1.12584817902596,1.15864641056541,188.3839,31.3836909090909,71.6959238182819,75.2194799690394,787.375,982.4,733.513183093207,905.220525559067,1.31211186553251,0.877226855858847,810.6,648.509090909091,315.724764430983,367.154441123029,150.5,113.727272727273,128.740025194666,88.9630381515022,1.25878050352551,1.30036073254033,205,32.8181818181818,72.5827114401219,79.3531701939797,6080.35725,3608.05218181818,854.262665195479,67.4747244434402,0.998141383301719,0.952104272052556,11848.571,2153.766,4613.60013686521,4695.92053361497,74.6375,95.2,48.3485238699581,65.951977310881,1.05768348464572,0.645370390180314,127.05,74.9181818181818,57.1542362275099,58.6627146568337,6.3805,3.53018181818182,3.14406044539472,1.05329884711804,1.04418073353965,1.17877374986123,12.878,1.33345454545455,4.75542224728783,4.24372995923894,116.006645,48.0144981818182,9.6863760659405,0.808664223122662,0.483727931942032,0.700428338207067,399.97342,36.3491381818182,164.780030624066,112.621930629877,2.25,2.18181818181818,2.21336383940064,2.15301268319815,1.36892236074022,1.19884931291362,1,0.909090909090909,0.433012701892219,0.385694607919935,49.0,tl2ba2cu1o6,52,cuprate_Tl_based,cuprate,320000,2.1061,83.0,ARPES measured,High
4,105.313925,76.633,73.0883762545777,42.6054174665645,1.12584817902596,1.15864641056541,188.3839,31.3836909090909,71.6959238182819,75.2194799690394,787.375,982.4,733.513183093207,905.220525559067,1.31211186553251,0.877226855858847,810.6,648.509090909091,315.724764430983,367.154441123029,150.5,113.727272727273,128.740025194666,88.9630381515022,1.25878050352551,1.30036073254033,205,32.8181818181818,72.5827114401219,79.3531701939797,6080.35725,3608.05218181818,854.262665195479,67.4747244434402,0.998141383301719,0.952104272052556,11848.571,2153.766,4613.60013686521,4695.92053361497,74.6375,95.2,48.3485238699581,65.951977310881,1.05768348464572,0.645370390180314,127.05,74.9181818181818,57.1542362275099,58.6627146568337,6.3805,3.53018181818182,3.14406044539472,1.05329884711804,1.04418073353965,1.17877374986123,12.878,1.33345454545455,4.75542224728783,4.24372995923894,116.006645,48.0144981818182,9.6863760659405,0.808664223122662,0.483727931942032,0.700428338207067,399.97342,36.3491381818182,164.780030624066,112.621930629877,2.25,2.18181818181818,2.21336383940064,2.15301268319815,1.36892236074022,1.19884931291362,1,0.909090909090909,0.433012701892219,0.385694607919935,20.0,tl2ba2cu1o6,52,cuprate_Tl_based,cuprate,320000,2.1061,83.0,ARPES measured,High
4,105.313925,76.633,73.0883762545777,42.6054174665645,1.12584817902596,1.15864641056541,188.3839,31.3836909090909,71.6959238182819,75.2194799690394,787.375,982.4,733.513183093207,905.220525559067,1.31211186553251,0.877226855858847,810.6,648.509090909091,315.724764430983,367.154441123029,150.5,113.727272727273,128.740025194666,88.9630381515022,1.25878050352551,1.30036073254033,205,32.8181818181818,72.5827114401219,79.3531701939797,6080.35725,3608.05218181818,854.262665195479,67.4747244434402,0.998141383301719,0.952104272052556,11848.571,2153.766,4613.60013686521,4695.92053361497,74.6375,95.2,48.3485238699581,65.951977310881,1.05768348464572,0.645370390180314,127.05,74.9181818181818,57.1542362275099,58.6627146568337,6.3805,3.53018181818182,3.14406044539472,1.05329884711804,1.04418073353965,1.17877374986123,12.878,1.33345454545455,4.75542224728783,4.24372995923894,116.006645,48.0144981818182,9.6863760659405,0.808664223122662,0.483727931942032,0.700428338207067,399.97342,36.3491381818182,164.780030624066,112.621930629877,2.25,2.18181818181818,2.21336383940064,2.15301268319815,1.36892236074022,1.19884931291362,1,0.909090909090909,0.433012701892219,0.385694607919935,16.0,tl2ba2cu1o6,52,cuprate_Tl_based,cuprate,320000,2.1061,83.0,ARPES measured,High
4,105.313925,76.633,73.0883762545777,42.6054174665645,1.12584817902596,1.15864641056541,188.3839,31.3836909090909,71.6959238182819,75.2194799690394,787.375,982.4,733.513183093207,905.220525559067,1.31211186553251,0.877226855858847,810.6,648.509090909091,315.724764430983,367.154441123029,150.5,113.727272727273,128.740025194666,88.9630381515022,1.25878050352551,1.30036073254033,205,32.8181818181818,72.5827114401219,79.3531701939797,6080.35725,3608.05218181818,854.262665195479,67.4747244434402,0.998141383301719,0.952104272052556,11848.571,2153.766,4613.60013686521,4695.92053361497,74.6375,95.2,48.3485238699581,65.951977310881,1.05768348464572,0.645370390180314,127.05,74.9181818181818,57.1542362275099,58.6627146568337,6.3805,3.53018181818182,3.14406044539472,1.05329884711804,1.04418073353965,1.17877374986123,12.878,1.33345454545455,4.75542224728783,4.24372995923894,116.006645,48.0144981818182,9.6863760659405,0.808664223122662,0.483727931942032,0.700428338207067,399.97342,36.3491381818182,164.780030624066,112.621930629877,2.25,2.18181818181818,2.21336383940064,2.15301268319815,1.36892236074022,1.19884931291362,1,0.909090909090909,0.433012701892219,0.385694607919935,117.0,tl2ba2cu1o6,52,cuprate_Tl_based,cuprate,320000,2.1061,83.0,ARPES measured,High
5,83.24476,59.2244,59.5060814160275,36.126174653366,1.31151037344354,1.37205026883777,192.981,25.1921866666667,67.2338347072841,64.1963038171721,779.88,1005.86666666667,740.399332713733,945.371395526592,1.55321870407659,1.01920228760579,764.1,661.026666666667,276.063147848459,333.238432490745,149.8,106.133333333333,133.425311183972,86.4573385873277,1.51953736136792,1.57318466329146,171,16.2666666666667,58.6085318021191,66.3192949969229,4584.2858,2953.4288,874.164786339504,64.6228811852236,1.16177435651007,1.09951242220735,9778.571,1303.23786666667,4004.27323147741,3977.06081745709,73.1,105.475333333333,33.1487827641917,68.5472871662888,1.20088590631532,0.827671215145129,138.63,75.742,57.6456725175446,52.6707822695742,8.1524,4.9544,4.6464334920886,1.32187528238585,1.3929374917507,1.39581372668179,12.878,1.62826666666667,4.36102637460495,5.2534095696668,128.605316,72.414176,14.2876432915522,0.969156077634558,0.87197627698413,0.777322832630269,399.97342,53.3191573333333,154.008028485009,137.579264999148,2.6,2.4,2.40224886796286,2.25989709292424,1.5193826646423,1.36507672357122,3,0.933333333333333,1.2,1.01980390271856,84.9,bi2sr2ca1cu2o8,45,cuprate_BSCCO,cuprate,304000,2.0008,85.0,ARPES measured,High
4,105.313925,76.633,73.0883762545777,42.6054174665645,1.12584817902596,1.15864641056541,188.3839,31.3836909090909,71.6959238182819,75.2194799690394,787.375,982.4,733.513183093207,905.220525559067,1.31211186553251,0.877226855858847,810.6,648.509090909091,315.724764430983,367.154441123029,150.5,113.727272727273,128.740025194666,88.9630381515022,1.25878050352551,1.30036073254033,205,32.8181818181818,72.5827114401219,79.3531701939797,6080.35725,3608.05218181818,854.262665195479,67.4747244434402,0.998141383301719,0.952104272052556,11848.571,2153.766,4613.60013686521,4695.92053361497,74.6375,95.2,48.3485238699581,65.951977310881,1.05768348464572,0.645370390180314,127.05,74.9181818181818,57.1542362275099,58.6627146568337,6.3805,3.53018181818182,3.14406044539472,1.05329884711804,1.04418073353965,1.17877374986123,12.878,1.33345454545455,4.75542224728783,4.24372995923894,116.006645,48.0144981818182,9.6863760659405,0.808664223122662,0.483727931942032,0.700428338207067,399.97342,36.3491381818182,164.780030624066,112.621930629877,2.25,2.18181818181818,2.21336383940064,2.15301268319815,1.36892236074022,1.19884931291362,1,0.909090909090909,0.433012701892219,0.385694607919935,47.0,tl2ba2cu1o6,52,cuprate_Tl_based,cuprate,320000,2.1061,83.0,ARPES measured,High
5,83.24476,59.2244,59.5060814160275,36.126174653366,1.31151037344354,1.37205026883777,192.981,25.1921866666667,67.2338347072841,64.1963038171721,779.88,1005.86666666667,740.399332713733,945.371395526592,1.55321870407659,1.01920228760579,764.1,661.026666666667,276.063147848459,333.238432490745,149.8,106.133333333333,133.425311183972,86.4573385873277,1.51953736136792,1.57318466329146,171,16.2666666666667,58.6085318021191,66.3192949969229,4584.2858,2953.4288,874.164786339504,64.6228811852236,1.16177435651007,1.09951242220735,9778.571,1303.23786666667,4004.27323147741,3977.06081745709,73.1,105.475333333333,33.1487827641917,68.5472871662888,1.20088590631532,0.827671215145129,138.63,75.742,57.6456725175446,52.6707822695742,8.1524,4.9544,4.6464334920886,1.32187528238585,1.3929374917507,1.39581372668179,12.878,1.62826666666667,4.36102637460495,5.2534095696668,128.605316,72.414176,14.2876432915522,0.969156077634558,0.87197627698413,0.777322832630269,399.97342,53.3191573333333,154.008028485009,137.579264999148,2.6,2.4,2.40224886796286,2.25989709292424,1.5193826646423,1.36507672357122,3,0.933333333333333,1.2,1.01980390271856,93.0,bi2sr2ca1cu2o8,45,cuprate_BSCCO,cuprate,304000,2.0008,85.0,ARPES measured,High
5,87.98225,45.6834419847328,68.0194479226242,33.0891161412865,1.40917950793204,1.51488839425048,167.8406,9.86870229007634,54.7144469135346,36.3306390244115,798.44,1013.55610687023,760.503258853751,953.353457503986,1.55745008490011,0.946496724008044,764.1,696.991221374046,269.918762593488,331.595092720235,163.4,109.75572519084,144.207983780973,87.7908960291499,1.51721039633677,1.45517997519861,171,29.7519083969466,63.2221480179217,71.2744498403644,7062.6858,2991.95770229008,1237.21649955392,62.5557064938203,1.13426885141742,1.06866415343365,19248.571,1880.14153435115,6757.98982678182,4189.94526016324,76.026,107.302290076336,48.8413912963494,75.582696090737,1.334517895212,0.765157346000104,135.97,76.2358778625954,51.3971935420603,52.0821134783706,13.5444,5.62986259541985,6.21637822569266,1.34368669433225,1.22992631923069,1.30518929163421,34.778,2.62967938931298,11.6048733487272,6.88664097954293,124.405316,93.8693677862595,16.0811154930227,1.16036765528604,0.899172773556085,0.439680333045039,399.97342,83.9550596946565,150.353308883574,159.802813244583,3.0,2.15267175572519,2.70192007704123,2.10657751317884,1.49436508345339,1.33572756739868,4,0.969465648854962,1.54919333848297,0.598640730586188,51.0,y1sr2cu2.75w0.25o7.1,82,cuprate_other,cuprate,273400,1.7994,51.0,ARPES estimated (canonical),Medium
4,76.5177175,56.8088170714286,59.3100961333418,35.7734324182576,1.19727303349869,0.981879783570863,122.90607,34.8331599285714,44.2894585275144,52.5332069817455,787.05,1011.54071428571,734.219624171273,940.294344338809,1.31300802421591,0.786865234305601,772.0,738.578571428571,314.505965762178,353.819831451067,151.75,104.371428571429,131.302196551623,84.1108347003322,1.27527399052522,1.16005975115976,171,46.8428571428571,65.5796271718588,67.1114577035996,4434.35725,2961.47371428571,674.484751445268,53.4270174887903,0.995982779568411,0.769628332487839,8958.571,1623.48342857143,3402.85619588643,3581.84892090518,79.6075,111.779214285714,48.4772646848066,98.4119621279586,1.09667176877521,0.777657155958259,135.97,81.2886428571429,54.3730969207199,42.5578923529527,6.9055,3.83471428571429,3.47947484936327,1.03921119227177,1.08857534188499,0.96403104867923,12.878,1.74457142857143,4.59906411675245,4.6583013524026,112.006645,61.34376,8.33981834610162,0.629441022509672,0.403693221013522,0.283412116654505,399.97342,57.1276685714286,166.742351106334,138.437713993087,2.25,2.26428571428571,2.21336383940064,2.2262216392083,1.36892236074022,1.04883427304761,1,1.1,0.433012701892219,0.440952123830019,37.5,la1.85sr0.15cu1o4,29,cuprate_LSCO,cuprate,245000,1.6125,31.6,ARPES measured,High
5,92.26674,65.2390533333333,64.8126619740323,38.2432079662367,1.32328660934735,1.38327196628044,188.3839,24.57924,69.2326551521925,67.8973470356623,747.78,984.466666666667,702.115183963558,912.495410008807,1.54100618977138,0.98684371065202,810.6,661.026666666667,293.286136051468,357.05227379506,159.2,112.4,139.74337176418,89.1655702687942,1.50732079160841,1.56195207452127,205,20.8,67.2113085722931,75.4106977380088,5174.2858,3346.76213333333,962.364248380021,68.8996631679477,1.16506544127006,1.10644451182222,11848.571,1579.23786666667,4506.89548007568,4475.40437412919,60.484,97.0646666666667,29.1775463973801,62.9570534333801,1.11263862269811,0.687370134057524,138.63,75.742,58.4343360020459,58.4397919077594,6.8124,4.06106666666667,3.83958497592852,1.16403718539927,1.34550846737517,1.36575380665463,12.878,1.62826666666667,4.34020541449365,4.70773784977692,132.805316,75.214176,17.7474131712332,1.11989343216865,0.949904122208674,0.866400030272894,399.97342,53.3191573333333,151.16463932891,136.631480409064,2.2,2.13333333333333,2.1689435423954,2.11110011888848,1.59416669911802,1.35359135213461,1,0.933333333333333,0.4,0.339934634239519,109.0,tl2ba2ca1cu2o8,54,cuprate_Tl_based,cuprate,320000,2.1061,109.0,ARPES measured,High
5,83.24476,59.2244,59.5060814160275,36.126174653366,1.31151037344354,1.37205026883777,192.981,25.1921866666667,67.2338347072841,64.1963038171721,779.88,1005.86666666667,740.399332713733,945.371395526592,1.55321870407659,1.01920228760579,764.1,661.026666666667,276.063147848459,333.238432490745,149.8,106.133333333333,133.425311183972,86.4573385873277,1.51953736136792,1.57318466329146,171,16.2666666666667,58.6085318021191,66.3192949969229,4584.2858,2953.4288,874.164786339504,64.6228811852236,1.16177435651007,1.09951242220735,9778.571,1303.23786666667,4004.27323147741,3977.06081745709,73.1,105.475333333333,33.1487827641917,68.5472871662888,1.20088590631532,0.827671215145129,138.63,75.742,57.6456725175446,52.6707822695742,8.1524,4.9544,4.6464334920886,1.32187528238585,1.3929374917507,1.39581372668179,12.878,1.62826666666667,4.36102637460495,5.2534095696668,128.605316,72.414176,14.2876432915522,0.969156077634558,0.87197627698413,0.777322832630269,399.97342,53.3191573333333,154.008028485009,137.579264999148,2.6,2.4,2.40224886796286,2.25989709292424,1.5193826646423,1.36507672357122,3,0.933333333333333,1.2,1.01980390271856,87.0,bi2sr2ca1cu2o8,45,cuprate_BSCCO,cuprate,304000,2.0008,85.0,ARPES measured,High
5,69.229774,48.159585494107,54.8383160946403,32.7668402801558,1.41708664217324,1.31422078309093,122.90607,21.0794058023572,42.2102048225912,44.5686304431776,747.52,1004.63943789665,702.656093403365,938.484791823039,1.54178096369609,0.925460951532754,772.0,707.905077062557,292.201446950558,344.530680866643,160.2,105.914777878513,141.96390571064,86.0189533802432,1.52000558279546,1.47412403231052,171,27.8513145965549,61.0422804292238,65.8870980613995,3857.4858,2816.62890933817,796.60687133467,59.0092643055231,1.19559798985328,0.905970011625844,8958.571,1623.8787969175,3254.94499357617,3623.68151054233,64.46,108.19138712602,29.2396842520382,79.2526967051745,1.14853827742775,0.778732109699494,138.63,77.7850407978241,57.2968931094872,49.0363738676009,7.2324,4.44412148685403,4.16392151950927,1.19265033769025,1.37811041573788,1.18794636068947,12.878,2.25397461468722,4.16516110612783,5.06392412096785,129.605316,93.4324820852221,15.7445869641402,1.06888932731405,0.897101216669016,0.635989919685184,399.97342,72.5149340525839,153.235969034164,154.785084708622,2.2,2.16319129646419,2.1689435423954,2.13681319351894,1.59416669911802,1.25687928384515,1,1.05711695376247,0.4,0.369540115850128,51.0,la1.8sr0.2ca1cu2o6.03,33,cuprate_LSCO,cuprate,245000,1.6125,51.0,ARPES measured,High
4,76.4445625,51.2456653846154,59.3566724745425,34.93526616493,1.1995407452483,1.29188813799544,121.3276,14.2883192307692,43.8233541228786,44.1921252152174,794.0,1003.62307692308,741.629348855485,937.559192443233,1.31500430814302,0.890516212329374,810.6,659.715384615385,311.743492313793,342.396001400641,164.5,114.538461538462,139.000513752081,89.6851907721419,1.25670056650299,1.339742693422,205,22.6153846153846,77.5258021564434,79.2353994166121,4235.85725,2952.46176923077,669.556587809389,66.3421689582226,1.01540712310099,0.812798145814768,8958.571,2066.92284615385,3194.93894591629,3639.1292471846,77.2375,109.169230769231,53.5279646494387,86.5393772975223,1.10518217403612,0.762761032074798,127.05,74.3538461538461,54.8307552268797,49.4457143606911,8.1805,5.25030769230769,4.03556899860879,1.33691977973836,1.11209819664271,1.04292735932209,12.878,2.90353846153846,4.9481552875794,5.64855656694176,108.756645,96.3989276923077,7.55238461047956,1.09629540931362,0.336261915781173,0.203148213514574,399.97342,92.29338,168.301046773239,166.440382618967,2.25,2.07692307692308,2.21336383940064,2.06336223306145,1.36892236074022,1.20182302376485,1,0.846153846153846,0.433012701892219,0.266469355010596,95.5,y1ba2cu3o7,13,cuprate_YBCO,cuprate,273400,1.7994,86.0,ARPES measured (canonical vmid),High
4,76.4445625,51.518892248062,59.3566724745425,35.147400203827,1.1995407452483,1.29069116588067,121.3276,14.3990813953488,43.8233541228786,44.2535665434991,794.0,1001.22403100775,741.629348855485,935.114076729286,1.31500430814302,0.895987109708696,810.6,654.650387596899,311.743492313793,342.630435927781,164.5,115.054263565891,139.000513752081,90.120839474344,1.25670056650299,1.33924280475906,205,22.7906976744186,77.5258021564434,79.3242106093641,4235.85725,2975.33799224806,669.556587809389,68.3455537043014,1.01540712310099,0.81277042040323,8958.571,2082.95658139535,3194.93894591629,3643.8840288369,77.2375,108.910852713178,53.5279646494387,86.205442920185,1.10518217403612,0.766899508925827,127.05,73.8255813953488,54.8307552268797,49.5494956369642,8.1805,5.28928682170543,4.03556899860879,1.35565737416138,1.11209819664271,1.04203375695533,12.878,2.92776744186047,4.9481552875794,5.65296450346393,108.756645,97.1460001550387,7.55238461047956,1.12836566846972,0.336261915781173,0.203129932293431,399.97342,93.0090386046512,168.301046773239,166.866991991426,2.25,2.07751937984496,2.21336383940064,2.0638611731558,1.36892236074022,1.20586465999055,1,0.837209302325582,0.433012701892219,0.2674137722583,89.6,y1ba2cu3o6.9,20,cuprate_YBCO,cuprate,273400,1.7994,88.0,ARPES measured (canonical vmid),High
4,76.5177175,56.8088170714286,59.3100961333418,35.7734324182576,1.19727303349869,0.981879783570863,122.90607,34.8331599285714,44.2894585275144,52.5332069817455,787.05,1011.54071428571,734.219624171273,940.294344338809,1.31300802421591,0.786865234305601,772.0,738.578571428571,314.505965762178,353.819831451067,151.75,104.371428571429,131.302196551623,84.1108347003322,1.27527399052522,1.16005975115976,171,46.8428571428571,65.5796271718588,67.1114577035996,4434.35725,2961.47371428571,674.484751445268,53.4270174887903,0.995982779568411,0.769628332487839,8958.571,1623.48342857143,3402.85619588643,3581.84892090518,79.6075,111.779214285714,48.4772646848066,98.4119621279586,1.09667176877521,0.777657155958259,135.97,81.2886428571429,54.3730969207199,42.5578923529527,6.9055,3.83471428571429,3.47947484936327,1.03921119227177,1.08857534188499,0.96403104867923,12.878,1.74457142857143,4.59906411675245,4.6583013524026,112.006645,61.34376,8.33981834610162,0.629441022509672,0.403693221013522,0.283412116654505,399.97342,57.1276685714286,166.742351106334,138.437713993087,2.25,2.26428571428571,2.21336383940064,2.2262216392083,1.36892236074022,1.04883427304761,1,1.1,0.433012701892219,0.440952123830019,36.7,la1.85sr0.15cu1o4,29,cuprate_LSCO,cuprate,245000,1.6125,31.6,ARPES measured,High
4,76.5177175,56.8088170714286,59.3100961333418,35.7734324182576,1.19727303349869,0.981879783570863,122.90607,34.8331599285714,44.2894585275144,52.5332069817455,787.05,1011.54071428571,734.219624171273,940.294344338809,1.31300802421591,0.786865234305601,772.0,738.578571428571,314.505965762178,353.819831451067,151.75,104.371428571429,131.302196551623,84.1108347003322,1.27527399052522,1.16005975115976,171,46.8428571428571,65.5796271718588,67.1114577035996,4434.35725,2961.47371428571,674.484751445268,53.4270174887903,0.995982779568411,0.769628332487839,8958.571,1623.48342857143,3402.85619588643,3581.84892090518,79.6075,111.779214285714,48.4772646848066,98.4119621279586,1.09667176877521,0.777657155958259,135.97,81.2886428571429,54.3730969207199,42.5578923529527,6.9055,3.83471428571429,3.47947484936327,1.03921119227177,1.08857534188499,0.96403104867923,12.878,1.74457142857143,4.59906411675245,4.6583013524026,112.006645,61.34376,8.33981834610162,0.629441022509672,0.403693221013522,0.283412116654505,399.97342,57.1276685714286,166.742351106334,138.437713993087,2.25,2.26428571428571,2.21336383940064,2.2262216392083,1.36892236074022,1.04883427304761,1,1.1,0.433012701892219,0.440952123830019,30.0,la1.85sr0.15cu1o4,29,cuprate_LSCO,cuprate,245000,1.6125,31.6,ARPES measured,High
4,76.4445625,51.2456653846154,59.3566724745425,34.93526616493,1.1995407452483,1.29188813799544,121.3276,14.2883192307692,43.8233541228786,44.1921252152174,794.0,1003.62307692308,741.629348855485,937.559192443233,1.31500430814302,0.890516212329374,810.6,659.715384615385,311.743492313793,342.396001400641,164.5,114.538461538462,139.000513752081,89.6851907721419,1.25670056650299,1.339742693422,205,22.6153846153846,77.5258021564434,79.2353994166121,4235.85725,2952.46176923077,669.556587809389,66.3421689582226,1.01540712310099,0.812798145814768,8958.571,2066.92284615385,3194.93894591629,3639.1292471846,77.2375,109.169230769231,53.5279646494387,86.5393772975223,1.10518217403612,0.762761032074798,127.05,74.3538461538461,54.8307552268797,49.4457143606911,8.1805,5.25030769230769,4.03556899860879,1.33691977973836,1.11209819664271,1.04292735932209,12.878,2.90353846153846,4.9481552875794,5.64855656694176,108.756645,96.3989276923077,7.55238461047956,1.09629540931362,0.336261915781173,0.203148213514574,399.97342,92.29338,168.301046773239,166.440382618967,2.25,2.07692307692308,2.21336383940064,2.06336223306145,1.36892236074022,1.20182302376485,1,0.846153846153846,0.433012701892219,0.266469355010596,89.1,y1ba2cu3o7,13,cuprate_YBCO,cuprate,273400,1.7994,86.0,ARPES measured (canonical vmid),High
4,76.5177175,56.8088170714286,59.3100961333418,35.7734324182576,1.19727303349869,0.981879783570863,122.90607,34.8331599285714,44.2894585275144,52.5332069817455,787.05,1011.54071428571,734.219624171273,940.294344338809,1.31300802421591,0.786865234305601,772.0,738.578571428571,314.505965762178,353.819831451067,151.75,104.371428571429,131.302196551623,84.1108347003322,1.27527399052522,1.16005975115976,171,46.8428571428571,65.5796271718588,67.1114577035996,4434.35725,2961.47371428571,674.484751445268,53.4270174887903,0.995982779568411,0.769628332487839,8958.571,1623.48342857143,3402.85619588643,3581.84892090518,79.6075,111.779214285714,48.4772646848066,98.4119621279586,1.09667176877521,0.777657155958259,135.97,81.2886428571429,54.3730969207199,42.5578923529527,6.9055,3.83471428571429,3.47947484936327,1.03921119227177,1.08857534188499,0.96403104867923,12.878,1.74457142857143,4.59906411675245,4.6583013524026,112.006645,61.34376,8.33981834610162,0.629441022509672,0.403693221013522,0.283412116654505,399.97342,57.1276685714286,166.742351106334,138.437713993087,2.25,2.26428571428571,2.21336383940064,2.2262216392083,1.36892236074022,1.04883427304761,1,1.1,0.433012701892219,0.440952123830019,35.7,la1.85sr0.15cu1o4,29,cuprate_LSCO,cuprate,245000,1.6125,31.6,ARPES measured,High
4,76.4445625,51.2456653846154,59.3566724745425,34.93526616493,1.1995407452483,1.29188813799544,121.3276,14.2883192307692,43.8233541228786,44.1921252152174,794.0,1003.62307692308,741.629348855485,937.559192443233,1.31500430814302,0.890516212329374,810.6,659.715384615385,311.743492313793,342.396001400641,164.5,114.538461538462,139.000513752081,89.6851907721419,1.25670056650299,1.339742693422,205,22.6153846153846,77.5258021564434,79.2353994166121,4235.85725,2952.46176923077,669.556587809389,66.3421689582226,1.01540712310099,0.812798145814768,8958.571,2066.92284615385,3194.93894591629,3639.1292471846,77.2375,109.169230769231,53.5279646494387,86.5393772975223,1.10518217403612,0.762761032074798,127.05,74.3538461538461,54.8307552268797,49.4457143606911,8.1805,5.25030769230769,4.03556899860879,1.33691977973836,1.11209819664271,1.04292735932209,12.878,2.90353846153846,4.9481552875794,5.64855656694176,108.756645,96.3989276923077,7.55238461047956,1.09629540931362,0.336261915781173,0.203148213514574,399.97342,92.29338,168.301046773239,166.440382618967,2.25,2.07692307692308,2.21336383940064,2.06336223306145,1.36892236074022,1.20182302376485,1,0.846153846153846,0.433012701892219,0.266469355010596,87.5,y1ba2cu3o7,13,cuprate_YBCO,cuprate,273400,1.7994,86.0,ARPES measured (canonical vmid),High
4,76.4445625,51.2456653846154,59.3566724745425,34.93526616493,1.1995407452483,1.29188813799544,121.3276,14.2883192307692,43.8233541228786,44.1921252152174,794.0,1003.62307692308,741.629348855485,937.559192443233,1.31500430814302,0.890516212329374,810.6,659.715384615385,311.743492313793,342.396001400641,164.5,114.538461538462,139.000513752081,89.6851907721419,1.25670056650299,1.339742693422,205,22.6153846153846,77.5258021564434,79.2353994166121,4235.85725,2952.46176923077,669.556587809389,66.3421689582226,1.01540712310099,0.812798145814768,8958.571,2066.92284615385,3194.93894591629,3639.1292471846,77.2375,109.169230769231,53.5279646494387,86.5393772975223,1.10518217403612,0.762761032074798,127.05,74.3538461538461,54.8307552268797,49.4457143606911,8.1805,5.25030769230769,4.03556899860879,1.33691977973836,1.11209819664271,1.04292735932209,12.878,2.90353846153846,4.9481552875794,5.64855656694176,108.756645,96.3989276923077,7.55238461047956,1.09629540931362,0.336261915781173,0.203148213514574,399.97342,92.29338,168.301046773239,166.440382618967,2.25,2.07692307692308,2.21336383940064,2.06336223306145,1.36892236074022,1.20182302376485,1,0.846153846153846,0.433012701892219,0.266469355010596,90.6,y1ba2cu3o7,13,cuprate_YBCO,cuprate,273400,1.7994,86.0,ARPES measured (canonical vmid),High
5,83.24476,59.2244,59.5060814160275,36.126174653366,1.31151037344354,1.37205026883777,192.981,25.1921866666667,67.2338347072841,64.1963038171721,779.88,1005.86666666667,740.399332713733,945.371395526592,1.55321870407659,1.01920228760579,764.1,661.026666666667,276.063147848459,333.238432490745,149.8,106.133333333333,133.425311183972,86.4573385873277,1.51953736136792,1.57318466329146,171,16.2666666666667,58.6085318021191,66.3192949969229,4584.2858,2953.4288,874.164786339504,64.6228811852236,1.16177435651007,1.09951242220735,9778.571,1303.23786666667,4004.27323147741,3977.06081745709,73.1,105.475333333333,33.1487827641917,68.5472871662888,1.20088590631532,0.827671215145129,138.63,75.742,57.6456725175446,52.6707822695742,8.1524,4.9544,4.6464334920886,1.32187528238585,1.3929374917507,1.39581372668179,12.878,1.62826666666667,4.36102637460495,5.2534095696668,128.605316,72.414176,14.2876432915522,0.969156077634558,0.87197627698413,0.777322832630269,399.97342,53.3191573333333,154.008028485009,137.579264999148,2.6,2.4,2.40224886796286,2.25989709292424,1.5193826646423,1.36507672357122,3,0.933333333333333,1.2,1.01980390271856,55.0,bi2sr2ca1cu2o8,45,cuprate_BSCCO,cuprate,304000,2.0008,85.0,ARPES measured,High
4,76.4445625,51.2456653846154,59.3566724745425,34.93526616493,1.1995407452483,1.29188813799544,121.3276,14.2883192307692,43.8233541228786,44.1921252152174,794.0,1003.62307692308,741.629348855485,937.559192443233,1.31500430814302,0.890516212329374,810.6,659.715384615385,311.743492313793,342.396001400641,164.5,114.538461538462,139.000513752081,89.6851907721419,1.25670056650299,1.339742693422,205,22.6153846153846,77.5258021564434,79.2353994166121,4235.85725,2952.46176923077,669.556587809389,66.3421689582226,1.01540712310099,0.812798145814768,8958.571,2066.92284615385,3194.93894591629,3639.1292471846,77.2375,109.169230769231,53.5279646494387,86.5393772975223,1.10518217403612,0.762761032074798,127.05,74.3538461538461,54.8307552268797,49.4457143606911,8.1805,5.25030769230769,4.03556899860879,1.33691977973836,1.11209819664271,1.04292735932209,12.878,2.90353846153846,4.9481552875794,5.64855656694176,108.756645,96.3989276923077,7.55238461047956,1.09629540931362,0.336261915781173,0.203148213514574,399.97342,92.29338,168.301046773239,166.440382618967,2.25,2.07692307692308,2.21336383940064,2.06336223306145,1.36892236074022,1.20182302376485,1,0.846153846153846,0.433012701892219,0.266469355010596,90.85,y1ba2cu3o7,13,cuprate_YBCO,cuprate,273400,1.7994,86.0,ARPES measured (canonical vmid),High
4,76.4445625,51.2456653846154,59.3566724745425,34.93526616493,1.1995407452483,1.29188813799544,121.3276,14.2883192307692,43.8233541228786,44.1921252152174,794.0,1003.62307692308,741.629348855485,937.559192443233,1.31500430814302,0.890516212329374,810.6,659.715384615385,311.743492313793,342.396001400641,164.5,114.538461538462,139.000513752081,89.6851907721419,1.25670056650299,1.339742693422,205,22.6153846153846,77.5258021564434,79.2353994166121,4235.85725,2952.46176923077,669.556587809389,66.3421689582226,1.01540712310099,0.812798145814768,8958.571,2066.92284615385,3194.93894591629,3639.1292471846,77.2375,109.169230769231,53.5279646494387,86.5393772975223,1.10518217403612,0.762761032074798,127.05,74.3538461538461,54.8307552268797,49.4457143606911,8.1805,5.25030769230769,4.03556899860879,1.33691977973836,1.11209819664271,1.04292735932209,12.878,2.90353846153846,4.9481552875794,5.64855656694176,108.756645,96.3989276923077,7.55238461047956,1.09629540931362,0.336261915781173,0.203148213514574,399.97342,92.29338,168.301046773239,166.440382618967,2.25,2.07692307692308,2.21336383940064,2.06336223306145,1.36892236074022,1.20182302376485,1,0.846153846153846,0.433012701892219,0.266469355010596,91.15,y1ba2cu3o7,13,cuprate_YBCO,cuprate,273400,1.7994,86.0,ARPES measured (canonical vmid),High
4,76.4445625,51.2456653846154,59.3566724745425,34.93526616493,1.1995407452483,1.29188813799544,121.3276,14.2883192307692,43.8233541228786,44.1921252152174,794.0,1003.62307692308,741.629348855485,937.559192443233,1.31500430814302,0.890516212329374,810.6,659.715384615385,311.743492313793,342.396001400641,164.5,114.538461538462,139.000513752081,89.6851907721419,1.25670056650299,1.339742693422,205,22.6153846153846,77.5258021564434,79.2353994166121,4235.85725,2952.46176923077,669.556587809389,66.3421689582226,1.01540712310099,0.812798145814768,8958.571,2066.92284615385,3194.93894591629,3639.1292471846,77.2375,109.169230769231,53.5279646494387,86.5393772975223,1.10518217403612,0.762761032074798,127.05,74.3538461538461,54.8307552268797,49.4457143606911,8.1805,5.25030769230769,4.03556899860879,1.33691977973836,1.11209819664271,1.04292735932209,12.878,2.90353846153846,4.9481552875794,5.64855656694176,108.756645,96.3989276923077,7.55238461047956,1.09629540931362,0.336261915781173,0.203148213514574,399.97342,92.29338,168.301046773239,166.440382618967,2.25,2.07692307692308,2.21336383940064,2.06336223306145,1.36892236074022,1.20182302376485,1,0.846153846153846,0.433012701892219,0.266469355010596,50.0,y1ba2cu3o7,13,cuprate_YBCO,cuprate,273400,1.7994,86.0,ARPES measured (canonical vmid),High
4,76.5177175,57.2484068142857,59.3100961333418,35.9150018416559,1.19727303349869,0.935318973929482,122.90607,36.7748068142857,44.2894585275144,53.0016766072158,787.05,1011.473,734.219624171273,940.177532083957,1.31300802421591,0.774005177116847,772.0,743.284285714286,314.505965762178,353.909091030249,151.75,104.165714285714,131.302196551623,84.0271940812136,1.27527399052522,1.11330715887899,171,50.3914285714286,65.5796271718588,66.7958165621477,4434.35725,2991.61085714286,674.484751445268,53.8171474962129,0.995982779568411,0.740605487633944,8958.571,1676.16342857143,3402.85619588643,3593.70509331722,79.6075,112.147528571429,48.4772646848066,100.135508626297,1.09667176877521,0.779711931612519,135.97,81.3446142857143,54.3730969207199,41.8250574728395,6.9055,3.82014285714286,3.47947484936327,1.03708543388659,1.08857534188499,0.919302767582771,12.878,1.76857142857143,4.59906411675245,4.64789654201835,112.006645,61.1551885714286,8.33981834610162,0.624120231144624,0.403693221013522,0.266761555299874,399.97342,57.1276685714286,166.742351106334,138.488443665134,2.25,2.27285714285714,2.21336383940064,2.23397214406932,1.36892236074022,1.02489171610421,1,1.11714285714286,0.433012701892219,0.445428021625245,30.0,la1.91sr0.09cu1o4,28,cuprate_LSCO,cuprate,245000,1.6125,27.9,ARPES measured,High
4,76.4445625,51.2456653846154,59.3566724745425,34.93526616493,1.1995407452483,1.29188813799544,121.3276,14.2883192307692,43.8233541228786,44.1921252152174,794.0,1003.62307692308,741.629348855485,937.559192443233,1.31500430814302,0.890516212329374,810.6,659.715384615385,311.743492313793,342.396001400641,164.5,114.538461538462,139.000513752081,89.6851907721419,1.25670056650299,1.339742693422,205,22.6153846153846,77.5258021564434,79.2353994166121,4235.85725,2952.46176923077,669.556587809389,66.3421689582226,1.01540712310099,0.812798145814768,8958.571,2066.92284615385,3194.93894591629,3639.1292471846,77.2375,109.169230769231,53.5279646494387,86.5393772975223,1.10518217403612,0.762761032074798,127.05,74.3538461538461,54.8307552268797,49.4457143606911,8.1805,5.25030769230769,4.03556899860879,1.33691977973836,1.11209819664271,1.04292735932209,12.878,2.90353846153846,4.9481552875794,5.64855656694176,108.756645,96.3989276923077,7.55238461047956,1.09629540931362,0.336261915781173,0.203148213514574,399.97342,92.29338,168.301046773239,166.440382618967,2.25,2.07692307692308,2.21336383940064,2.06336223306145,1.36892236074022,1.20182302376485,1,0.846153846153846,0.433012701892219,0.266469355010596,80.0,y1ba2cu3o7,13,cuprate_YBCO,cuprate,273400,1.7994,86.0,ARPES measured (canonical vmid),High
5,83.24476,59.2244,59.5060814160275,36.126174653366,1.31151037344354,1.37205026883777,192.981,25.1921866666667,67.2338347072841,64.1963038171721,779.88,1005.86666666667,740.399332713733,945.371395526592,1.55321870407659,1.01920228760579,764.1,661.026666666667,276.063147848459,333.238432490745,149.8,106.133333333333,133.425311183972,86.4573385873277,1.51953736136792,1.57318466329146,171,16.2666666666667,58.6085318021191,66.3192949969229,4584.2858,2953.4288,874.164786339504,64.6228811852236,1.16177435651007,1.09951242220735,9778.571,1303.23786666667,4004.27323147741,3977.06081745709,73.1,105.475333333333,33.1487827641917,68.5472871662888,1.20088590631532,0.827671215145129,138.63,75.742,57.6456725175446,52.6707822695742,8.1524,4.9544,4.6464334920886,1.32187528238585,1.3929374917507,1.39581372668179,12.878,1.62826666666667,4.36102637460495,5.2534095696668,128.605316,72.414176,14.2876432915522,0.969156077634558,0.87197627698413,0.777322832630269,399.97342,53.3191573333333,154.008028485009,137.579264999148,2.6,2.4,2.40224886796286,2.25989709292424,1.5193826646423,1.36507672357122,3,0.933333333333333,1.2,1.01980390271856,81.7,bi2sr2ca1cu2o8,45,cuprate_BSCCO,cuprate,304000,2.0008,85.0,ARPES measured,High
4,76.4445625,51.518892248062,59.3566724745425,35.147400203827,1.1995407452483,1.29069116588067,121.3276,14.3990813953488,43.8233541228786,44.2535665434991,794.0,1001.22403100775,741.629348855485,935.114076729286,1.31500430814302,0.895987109708696,810.6,654.650387596899,311.743492313793,342.630435927781,164.5,115.054263565891,139.000513752081,90.120839474344,1.25670056650299,1.33924280475906,205,22.7906976744186,77.5258021564434,79.3242106093641,4235.85725,2975.33799224806,669.556587809389,68.3455537043014,1.01540712310099,0.81277042040323,8958.571,2082.95658139535,3194.93894591629,3643.8840288369,77.2375,108.910852713178,53.5279646494387,86.205442920185,1.10518217403612,0.766899508925827,127.05,73.8255813953488,54.8307552268797,49.5494956369642,8.1805,5.28928682170543,4.03556899860879,1.35565737416138,1.11209819664271,1.04203375695533,12.878,2.92776744186047,4.9481552875794,5.65296450346393,108.756645,97.1460001550387,7.55238461047956,1.12836566846972,0.336261915781173,0.203129932293431,399.97342,93.0090386046512,168.301046773239,166.866991991426,2.25,2.07751937984496,2.21336383940064,2.0638611731558,1.36892236074022,1.20586465999055,1,0.837209302325582,0.433012701892219,0.2674137722583,91.4,y1ba2cu3o6.9,20,cuprate_YBCO,cuprate,273400,1.7994,88.0,ARPES measured (canonical vmid),High
4,105.313925,76.633,73.0883762545777,42.6054174665645,1.12584817902596,1.15864641056541,188.3839,31.3836909090909,71.6959238182819,75.2194799690394,787.375,982.4,733.513183093207,905.220525559067,1.31211186553251,0.877226855858847,810.6,648.509090909091,315.724764430983,367.154441123029,150.5,113.727272727273,128.740025194666,88.9630381515022,1.25878050352551,1.30036073254033,205,32.8181818181818,72.5827114401219,79.3531701939797,6080.35725,3608.05218181818,854.262665195479,67.4747244434402,0.998141383301719,0.952104272052556,11848.571,2153.766,4613.60013686521,4695.92053361497,74.6375,95.2,48.3485238699581,65.951977310881,1.05768348464572,0.645370390180314,127.05,74.9181818181818,57.1542362275099,58.6627146568337,6.3805,3.53018181818182,3.14406044539472,1.05329884711804,1.04418073353965,1.17877374986123,12.878,1.33345454545455,4.75542224728783,4.24372995923894,116.006645,48.0144981818182,9.6863760659405,0.808664223122662,0.483727931942032,0.700428338207067,399.97342,36.3491381818182,164.780030624066,112.621930629877,2.25,2.18181818181818,2.21336383940064,2.15301268319815,1.36892236074022,1.19884931291362,1,0.909090909090909,0.433012701892219,0.385694607919935,15.0,tl2ba2cu1o6,52,cuprate_Tl_based,cuprate,320000,2.1061,83.0,ARPES measured,High
4,76.4445625,51.2456653846154,59.3566724745425,34.93526616493,1.1995407452483,1.29188813799544,121.3276,14.2883192307692,43.8233541228786,44.1921252152174,794.0,1003.62307692308,741.629348855485,937.559192443233,1.31500430814302,0.890516212329374,810.6,659.715384615385,311.743492313793,342.396001400641,164.5,114.538461538462,139.000513752081,89.6851907721419,1.25670056650299,1.339742693422,205,22.6153846153846,77.5258021564434,79.2353994166121,4235.85725,2952.46176923077,669.556587809389,66.3421689582226,1.01540712310099,0.812798145814768,8958.571,2066.92284615385,3194.93894591629,3639.1292471846,77.2375,109.169230769231,53.5279646494387,86.5393772975223,1.10518217403612,0.762761032074798,127.05,74.3538461538461,54.8307552268797,49.4457143606911,8.1805,5.25030769230769,4.03556899860879,1.33691977973836,1.11209819664271,1.04292735932209,12.878,2.90353846153846,4.9481552875794,5.64855656694176,108.756645,96.3989276923077,7.55238461047956,1.09629540931362,0.336261915781173,0.203148213514574,399.97342,92.29338,168.301046773239,166.440382618967,2.25,2.07692307692308,2.21336383940064,2.06336223306145,1.36892236074022,1.20182302376485,1,0.846153846153846,0.433012701892219,0.266469355010596,87.3,y1ba2cu3o7,13,cuprate_YBCO,cuprate,273400,1.7994,86.0,ARPES measured (canonical vmid),High
4,76.4445625,51.2456653846154,59.3566724745425,34.93526616493,1.1995407452483,1.29188813799544,121.3276,14.2883192307692,43.8233541228786,44.1921252152174,794.0,1003.62307692308,741.629348855485,937.559192443233,1.31500430814302,0.890516212329374,810.6,659.715384615385,311.743492313793,342.396001400641,164.5,114.538461538462,139.000513752081,89.6851907721419,1.25670056650299,1.339742693422,205,22.6153846153846,77.5258021564434,79.2353994166121,4235.85725,2952.46176923077,669.556587809389,66.3421689582226,1.01540712310099,0.812798145814768,8958.571,2066.92284615385,3194.93894591629,3639.1292471846,77.2375,109.169230769231,53.5279646494387,86.5393772975223,1.10518217403612,0.762761032074798,127.05,74.3538461538461,54.8307552268797,49.4457143606911,8.1805,5.25030769230769,4.03556899860879,1.33691977973836,1.11209819664271,1.04292735932209,12.878,2.90353846153846,4.9481552875794,5.64855656694176,108.756645,96.3989276923077,7.55238461047956,1.09629540931362,0.336261915781173,0.203148213514574,399.97342,92.29338,168.301046773239,166.440382618967,2.25,2.07692307692308,2.21336383940064,2.06336223306145,1.36892236074022,1.20182302376485,1,0.846153846153846,0.433012701892219,0.266469355010596,89.4,y1ba2cu3o7,13,cuprate_YBCO,cuprate,273400,1.7994,86.0,ARPES measured (canonical vmid),High
4,76.4445625,51.518892248062,59.3566724745425,35.147400203827,1.1995407452483,1.29069116588067,121.3276,14.3990813953488,43.8233541228786,44.2535665434991,794.0,1001.22403100775,741.629348855485,935.114076729286,1.31500430814302,0.895987109708696,810.6,654.650387596899,311.743492313793,342.630435927781,164.5,115.054263565891,139.000513752081,90.120839474344,1.25670056650299,1.33924280475906,205,22.7906976744186,77.5258021564434,79.3242106093641,4235.85725,2975.33799224806,669.556587809389,68.3455537043014,1.01540712310099,0.81277042040323,8958.571,2082.95658139535,3194.93894591629,3643.8840288369,77.2375,108.910852713178,53.5279646494387,86.205442920185,1.10518217403612,0.766899508925827,127.05,73.8255813953488,54.8307552268797,49.5494956369642,8.1805,5.28928682170543,4.03556899860879,1.35565737416138,1.11209819664271,1.04203375695533,12.878,2.92776744186047,4.9481552875794,5.65296450346393,108.756645,97.1460001550387,7.55238461047956,1.12836566846972,0.336261915781173,0.203129932293431,399.97342,93.0090386046512,168.301046773239,166.866991991426,2.25,2.07751937984496,2.21336383940064,2.0638611731558,1.36892236074022,1.20586465999055,1,0.837209302325582,0.433012701892219,0.2674137722583,89.8,y1ba2cu3o6.9,20,cuprate_YBCO,cuprate,273400,1.7994,88.0,ARPES measured (canonical vmid),High
4,76.4445625,51.2456653846154,59.3566724745425,34.93526616493,1.1995407452483,1.29188813799544,121.3276,14.2883192307692,43.8233541228786,44.1921252152174,794.0,1003.62307692308,741.629348855485,937.559192443233,1.31500430814302,0.890516212329374,810.6,659.715384615385,311.743492313793,342.396001400641,164.5,114.538461538462,139.000513752081,89.6851907721419,1.25670056650299,1.339742693422,205,22.6153846153846,77.5258021564434,79.2353994166121,4235.85725,2952.46176923077,669.556587809389,66.3421689582226,1.01540712310099,0.812798145814768,8958.571,2066.92284615385,3194.93894591629,3639.1292471846,77.2375,109.169230769231,53.5279646494387,86.5393772975223,1.10518217403612,0.762761032074798,127.05,74.3538461538461,54.8307552268797,49.4457143606911,8.1805,5.25030769230769,4.03556899860879,1.33691977973836,1.11209819664271,1.04292735932209,12.878,2.90353846153846,4.9481552875794,5.64855656694176,108.756645,96.3989276923077,7.55238461047956,1.09629540931362,0.336261915781173,0.203148213514574,399.97342,92.29338,168.301046773239,166.440382618967,2.25,2.07692307692308,2.21336383940064,2.06336223306145,1.36892236074022,1.20182302376485,1,0.846153846153846,0.433012701892219,0.266469355010596,90.25,y1ba2cu3o7,13,cuprate_YBCO,cuprate,273400,1.7994,86.0,ARPES measured (canonical vmid),High
5,89.33718,51.7960086666667,70.560646546108,35.1540321744147,1.444537168109,1.4127562971477,124.90825,15.939444,46.917666579537,45.2768628041014,740.52,1003.46133333333,692.541331131983,938.401607143246,1.53695955961142,0.900747781325192,810.6,683.909333333333,298.643006949769,339.884006446644,181.0,113.533333333333,155.938199338429,89.3688901229265,1.49986114126876,1.42514101361511,205,33.0133333333333,76.7932288681756,78.2243497185428,4716.6858,3242.9488,1059.40848225352,72.3725227011361,1.32393024336346,0.832780408516233,8958.571,2388.5712,3015.11065675649,3851.13953824065,72.09,112.922666666667,53.1160816531692,93.2945069498459,1.35742892856008,0.805944228762295,127.05,75.1706666666667,50.1110406996303,45.5607647677497,7.9244,5.2584,4.49255745351485,1.35355951608839,1.38083030099626,1.00020031035483,12.878,3.37493333333333,4.4553048649896,5.66052243525277,89.605316,110.054176,8.41891159935983,1.25425167944304,0.457810241617619,0.162804526088917,399.97342,106.652490666667,155.329609173008,174.964030746586,2.6,2.10666666666667,2.49146187923103,2.07858104427927,1.5649572502428,1.27397863415119,2,0.986666666666667,0.8,0.418675159149536,39.0,y0.4pr0.6ba2cu4o8,1,cuprate_YBCO,cuprate,273400,1.7994,40.5,ARPES measured (canonical vmid),High
5,106.54937,57.6823430384615,80.7918613127991,36.7599676609052,1.42579908623658,1.38854623434085,158.9674,20.3684972692308,58.0642498257542,54.2285510681143,720.04,995.819384615384,667.786556768769,924.655323898345,1.52752105843834,0.883153338647805,810.6,704.218307692308,309.822985590159,352.173062910299,182.0,115.084615384615,156.666914264255,89.9088228331711,1.49954544930429,1.38300337938381,205,37.5930769230769,77.2217585917337,79.9549425629003,5790.4858,3348.22561538462,1240.42620710436,70.3426336166363,1.32377545514855,0.970214205177377,9839.571,2066.92284615385,3630.095151426,4046.83547397562,76.17,110.738461538462,58.7537238728356,89.9629157631911,1.40280858516607,0.811395244897143,127.05,76.4534615384615,47.3626815119246,47.2166412720955,10.0444,5.98438461538462,5.12385941941992,1.39751574196242,1.30140286171171,1.13120184644984,21.778,2.98592307692308,7.25009554695661,6.96728905494439,89.405316,96.3058507692308,8.31744928745208,1.08997547467295,0.451451071230435,0.201933419679236,399.97342,92.29338,155.423581261787,166.485225804312,2.6,2.08230769230769,2.49146187923103,2.06656097629702,1.5649572502428,1.2389963829905,2,1.05538461538462,0.8,0.293772644852963,78.0,lu0.93pr0.07ba2cu3o7,11,cuprate_YBCO,cuprate,273400,1.7994,78.0,ARPES measured (canonical vmid),High
5,92.26674,65.2390533333333,64.8126619740323,38.2432079662367,1.32328660934735,1.38327196628044,188.3839,24.57924,69.2326551521925,67.8973470356623,747.78,984.466666666667,702.115183963558,912.495410008807,1.54100618977138,0.98684371065202,810.6,661.026666666667,293.286136051468,357.05227379506,159.2,112.4,139.74337176418,89.1655702687942,1.50732079160841,1.56195207452127,205,20.8,67.2113085722931,75.4106977380088,5174.2858,3346.76213333333,962.364248380021,68.8996631679477,1.16506544127006,1.10644451182222,11848.571,1579.23786666667,4506.89548007568,4475.40437412919,60.484,97.0646666666667,29.1775463973801,62.9570534333801,1.11263862269811,0.687370134057524,138.63,75.742,58.4343360020459,58.4397919077594,6.8124,4.06106666666667,3.83958497592852,1.16403718539927,1.34550846737517,1.36575380665463,12.878,1.62826666666667,4.34020541449365,4.70773784977692,132.805316,75.214176,17.7474131712332,1.11989343216865,0.949904122208674,0.866400030272894,399.97342,53.3191573333333,151.16463932891,136.631480409064,2.2,2.13333333333333,2.1689435423954,2.11110011888848,1.59416669911802,1.35359135213461,1,0.933333333333333,0.4,0.339934634239519,102.0,tl2ba2ca1cu2o8,54,cuprate_Tl_based,cuprate,320000,2.1061,109.0,ARPES measured,High
5,92.26674,65.2390533333333,64.8126619740323,38.2432079662367,1.32328660934735,1.38327196628044,188.3839,24.57924,69.2326551521925,67.8973470356623,747.78,984.466666666667,702.115183963558,912.495410008807,1.54100618977138,0.98684371065202,810.6,661.026666666667,293.286136051468,357.05227379506,159.2,112.4,139.74337176418,89.1655702687942,1.50732079160841,1.56195207452127,205,20.8,67.2113085722931,75.4106977380088,5174.2858,3346.76213333333,962.364248380021,68.8996631679477,1.16506544127006,1.10644451182222,11848.571,1579.23786666667,4506.89548007568,4475.40437412919,60.484,97.0646666666667,29.1775463973801,62.9570534333801,1.11263862269811,0.687370134057524,138.63,75.742,58.4343360020459,58.4397919077594,6.8124,4.06106666666667,3.83958497592852,1.16403718539927,1.34550846737517,1.36575380665463,12.878,1.62826666666667,4.34020541449365,4.70773784977692,132.805316,75.214176,17.7474131712332,1.11989343216865,0.949904122208674,0.866400030272894,399.97342,53.3191573333333,151.16463932891,136.631480409064,2.2,2.13333333333333,2.1689435423954,2.11110011888848,1.59416669911802,1.35359135213461,1,0.933333333333333,0.4,0.339934634239519,106.8,tl2ba2ca1cu2o8,54,cuprate_Tl_based,cuprate,320000,2.1061,109.0,ARPES measured,High
5,72.952854,56.4147631428571,59.1862406988543,35.6397028677547,1.4457946011789,1.04152029814472,122.90607,35.3831585714286,40.250191507903,52.1342741805746,776.88,1011.54685714286,734.615272701362,940.327849093514,1.54969398257646,0.813414113195346,772.0,746.136,282.037085504726,353.78393854984,151.2,104.565714285714,134.66503454858,84.1936899424304,1.52027198000205,1.2267972753291,171,49.2914285714286,58.6665151513195,67.3872813046546,5329.0858,2936.06228571429,1130.14391299645,53.1023041864174,1.30020285201444,0.864331918832242,8958.571,1579.58342857143,3530.6799550011,3571.24546720063,86.386,111.435714285714,57.4684730300687,96.9679564416844,1.38443341960821,0.800076759660937,135.97,81.242,50.4870199556282,43.1522369084626,8.9644,3.87028571428571,4.78979196033283,1.04260700374868,1.33671075092445,1.09318633525389,16.978,1.69828571428571,5.82042863026427,4.72326393546683,107.805316,59.7351885714286,13.4503489422866,0.628569018035379,0.789555345837517,0.351441659220449,399.97342,54.8419542857143,149.375412914708,136.015962062408,2.2,2.25714285714286,2.1689435423954,2.21978342968743,1.59416669911802,1.08747978461395,1,1.13142857142857,0.4,0.43705881545081,7.0,la1.8sr0.2cu0.96ni0.04o4,23,cuprate_LSCO,cuprate,245000,1.6125,5.1,ARPES measured,High
5,83.24476,59.2244,59.5060814160275,36.126174653366,1.31151037344354,1.37205026883777,192.981,25.1921866666667,67.2338347072841,64.1963038171721,779.88,1005.86666666667,740.399332713733,945.371395526592,1.55321870407659,1.01920228760579,764.1,661.026666666667,276.063147848459,333.238432490745,149.8,106.133333333333,133.425311183972,86.4573385873277,1.51953736136792,1.57318466329146,171,16.2666666666667,58.6085318021191,66.3192949969229,4584.2858,2953.4288,874.164786339504,64.6228811852236,1.16177435651007,1.09951242220735,9778.571,1303.23786666667,4004.27323147741,3977.06081745709,73.1,105.475333333333,33.1487827641917,68.5472871662888,1.20088590631532,0.827671215145129,138.63,75.742,57.6456725175446,52.6707822695742,8.1524,4.9544,4.6464334920886,1.32187528238585,1.3929374917507,1.39581372668179,12.878,1.62826666666667,4.36102637460495,5.2534095696668,128.605316,72.414176,14.2876432915522,0.969156077634558,0.87197627698413,0.777322832630269,399.97342,53.3191573333333,154.008028485009,137.579264999148,2.6,2.4,2.40224886796286,2.25989709292424,1.5193826646423,1.36507672357122,3,0.933333333333333,1.2,1.01980390271856,85.4,bi2sr2ca1cu2o8,45,cuprate_BSCCO,cuprate,304000,2.0008,85.0,ARPES measured,High
4,105.313925,76.633,73.0883762545777,42.6054174665645,1.12584817902596,1.15864641056541,188.3839,31.3836909090909,71.6959238182819,75.2194799690394,787.375,982.4,733.513183093207,905.220525559067,1.31211186553251,0.877226855858847,810.6,648.509090909091,315.724764430983,367.154441123029,150.5,113.727272727273,128.740025194666,88.9630381515022,1.25878050352551,1.30036073254033,205,32.8181818181818,72.5827114401219,79.3531701939797,6080.35725,3608.05218181818,854.262665195479,67.4747244434402,0.998141383301719,0.952104272052556,11848.571,2153.766,4613.60013686521,4695.92053361497,74.6375,95.2,48.3485238699581,65.951977310881,1.05768348464572,0.645370390180314,127.05,74.9181818181818,57.1542362275099,58.6627146568337,6.3805,3.53018181818182,3.14406044539472,1.05329884711804,1.04418073353965,1.17877374986123,12.878,1.33345454545455,4.75542224728783,4.24372995923894,116.006645,48.0144981818182,9.6863760659405,0.808664223122662,0.483727931942032,0.700428338207067,399.97342,36.3491381818182,164.780030624066,112.621930629877,2.25,2.18181818181818,2.21336383940064,2.15301268319815,1.36892236074022,1.19884931291362,1,0.909090909090909,0.433012701892219,0.385694607919935,78.0,tl2ba2cu1o6,52,cuprate_Tl_based,cuprate,320000,2.1061,83.0,ARPES measured,High
4,105.313925,76.633,73.0883762545777,42.6054174665645,1.12584817902596,1.15864641056541,188.3839,31.3836909090909,71.6959238182819,75.2194799690394,787.375,982.4,733.513183093207,905.220525559067,1.31211186553251,0.877226855858847,810.6,648.509090909091,315.724764430983,367.154441123029,150.5,113.727272727273,128.740025194666,88.9630381515022,1.25878050352551,1.30036073254033,205,32.8181818181818,72.5827114401219,79.3531701939797,6080.35725,3608.05218181818,854.262665195479,67.4747244434402,0.998141383301719,0.952104272052556,11848.571,2153.766,4613.60013686521,4695.92053361497,74.6375,95.2,48.3485238699581,65.951977310881,1.05768348464572,0.645370390180314,127.05,74.9181818181818,57.1542362275099,58.6627146568337,6.3805,3.53018181818182,3.14406044539472,1.05329884711804,1.04418073353965,1.17877374986123,12.878,1.33345454545455,4.75542224728783,4.24372995923894,116.006645,48.0144981818182,9.6863760659405,0.808664223122662,0.483727931942032,0.700428338207067,399.97342,36.3491381818182,164.780030624066,112.621930629877,2.25,2.18181818181818,2.21336383940064,2.15301268319815,1.36892236074022,1.19884931291362,1,0.909090909090909,0.433012701892219,0.385694607919935,83.0,tl2ba2cu1o6,52,cuprate_Tl_based,cuprate,320000,2.1061,83.0,ARPES measured,High
4,90.1422625,58.4628789285714,66.9350441753246,36.2720549072903,1.1786487477301,1.01913418487134,124.90825,34.2373932142857,53.101375326838,54.5281324904717,781.2,1007.51785714286,726.276975830068,933.241464598721,1.30963661341067,0.781677838067417,786.5,738.769285714286,319.052668065948,359.181808374028,156.25,117.385714285714,133.542493259005,89.2100968068677,1.26330558899854,1.08656171415207,199,61.3142857142857,72.2958332132634,86.0112605347434,5572.60725,3179.00942857143,868.395128395836,55.6316218883793,1.08892790263583,0.836141109574179,8958.571,1754.04057142857,3350.30285164755,3738.1444917717,91.35,113.271428571429,82.046890506221,103.94732073931,1.28520320008435,0.822660771041162,91.0,80.325,40.6431728584273,39.8077420426054,6.4305,3.93971428571429,3.24122375040231,1.05598644860201,1.06747319560728,0.925773552258418,12.878,1.75357142857143,4.58568323698879,4.71734936815416,106.006645,60.8294742857143,6.24435738721919,0.614021288835698,0.257209773933062,0.244639046719328,399.97342,57.1276685714286,169.808985016895,138.579130686535,3.0,2.57142857142857,2.82842712474619,2.43802730840895,1.32966134885476,1.08335601779317,2,1.05714285714286,1.0,0.903507902905251,20.9,pr1.85ce0.15cu1o4,76,cuprate_electron_doped,cuprate,230000,1.5137,23.2,ARPES measured,High
5,72.952854,56.4147631428571,59.1862406988543,35.6397028677547,1.4457946011789,1.04152029814472,122.90607,35.3831585714286,40.250191507903,52.1342741805746,776.88,1011.54685714286,734.615272701362,940.327849093514,1.54969398257646,0.813414113195346,772.0,746.136,282.037085504726,353.78393854984,151.2,104.565714285714,134.66503454858,84.1936899424304,1.52027198000205,1.2267972753291,171,49.2914285714286,58.6665151513195,67.3872813046546,5329.0858,2936.06228571429,1130.14391299645,53.1023041864174,1.30020285201444,0.864331918832242,8958.571,1579.58342857143,3530.6799550011,3571.24546720063,86.386,111.435714285714,57.4684730300687,96.9679564416844,1.38443341960821,0.800076759660937,135.97,81.242,50.4870199556282,43.1522369084626,8.9644,3.87028571428571,4.78979196033283,1.04260700374868,1.33671075092445,1.09318633525389,16.978,1.69828571428571,5.82042863026427,4.72326393546683,107.805316,59.7351885714286,13.4503489422866,0.628569018035379,0.789555345837517,0.351441659220449,399.97342,54.8419542857143,149.375412914708,136.015962062408,2.2,2.25714285714286,2.1689435423954,2.21978342968743,1.59416669911802,1.08747978461395,1,1.13142857142857,0.4,0.43705881545081,5.1,la1.8sr0.2cu0.96ni0.04o4,23,cuprate_LSCO,cuprate,245000,1.6125,5.1,ARPES measured,High
5,72.952854,56.4147631428571,59.1862406988543,35.6397028677547,1.4457946011789,1.04152029814472,122.90607,35.3831585714286,40.250191507903,52.1342741805746,776.88,1011.54685714286,734.615272701362,940.327849093514,1.54969398257646,0.813414113195346,772.0,746.136,282.037085504726,353.78393854984,151.2,104.565714285714,134.66503454858,84.1936899424304,1.52027198000205,1.2267972753291,171,49.2914285714286,58.6665151513195,67.3872813046546,5329.0858,2936.06228571429,1130.14391299645,53.1023041864174,1.30020285201444,0.864331918832242,8958.571,1579.58342857143,3530.6799550011,3571.24546720063,86.386,111.435714285714,57.4684730300687,96.9679564416844,1.38443341960821,0.800076759660937,135.97,81.242,50.4870199556282,43.1522369084626,8.9644,3.87028571428571,4.78979196033283,1.04260700374868,1.33671075092445,1.09318633525389,16.978,1.69828571428571,5.82042863026427,4.72326393546683,107.805316,59.7351885714286,13.4503489422866,0.628569018035379,0.789555345837517,0.351441659220449,399.97342,54.8419542857143,149.375412914708,136.015962062408,2.2,2.25714285714286,2.1689435423954,2.21978342968743,1.59416669911802,1.08747978461395,1,1.13142857142857,0.4,0.43705881545081,7.6,la1.8sr0.2cu0.96ni0.04o4,23,cuprate_LSCO,cuprate,245000,1.6125,5.1,ARPES measured,High
4,94.03645,69.451894063927,65.6863575421637,39.5915554026036,1.10063731296133,1.11540515143359,192.981,34.2751452054795,71.191170776491,73.1994028873849,827.5,1015.099543379,783.844635520963,954.51643771926,1.32946860154243,0.911847943958812,764.1,651.470319634703,289.698558850402,332.74472402978,138.75,103.96803652968,121.505894784823,84.6024415539213,1.27872030810402,1.32937262582262,171,23.7579908675799,60.6892700565759,66.3168944175304,5342.85725,3139.00219178082,757.545478556243,61.5122687571415,0.980642980506267,0.936994458255603,9778.571,1874.83342465753,4143.1391379765,4121.94817651565,90.4075,107.913287671233,56.7096204624861,76.7267129992097,1.15442179612317,0.810229003254415,135.97,76.9789497716895,51.5367021524467,49.4928751217926,8.0555,4.76,3.99057234710043,1.24568004712715,1.11276677081617,1.15965580161688,12.878,1.96876712328767,4.87095891483392,5.1613773249406,110.756645,43.9917333333333,7.3865773471464,0.643337379776758,0.365842257570155,0.543791565443763,399.97342,36.5151159817352,167.496912702796,113.559840500466,2.75,2.57534246575342,2.51486685936587,2.38422511036612,1.2882523050229,1.1855827654796,3,0.91324200913242,1.29903810567666,1.18110475587944,3.46,bi2.1sr1.85cu1o6,40,cuprate_BSCCO,cuprate,304000,2.0008,3.46,ARPES measured,High
4,94.03645,69.451894063927,65.6863575421637,39.5915554026036,1.10063731296133,1.11540515143359,192.981,34.2751452054795,71.191170776491,73.1994028873849,827.5,1015.099543379,783.844635520963,954.51643771926,1.32946860154243,0.911847943958812,764.1,651.470319634703,289.698558850402,332.74472402978,138.75,103.96803652968,121.505894784823,84.6024415539213,1.27872030810402,1.32937262582262,171,23.7579908675799,60.6892700565759,66.3168944175304,5342.85725,3139.00219178082,757.545478556243,61.5122687571415,0.980642980506267,0.936994458255603,9778.571,1874.83342465753,4143.1391379765,4121.94817651565,90.4075,107.913287671233,56.7096204624861,76.7267129992097,1.15442179612317,0.810229003254415,135.97,76.9789497716895,51.5367021524467,49.4928751217926,8.0555,4.76,3.99057234710043,1.24568004712715,1.11276677081617,1.15965580161688,12.878,1.96876712328767,4.87095891483392,5.1613773249406,110.756645,43.9917333333333,7.3865773471464,0.643337379776758,0.365842257570155,0.543791565443763,399.97342,36.5151159817352,167.496912702796,113.559840500466,2.75,2.57534246575342,2.51486685936587,2.38422511036612,1.2882523050229,1.1855827654796,3,0.91324200913242,1.29903810567666,1.18110475587944,7.05,bi2.1sr1.85cu1o6,40,cuprate_BSCCO,cuprate,304000,2.0008,3.46,ARPES measured,High
4,94.03645,69.451894063927,65.6863575421637,39.5915554026036,1.10063731296133,1.11540515143359,192.981,34.2751452054795,71.191170776491,73.1994028873849,827.5,1015.099543379,783.844635520963,954.51643771926,1.32946860154243,0.911847943958812,764.1,651.470319634703,289.698558850402,332.74472402978,138.75,103.96803652968,121.505894784823,84.6024415539213,1.27872030810402,1.32937262582262,171,23.7579908675799,60.6892700565759,66.3168944175304,5342.85725,3139.00219178082,757.545478556243,61.5122687571415,0.980642980506267,0.936994458255603,9778.571,1874.83342465753,4143.1391379765,4121.94817651565,90.4075,107.913287671233,56.7096204624861,76.7267129992097,1.15442179612317,0.810229003254415,135.97,76.9789497716895,51.5367021524467,49.4928751217926,8.0555,4.76,3.99057234710043,1.24568004712715,1.11276677081617,1.15965580161688,12.878,1.96876712328767,4.87095891483392,5.1613773249406,110.756645,43.9917333333333,7.3865773471464,0.643337379776758,0.365842257570155,0.543791565443763,399.97342,36.5151159817352,167.496912702796,113.559840500466,2.75,2.57534246575342,2.51486685936587,2.38422511036612,1.2882523050229,1.1855827654796,3,0.91324200913242,1.29903810567666,1.18110475587944,5.33,bi2.1sr1.85cu1o6,40,cuprate_BSCCO,cuprate,304000,2.0008,3.46,ARPES measured,High
4,94.03645,69.451894063927,65.6863575421637,39.5915554026036,1.10063731296133,1.11540515143359,192.981,34.2751452054795,71.191170776491,73.1994028873849,827.5,1015.099543379,783.844635520963,954.51643771926,1.32946860154243,0.911847943958812,764.1,651.470319634703,289.698558850402,332.74472402978,138.75,103.96803652968,121.505894784823,84.6024415539213,1.27872030810402,1.32937262582262,171,23.7579908675799,60.6892700565759,66.3168944175304,5342.85725,3139.00219178082,757.545478556243,61.5122687571415,0.980642980506267,0.936994458255603,9778.571,1874.83342465753,4143.1391379765,4121.94817651565,90.4075,107.913287671233,56.7096204624861,76.7267129992097,1.15442179612317,0.810229003254415,135.97,76.9789497716895,51.5367021524467,49.4928751217926,8.0555,4.76,3.99057234710043,1.24568004712715,1.11276677081617,1.15965580161688,12.878,1.96876712328767,4.87095891483392,5.1613773249406,110.756645,43.9917333333333,7.3865773471464,0.643337379776758,0.365842257570155,0.543791565443763,399.97342,36.5151159817352,167.496912702796,113.559840500466,2.75,2.57534246575342,2.51486685936587,2.38422511036612,1.2882523050229,1.1855827654796,3,0.91324200913242,1.29903810567666,1.18110475587944,5.74,bi2.1sr1.85cu1o6,40,cuprate_BSCCO,cuprate,304000,2.0008,3.46,ARPES measured,High
4,94.03645,69.451894063927,65.6863575421637,39.5915554026036,1.10063731296133,1.11540515143359,192.981,34.2751452054795,71.191170776491,73.1994028873849,827.5,1015.099543379,783.844635520963,954.51643771926,1.32946860154243,0.911847943958812,764.1,651.470319634703,289.698558850402,332.74472402978,138.75,103.96803652968,121.505894784823,84.6024415539213,1.27872030810402,1.32937262582262,171,23.7579908675799,60.6892700565759,66.3168944175304,5342.85725,3139.00219178082,757.545478556243,61.5122687571415,0.980642980506267,0.936994458255603,9778.571,1874.83342465753,4143.1391379765,4121.94817651565,90.4075,107.913287671233,56.7096204624861,76.7267129992097,1.15442179612317,0.810229003254415,135.97,76.9789497716895,51.5367021524467,49.4928751217926,8.0555,4.76,3.99057234710043,1.24568004712715,1.11276677081617,1.15965580161688,12.878,1.96876712328767,4.87095891483392,5.1613773249406,110.756645,43.9917333333333,7.3865773471464,0.643337379776758,0.365842257570155,0.543791565443763,399.97342,36.5151159817352,167.496912702796,113.559840500466,2.75,2.57534246575342,2.51486685936587,2.38422511036612,1.2882523050229,1.1855827654796,3,0.91324200913242,1.29903810567666,1.18110475587944,6.05,bi2.1sr1.85cu1o6,40,cuprate_BSCCO,cuprate,304000,2.0008,3.46,ARPES measured,High
4,94.03645,69.451894063927,65.6863575421637,39.5915554026036,1.10063731296133,1.11540515143359,192.981,34.2751452054795,71.191170776491,73.1994028873849,827.5,1015.099543379,783.844635520963,954.51643771926,1.32946860154243,0.911847943958812,764.1,651.470319634703,289.698558850402,332.74472402978,138.75,103.96803652968,121.505894784823,84.6024415539213,1.27872030810402,1.32937262582262,171,23.7579908675799,60.6892700565759,66.3168944175304,5342.85725,3139.00219178082,757.545478556243,61.5122687571415,0.980642980506267,0.936994458255603,9778.571,1874.83342465753,4143.1391379765,4121.94817651565,90.4075,107.913287671233,56.7096204624861,76.7267129992097,1.15442179612317,0.810229003254415,135.97,76.9789497716895,51.5367021524467,49.4928751217926,8.0555,4.76,3.99057234710043,1.24568004712715,1.11276677081617,1.15965580161688,12.878,1.96876712328767,4.87095891483392,5.1613773249406,110.756645,43.9917333333333,7.3865773471464,0.643337379776758,0.365842257570155,0.543791565443763,399.97342,36.5151159817352,167.496912702796,113.559840500466,2.75,2.57534246575342,2.51486685936587,2.38422511036612,1.2882523050229,1.1855827654796,3,0.91324200913242,1.29903810567666,1.18110475587944,5.46,bi2.1sr1.85cu1o6,40,cuprate_BSCCO,cuprate,304000,2.0008,3.46,ARPES measured,High
4,76.4445625,51.2456653846154,59.3566724745425,34.93526616493,1.1995407452483,1.29188813799544,121.3276,14.2883192307692,43.8233541228786,44.1921252152174,794.0,1003.62307692308,741.629348855485,937.559192443233,1.31500430814302,0.890516212329374,810.6,659.715384615385,311.743492313793,342.396001400641,164.5,114.538461538462,139.000513752081,89.6851907721419,1.25670056650299,1.339742693422,205,22.6153846153846,77.5258021564434,79.2353994166121,4235.85725,2952.46176923077,669.556587809389,66.3421689582226,1.01540712310099,0.812798145814768,8958.571,2066.92284615385,3194.93894591629,3639.1292471846,77.2375,109.169230769231,53.5279646494387,86.5393772975223,1.10518217403612,0.762761032074798,127.05,74.3538461538461,54.8307552268797,49.4457143606911,8.1805,5.25030769230769,4.03556899860879,1.33691977973836,1.11209819664271,1.04292735932209,12.878,2.90353846153846,4.9481552875794,5.64855656694176,108.756645,96.3989276923077,7.55238461047956,1.09629540931362,0.336261915781173,0.203148213514574,399.97342,92.29338,168.301046773239,166.440382618967,2.25,2.07692307692308,2.21336383940064,2.06336223306145,1.36892236074022,1.20182302376485,1,0.846153846153846,0.433012701892219,0.266469355010596,87.7,y1ba2cu3o7,13,cuprate_YBCO,cuprate,273400,1.7994,86.0,ARPES measured (canonical vmid),High
4,90.1422625,58.4628789285714,66.9350441753246,36.2720549072903,1.1786487477301,1.01913418487134,124.90825,34.2373932142857,53.101375326838,54.5281324904717,781.2,1007.51785714286,726.276975830068,933.241464598721,1.30963661341067,0.781677838067417,786.5,738.769285714286,319.052668065948,359.181808374028,156.25,117.385714285714,133.542493259005,89.2100968068677,1.26330558899854,1.08656171415207,199,61.3142857142857,72.2958332132634,86.0112605347434,5572.60725,3179.00942857143,868.395128395836,55.6316218883793,1.08892790263583,0.836141109574179,8958.571,1754.04057142857,3350.30285164755,3738.1444917717,91.35,113.271428571429,82.046890506221,103.94732073931,1.28520320008435,0.822660771041162,91.0,80.325,40.6431728584273,39.8077420426054,6.4305,3.93971428571429,3.24122375040231,1.05598644860201,1.06747319560728,0.925773552258418,12.878,1.75357142857143,4.58568323698879,4.71734936815416,106.006645,60.8294742857143,6.24435738721919,0.614021288835698,0.257209773933062,0.244639046719328,399.97342,57.1276685714286,169.808985016895,138.579130686535,3.0,2.57142857142857,2.82842712474619,2.43802730840895,1.32966134885476,1.08335601779317,2,1.05714285714286,1.0,0.903507902905251,22.5,pr1.85ce0.15cu1o4,76,cuprate_electron_doped,cuprate,230000,1.5137,23.2,ARPES measured,High
5,83.24476,59.2244,59.5060814160275,36.126174653366,1.31151037344354,1.37205026883777,192.981,25.1921866666667,67.2338347072841,64.1963038171721,779.88,1005.86666666667,740.399332713733,945.371395526592,1.55321870407659,1.01920228760579,764.1,661.026666666667,276.063147848459,333.238432490745,149.8,106.133333333333,133.425311183972,86.4573385873277,1.51953736136792,1.57318466329146,171,16.2666666666667,58.6085318021191,66.3192949969229,4584.2858,2953.4288,874.164786339504,64.6228811852236,1.16177435651007,1.09951242220735,9778.571,1303.23786666667,4004.27323147741,3977.06081745709,73.1,105.475333333333,33.1487827641917,68.5472871662888,1.20088590631532,0.827671215145129,138.63,75.742,57.6456725175446,52.6707822695742,8.1524,4.9544,4.6464334920886,1.32187528238585,1.3929374917507,1.39581372668179,12.878,1.62826666666667,4.36102637460495,5.2534095696668,128.605316,72.414176,14.2876432915522,0.969156077634558,0.87197627698413,0.777322832630269,399.97342,53.3191573333333,154.008028485009,137.579264999148,2.6,2.4,2.40224886796286,2.25989709292424,1.5193826646423,1.36507672357122,3,0.933333333333333,1.2,1.01980390271856,89.3,bi2sr2ca1cu2o8,45,cuprate_BSCCO,cuprate,304000,2.0008,85.0,ARPES measured,High
4,76.4445625,51.518892248062,59.3566724745425,35.147400203827,1.1995407452483,1.29069116588067,121.3276,14.3990813953488,43.8233541228786,44.2535665434991,794.0,1001.22403100775,741.629348855485,935.114076729286,1.31500430814302,0.895987109708696,810.6,654.650387596899,311.743492313793,342.630435927781,164.5,115.054263565891,139.000513752081,90.120839474344,1.25670056650299,1.33924280475906,205,22.7906976744186,77.5258021564434,79.3242106093641,4235.85725,2975.33799224806,669.556587809389,68.3455537043014,1.01540712310099,0.81277042040323,8958.571,2082.95658139535,3194.93894591629,3643.8840288369,77.2375,108.910852713178,53.5279646494387,86.205442920185,1.10518217403612,0.766899508925827,127.05,73.8255813953488,54.8307552268797,49.5494956369642,8.1805,5.28928682170543,4.03556899860879,1.35565737416138,1.11209819664271,1.04203375695533,12.878,2.92776744186047,4.9481552875794,5.65296450346393,108.756645,97.1460001550387,7.55238461047956,1.12836566846972,0.336261915781173,0.203129932293431,399.97342,93.0090386046512,168.301046773239,166.866991991426,2.25,2.07751937984496,2.21336383940064,2.0638611731558,1.36892236074022,1.20586465999055,1,0.837209302325582,0.433012701892219,0.2674137722583,89.0,y1ba2cu3o6.9,20,cuprate_YBCO,cuprate,273400,1.7994,88.0,ARPES measured (canonical vmid),High
4,76.4445625,51.2456653846154,59.3566724745425,34.93526616493,1.1995407452483,1.29188813799544,121.3276,14.2883192307692,43.8233541228786,44.1921252152174,794.0,1003.62307692308,741.629348855485,937.559192443233,1.31500430814302,0.890516212329374,810.6,659.715384615385,311.743492313793,342.396001400641,164.5,114.538461538462,139.000513752081,89.6851907721419,1.25670056650299,1.339742693422,205,22.6153846153846,77.5258021564434,79.2353994166121,4235.85725,2952.46176923077,669.556587809389,66.3421689582226,1.01540712310099,0.812798145814768,8958.571,2066.92284615385,3194.93894591629,3639.1292471846,77.2375,109.169230769231,53.5279646494387,86.5393772975223,1.10518217403612,0.762761032074798,127.05,74.3538461538461,54.8307552268797,49.4457143606911,8.1805,5.25030769230769,4.03556899860879,1.33691977973836,1.11209819664271,1.04292735932209,12.878,2.90353846153846,4.9481552875794,5.64855656694176,108.756645,96.3989276923077,7.55238461047956,1.09629540931362,0.336261915781173,0.203148213514574,399.97342,92.29338,168.301046773239,166.440382618967,2.25,2.07692307692308,2.21336383940064,2.06336223306145,1.36892236074022,1.20182302376485,1,0.846153846153846,0.433012701892219,0.266469355010596,92.9,y1ba2cu3o7,13,cuprate_YBCO,cuprate,273400,1.7994,86.0,ARPES measured (canonical vmid),High
5,83.24476,59.2244,59.5060814160275,36.126174653366,1.31151037344354,1.37205026883777,192.981,25.1921866666667,67.2338347072841,64.1963038171721,779.88,1005.86666666667,740.399332713733,945.371395526592,1.55321870407659,1.01920228760579,764.1,661.026666666667,276.063147848459,333.238432490745,149.8,106.133333333333,133.425311183972,86.4573385873277,1.51953736136792,1.57318466329146,171,16.2666666666667,58.6085318021191,66.3192949969229,4584.2858,2953.4288,874.164786339504,64.6228811852236,1.16177435651007,1.09951242220735,9778.571,1303.23786666667,4004.27323147741,3977.06081745709,73.1,105.475333333333,33.1487827641917,68.5472871662888,1.20088590631532,0.827671215145129,138.63,75.742,57.6456725175446,52.6707822695742,8.1524,4.9544,4.6464334920886,1.32187528238585,1.3929374917507,1.39581372668179,12.878,1.62826666666667,4.36102637460495,5.2534095696668,128.605316,72.414176,14.2876432915522,0.969156077634558,0.87197627698413,0.777322832630269,399.97342,53.3191573333333,154.008028485009,137.579264999148,2.6,2.4,2.40224886796286,2.25989709292424,1.5193826646423,1.36507672357122,3,0.933333333333333,1.2,1.01980390271856,59.0,bi2sr2ca1cu2o8,45,cuprate_BSCCO,cuprate,304000,2.0008,85.0,ARPES measured,High
6,84.188275,99.4876675,63.6242754788069,76.6702161933892,1.54595952023815,1.28753366013492,192.981,50.245175,61.41206350532,67.0591090382624,752.466666666667,738.3375,717.928615900725,710.691955781597,1.73970675652369,1.63714864163421,764.1,155.48,259.357871589731,230.218537141886,160.166666666667,157.9,144.130036670764,145.32626637682,1.7119928218524,1.56670087747186,171,48.75,58.3078515772581,52.7658980782096,4565.5715,5682.528625,1147.47893711504,1913.50520956895,1.41713512335629,1.18656636735376,9778.571,2444.821375,3655.62414443752,3821.08889994864,66.1,74.44025,32.7981780734071,40.10017099125,1.38160146504613,1.25798619488612,138.63,29.68475,54.9016056231509,52.9093509924049,8.69366666666667,9.23825,5.3961487492115,6.38918774273517,1.61357762387019,1.43337742901748,12.878,3.24725,4.16096630069934,3.90304591793384,110.00443,126.6033225,14.7076059645993,19.9284523924806,0.969184034079201,0.723108506664716,399.97342,99.9966775,146.612955878592,165.252227882934,2.66666666666667,2.8,2.49288287167843,2.5663717190536,1.71707598019888,1.50459346259649,3,1.1,1.10554159678513,1.28840987267251,86.0,bi2sr2ca0.6y0.4cu2o,42,cuprate_BSCCO,cuprate,304000,2.0008,53.1,ARPES measured,High
5,92.26674,65.2390533333333,64.8126619740323,38.2432079662367,1.32328660934735,1.38327196628044,188.3839,24.57924,69.2326551521925,67.8973470356623,747.78,984.466666666667,702.115183963558,912.495410008807,1.54100618977138,0.98684371065202,810.6,661.026666666667,293.286136051468,357.05227379506,159.2,112.4,139.74337176418,89.1655702687942,1.50732079160841,1.56195207452127,205,20.8,67.2113085722931,75.4106977380088,5174.2858,3346.76213333333,962.364248380021,68.8996631679477,1.16506544127006,1.10644451182222,11848.571,1579.23786666667,4506.89548007568,4475.40437412919,60.484,97.0646666666667,29.1775463973801,62.9570534333801,1.11263862269811,0.687370134057524,138.63,75.742,58.4343360020459,58.4397919077594,6.8124,4.06106666666667,3.83958497592852,1.16403718539927,1.34550846737517,1.36575380665463,12.878,1.62826666666667,4.34020541449365,4.70773784977692,132.805316,75.214176,17.7474131712332,1.11989343216865,0.949904122208674,0.866400030272894,399.97342,53.3191573333333,151.16463932891,136.631480409064,2.2,2.13333333333333,2.1689435423954,2.11110011888848,1.59416669911802,1.35359135213461,1,0.933333333333333,0.4,0.339934634239519,85.0,tl2ba2ca1cu2o8,54,cuprate_Tl_based,cuprate,320000,2.1061,109.0,ARPES measured,High
5,92.26674,65.2390533333333,64.8126619740323,38.2432079662367,1.32328660934735,1.38327196628044,188.3839,24.57924,69.2326551521925,67.8973470356623,747.78,984.466666666667,702.115183963558,912.495410008807,1.54100618977138,0.98684371065202,810.6,661.026666666667,293.286136051468,357.05227379506,159.2,112.4,139.74337176418,89.1655702687942,1.50732079160841,1.56195207452127,205,20.8,67.2113085722931,75.4106977380088,5174.2858,3346.76213333333,962.364248380021,68.8996631679477,1.16506544127006,1.10644451182222,11848.571,1579.23786666667,4506.89548007568,4475.40437412919,60.484,97.0646666666667,29.1775463973801,62.9570534333801,1.11263862269811,0.687370134057524,138.63,75.742,58.4343360020459,58.4397919077594,6.8124,4.06106666666667,3.83958497592852,1.16403718539927,1.34550846737517,1.36575380665463,12.878,1.62826666666667,4.34020541449365,4.70773784977692,132.805316,75.214176,17.7474131712332,1.11989343216865,0.949904122208674,0.866400030272894,399.97342,53.3191573333333,151.16463932891,136.631480409064,2.2,2.13333333333333,2.1689435423954,2.11110011888848,1.59416669911802,1.35359135213461,1,0.933333333333333,0.4,0.339934634239519,105.0,tl2ba2ca1cu2o8,54,cuprate_Tl_based,cuprate,320000,2.1061,109.0,ARPES measured,High
4,105.313925,76.633,73.0883762545777,42.6054174665645,1.12584817902596,1.15864641056541,188.3839,31.3836909090909,71.6959238182819,75.2194799690394,787.375,982.4,733.513183093207,905.220525559067,1.31211186553251,0.877226855858847,810.6,648.509090909091,315.724764430983,367.154441123029,150.5,113.727272727273,128.740025194666,88.9630381515022,1.25878050352551,1.30036073254033,205,32.8181818181818,72.5827114401219,79.3531701939797,6080.35725,3608.05218181818,854.262665195479,67.4747244434402,0.998141383301719,0.952104272052556,11848.571,2153.766,4613.60013686521,4695.92053361497,74.6375,95.2,48.3485238699581,65.951977310881,1.05768348464572,0.645370390180314,127.05,74.9181818181818,57.1542362275099,58.6627146568337,6.3805,3.53018181818182,3.14406044539472,1.05329884711804,1.04418073353965,1.17877374986123,12.878,1.33345454545455,4.75542224728783,4.24372995923894,116.006645,48.0144981818182,9.6863760659405,0.808664223122662,0.483727931942032,0.700428338207067,399.97342,36.3491381818182,164.780030624066,112.621930629877,2.25,2.18181818181818,2.21336383940064,2.15301268319815,1.36892236074022,1.19884931291362,1,0.909090909090909,0.433012701892219,0.385694607919935,86.0,tl2ba2cu1o6,52,cuprate_Tl_based,cuprate,320000,2.1061,83.0,ARPES measured,High
4,97.9598,57.8657384615385,70.3033263954757,36.8028446101478,1.15307517091914,1.33852775623715,158.9674,12.5121692307692,62.0114329850553,54.566241304048,768.4,995.746153846154,708.641979880737,924.525057808176,1.30174309365185,0.87273452838423,810.6,667.592307692308,329.08115260525,352.272024731292,165.75,114.923076923077,139.812941759091,89.8461549351321,1.25570514472447,1.34174907677111,205,22.2307692307692,78.3178619473234,79.7182167565246,5578.10725,3365.46176923077,815.49564606351,70.4918161122723,1.01899345593772,0.930382622333031,9839.571,2066.92284615385,4030.69042076016,4067.58260596263,82.3375,110.738461538462,60.7214928257155,89.9629157631912,1.1640132003214,0.802321609327215,127.05,74.3538461538461,51.12571973821,47.2166412720955,10.8305,6.06569230769231,4.75646422349896,1.406268532004,1.04474296689737,1.10424386222608,21.778,2.90353846153846,7.91296978068285,7.06492357609724,108.506645,96.3220046153846,7.43878255508962,1.09119481211891,0.329500146289958,0.199852625126025,399.97342,92.29338,168.437846600662,166.477287315448,2.25,2.07692307692308,2.21336383940064,2.06336223306145,1.36892236074022,1.20182302376485,1,0.846153846153846,0.433012701892219,0.266469355010596,90.8,lu1ba2cu3o7,19,cuprate_YBCO,cuprate,273400,1.7994,91.85,ARPES measured (canonical vmid),High
4,76.5177175,56.8088170714286,59.3100961333418,35.7734324182576,1.19727303349869,0.981879783570863,122.90607,34.8331599285714,44.2894585275144,52.5332069817455,787.05,1011.54071428571,734.219624171273,940.294344338809,1.31300802421591,0.786865234305601,772.0,738.578571428571,314.505965762178,353.819831451067,151.75,104.371428571429,131.302196551623,84.1108347003322,1.27527399052522,1.16005975115976,171,46.8428571428571,65.5796271718588,67.1114577035996,4434.35725,2961.47371428571,674.484751445268,53.4270174887903,0.995982779568411,0.769628332487839,8958.571,1623.48342857143,3402.85619588643,3581.84892090518,79.6075,111.779214285714,48.4772646848066,98.4119621279586,1.09667176877521,0.777657155958259,135.97,81.2886428571429,54.3730969207199,42.5578923529527,6.9055,3.83471428571429,3.47947484936327,1.03921119227177,1.08857534188499,0.96403104867923,12.878,1.74457142857143,4.59906411675245,4.6583013524026,112.006645,61.34376,8.33981834610162,0.629441022509672,0.403693221013522,0.283412116654505,399.97342,57.1276685714286,166.742351106334,138.437713993087,2.25,2.26428571428571,2.21336383940064,2.2262216392083,1.36892236074022,1.04883427304761,1,1.1,0.433012701892219,0.440952123830019,35.45,la1.85sr0.15cu1o4,29,cuprate_LSCO,cuprate,245000,1.6125,31.6,ARPES measured,High
4,90.1422625,58.4628789285714,66.9350441753246,36.2720549072903,1.1786487477301,1.01913418487134,124.90825,34.2373932142857,53.101375326838,54.5281324904717,781.2,1007.51785714286,726.276975830068,933.241464598721,1.30963661341067,0.781677838067417,786.5,738.769285714286,319.052668065948,359.181808374028,156.25,117.385714285714,133.542493259005,89.2100968068677,1.26330558899854,1.08656171415207,199,61.3142857142857,72.2958332132634,86.0112605347434,5572.60725,3179.00942857143,868.395128395836,55.6316218883793,1.08892790263583,0.836141109574179,8958.571,1754.04057142857,3350.30285164755,3738.1444917717,91.35,113.271428571429,82.046890506221,103.94732073931,1.28520320008435,0.822660771041162,91.0,80.325,40.6431728584273,39.8077420426054,6.4305,3.93971428571429,3.24122375040231,1.05598644860201,1.06747319560728,0.925773552258418,12.878,1.75357142857143,4.58568323698879,4.71734936815416,106.006645,60.8294742857143,6.24435738721919,0.614021288835698,0.257209773933062,0.244639046719328,399.97342,57.1276685714286,169.808985016895,138.579130686535,3.0,2.57142857142857,2.82842712474619,2.43802730840895,1.32966134885476,1.08335601779317,2,1.05714285714286,1.0,0.903507902905251,19.5,pr1.85ce0.15cu1o4,76,cuprate_electron_doped,cuprate,230000,1.5137,23.2,ARPES measured,High
3,38.6155933333333,36.6787657142857,21.7699330327683,23.472596302382,0.619043469103431,0.677920838768926,85.96538,25.5531085714286,38.5670912420087,35.6930737410427,832.2,1014.21428571429,768.023776912797,946.52473628085,1.01687898115232,0.727868041147499,793.2,676.071428571428,345.071036165019,347.961009427253,137.666666666667,107.857142857143,116.647194936279,85.9864971394394,0.968727284789859,1.02038118532888,150,32.7142857142857,64.6546380565403,69.7760265245236,3035.47633333333,2525.81657142857,187.120891354966,40.0003210702773,0.225035344928602,0.138552746606503,8568.571,2447.75485714286,3919.55683427607,3826.93065562323,97.0666666666667,115.185714285714,91.3664449476501,109.875602255716,1.03872073733322,0.772379213491362,81.4,72.7,33.8989019815621,32.5828363481419,10.0073333333333,8.21257142857143,2.61338267526811,1.2667359785386,0.367792808562397,0.283809267962323,26.578,7.53028571428571,11.9282455075711,11.793174961539,46.3421933333333,27.5866171428571,4.95970547592119,0.741902136392869,0.669767923191609,0.690333961323096,84.97342,15.4133828571429,35.1103216431876,33.2304780677523,2.66666666666667,2.71428571428571,2.15443469003188,2.35354689365025,0.900256051268537,0.856997754778064,4,1.28571428571429,1.69967317119759,1.48461497791618,5.0,li0.5nb1o2,139,conventional_NbTi,conventional,760000,5.0019,5.0,Transport / band structure,High
5,83.24476,59.2244,59.5060814160275,36.126174653366,1.31151037344354,1.37205026883777,192.981,25.1921866666667,67.2338347072841,64.1963038171721,779.88,1005.86666666667,740.399332713733,945.371395526592,1.55321870407659,1.01920228760579,764.1,661.026666666667,276.063147848459,333.238432490745,149.8,106.133333333333,133.425311183972,86.4573385873277,1.51953736136792,1.57318466329146,171,16.2666666666667,58.6085318021191,66.3192949969229,4584.2858,2953.4288,874.164786339504,64.6228811852236,1.16177435651007,1.09951242220735,9778.571,1303.23786666667,4004.27323147741,3977.06081745709,73.1,105.475333333333,33.1487827641917,68.5472871662888,1.20088590631532,0.827671215145129,138.63,75.742,57.6456725175446,52.6707822695742,8.1524,4.9544,4.6464334920886,1.32187528238585,1.3929374917507,1.39581372668179,12.878,1.62826666666667,4.36102637460495,5.2534095696668,128.605316,72.414176,14.2876432915522,0.969156077634558,0.87197627698413,0.777322832630269,399.97342,53.3191573333333,154.008028485009,137.579264999148,2.6,2.4,2.40224886796286,2.25989709292424,1.5193826646423,1.36507672357122,3,0.933333333333333,1.2,1.01980390271856,66.5,bi2sr2ca1cu2o8,45,cuprate_BSCCO,cuprate,304000,2.0008,85.0,ARPES measured,High
4,76.4445625,51.2456653846154,59.3566724745425,34.93526616493,1.1995407452483,1.29188813799544,121.3276,14.2883192307692,43.8233541228786,44.1921252152174,794.0,1003.62307692308,741.629348855485,937.559192443233,1.31500430814302,0.890516212329374,810.6,659.715384615385,311.743492313793,342.396001400641,164.5,114.538461538462,139.000513752081,89.6851907721419,1.25670056650299,1.339742693422,205,22.6153846153846,77.5258021564434,79.2353994166121,4235.85725,2952.46176923077,669.556587809389,66.3421689582226,1.01540712310099,0.812798145814768,8958.571,2066.92284615385,3194.93894591629,3639.1292471846,77.2375,109.169230769231,53.5279646494387,86.5393772975223,1.10518217403612,0.762761032074798,127.05,74.3538461538461,54.8307552268797,49.4457143606911,8.1805,5.25030769230769,4.03556899860879,1.33691977973836,1.11209819664271,1.04292735932209,12.878,2.90353846153846,4.9481552875794,5.64855656694176,108.756645,96.3989276923077,7.55238461047956,1.09629540931362,0.336261915781173,0.203148213514574,399.97342,92.29338,168.301046773239,166.440382618967,2.25,2.07692307692308,2.21336383940064,2.06336223306145,1.36892236074022,1.20182302376485,1,0.846153846153846,0.433012701892219,0.266469355010596,92.03,y1ba2cu3o7,13,cuprate_YBCO,cuprate,273400,1.7994,86.0,ARPES measured (canonical vmid),High
4,76.4445625,51.2456653846154,59.3566724745425,34.93526616493,1.1995407452483,1.29188813799544,121.3276,14.2883192307692,43.8233541228786,44.1921252152174,794.0,1003.62307692308,741.629348855485,937.559192443233,1.31500430814302,0.890516212329374,810.6,659.715384615385,311.743492313793,342.396001400641,164.5,114.538461538462,139.000513752081,89.6851907721419,1.25670056650299,1.339742693422,205,22.6153846153846,77.5258021564434,79.2353994166121,4235.85725,2952.46176923077,669.556587809389,66.3421689582226,1.01540712310099,0.812798145814768,8958.571,2066.92284615385,3194.93894591629,3639.1292471846,77.2375,109.169230769231,53.5279646494387,86.5393772975223,1.10518217403612,0.762761032074798,127.05,74.3538461538461,54.8307552268797,49.4457143606911,8.1805,5.25030769230769,4.03556899860879,1.33691977973836,1.11209819664271,1.04292735932209,12.878,2.90353846153846,4.9481552875794,5.64855656694176,108.756645,96.3989276923077,7.55238461047956,1.09629540931362,0.336261915781173,0.203148213514574,399.97342,92.29338,168.301046773239,166.440382618967,2.25,2.07692307692308,2.21336383940064,2.06336223306145,1.36892236074022,1.20182302376485,1,0.846153846153846,0.433012701892219,0.266469355010596,92.83,y1ba2cu3o7,13,cuprate_YBCO,cuprate,273400,1.7994,86.0,ARPES measured (canonical vmid),High
5,83.24476,59.2244,59.5060814160275,36.126174653366,1.31151037344354,1.37205026883777,192.981,25.1921866666667,67.2338347072841,64.1963038171721,779.88,1005.86666666667,740.399332713733,945.371395526592,1.55321870407659,1.01920228760579,764.1,661.026666666667,276.063147848459,333.238432490745,149.8,106.133333333333,133.425311183972,86.4573385873277,1.51953736136792,1.57318466329146,171,16.2666666666667,58.6085318021191,66.3192949969229,4584.2858,2953.4288,874.164786339504,64.6228811852236,1.16177435651007,1.09951242220735,9778.571,1303.23786666667,4004.27323147741,3977.06081745709,73.1,105.475333333333,33.1487827641917,68.5472871662888,1.20088590631532,0.827671215145129,138.63,75.742,57.6456725175446,52.6707822695742,8.1524,4.9544,4.6464334920886,1.32187528238585,1.3929374917507,1.39581372668179,12.878,1.62826666666667,4.36102637460495,5.2534095696668,128.605316,72.414176,14.2876432915522,0.969156077634558,0.87197627698413,0.777322832630269,399.97342,53.3191573333333,154.008028485009,137.579264999148,2.6,2.4,2.40224886796286,2.25989709292424,1.5193826646423,1.36507672357122,3,0.933333333333333,1.2,1.01980390271856,86.1,bi2sr2ca1cu2o8,45,cuprate_BSCCO,cuprate,304000,2.0008,85.0,ARPES measured,High
5,83.24476,59.2244,59.5060814160275,36.126174653366,1.31151037344354,1.37205026883777,192.981,25.1921866666667,67.2338347072841,64.1963038171721,779.88,1005.86666666667,740.399332713733,945.371395526592,1.55321870407659,1.01920228760579,764.1,661.026666666667,276.063147848459,333.238432490745,149.8,106.133333333333,133.425311183972,86.4573385873277,1.51953736136792,1.57318466329146,171,16.2666666666667,58.6085318021191,66.3192949969229,4584.2858,2953.4288,874.164786339504,64.6228811852236,1.16177435651007,1.09951242220735,9778.571,1303.23786666667,4004.27323147741,3977.06081745709,73.1,105.475333333333,33.1487827641917,68.5472871662888,1.20088590631532,0.827671215145129,138.63,75.742,57.6456725175446,52.6707822695742,8.1524,4.9544,4.6464334920886,1.32187528238585,1.3929374917507,1.39581372668179,12.878,1.62826666666667,4.36102637460495,5.2534095696668,128.605316,72.414176,14.2876432915522,0.969156077634558,0.87197627698413,0.777322832630269,399.97342,53.3191573333333,154.008028485009,137.579264999148,2.6,2.4,2.40224886796286,2.25989709292424,1.5193826646423,1.36507672357122,3,0.933333333333333,1.2,1.01980390271856,72.2,bi2sr2ca1cu2o8,45,cuprate_BSCCO,cuprate,304000,2.0008,85.0,ARPES measured,High
4,64.3872925,56.7671380571429,48.474940469477,35.6087462779757,1.13708059166272,0.892986913322547,122.90607,37.6529483428572,46.1914165003864,53.0129856925213,754.425,1009.97028571429,686.051577977531,937.246250023,1.28956757252273,0.765031443608058,894.6,745.56,342.986788193073,356.1376654007,157.75,104.405714285714,134.760474392398,84.1131673074922,1.26427434776111,1.11119959548196,195,50.7085714285714,72.219716836886,67.2617995717677,3990.85725,2976.35942857143,509.450085850955,53.1956446440069,0.849367210060901,0.705922104825121,8958.571,1684.94342857143,3710.79127958346,3602.65746422676,90.45,112.704571428571,80.5999825908847,102.787045013505,1.27836566976096,0.802874553656494,93.0,80.8582857142857,41.5262266525626,40.6877444758322,5.488,3.75291428571429,2.55611380077245,1.0222182870051,0.950855851925458,0.853693596053933,12.878,1.8448,4.90677103602766,4.62687318898398,128.256645,61.8666171428571,10.8427533866318,0.630760440418257,0.606407563155554,0.313605879260426,399.97342,57.1276685714286,161.531678595773,138.529076168703,2.0,2.26285714285714,1.8612097182042,2.21762939510006,1.32088834314932,1.00084847115075,2,1.13142857142857,0.707106781186548,0.465424975869651,21.0,la1.92k0.08cu1o4,27,cuprate_LSCO,cuprate,245000,1.6125,21.0,ARPES measured,High
4,76.4445625,51.2456653846154,59.3566724745425,34.93526616493,1.1995407452483,1.29188813799544,121.3276,14.2883192307692,43.8233541228786,44.1921252152174,794.0,1003.62307692308,741.629348855485,937.559192443233,1.31500430814302,0.890516212329374,810.6,659.715384615385,311.743492313793,342.396001400641,164.5,114.538461538462,139.000513752081,89.6851907721419,1.25670056650299,1.339742693422,205,22.6153846153846,77.5258021564434,79.2353994166121,4235.85725,2952.46176923077,669.556587809389,66.3421689582226,1.01540712310099,0.812798145814768,8958.571,2066.92284615385,3194.93894591629,3639.1292471846,77.2375,109.169230769231,53.5279646494387,86.5393772975223,1.10518217403612,0.762761032074798,127.05,74.3538461538461,54.8307552268797,49.4457143606911,8.1805,5.25030769230769,4.03556899860879,1.33691977973836,1.11209819664271,1.04292735932209,12.878,2.90353846153846,4.9481552875794,5.64855656694176,108.756645,96.3989276923077,7.55238461047956,1.09629540931362,0.336261915781173,0.203148213514574,399.97342,92.29338,168.301046773239,166.440382618967,2.25,2.07692307692308,2.21336383940064,2.06336223306145,1.36892236074022,1.20182302376485,1,0.846153846153846,0.433012701892219,0.266469355010596,90.3,y1ba2cu3o7,13,cuprate_YBCO,cuprate,273400,1.7994,86.0,ARPES measured (canonical vmid),High
4,105.313925,76.633,73.0883762545777,42.6054174665645,1.12584817902596,1.15864641056541,188.3839,31.3836909090909,71.6959238182819,75.2194799690394,787.375,982.4,733.513183093207,905.220525559067,1.31211186553251,0.877226855858847,810.6,648.509090909091,315.724764430983,367.154441123029,150.5,113.727272727273,128.740025194666,88.9630381515022,1.25878050352551,1.30036073254033,205,32.8181818181818,72.5827114401219,79.3531701939797,6080.35725,3608.05218181818,854.262665195479,67.4747244434402,0.998141383301719,0.952104272052556,11848.571,2153.766,4613.60013686521,4695.92053361497,74.6375,95.2,48.3485238699581,65.951977310881,1.05768348464572,0.645370390180314,127.05,74.9181818181818,57.1542362275099,58.6627146568337,6.3805,3.53018181818182,3.14406044539472,1.05329884711804,1.04418073353965,1.17877374986123,12.878,1.33345454545455,4.75542224728783,4.24372995923894,116.006645,48.0144981818182,9.6863760659405,0.808664223122662,0.483727931942032,0.700428338207067,399.97342,36.3491381818182,164.780030624066,112.621930629877,2.25,2.18181818181818,2.21336383940064,2.15301268319815,1.36892236074022,1.19884931291362,1,0.909090909090909,0.433012701892219,0.385694607919935,55.0,tl2ba2cu1o6,52,cuprate_Tl_based,cuprate,320000,2.1061,83.0,ARPES measured,High
5,83.24476,59.2244,59.5060814160275,36.126174653366,1.31151037344354,1.37205026883777,192.981,25.1921866666667,67.2338347072841,64.1963038171721,779.88,1005.86666666667,740.399332713733,945.371395526592,1.55321870407659,1.01920228760579,764.1,661.026666666667,276.063147848459,333.238432490745,149.8,106.133333333333,133.425311183972,86.4573385873277,1.51953736136792,1.57318466329146,171,16.2666666666667,58.6085318021191,66.3192949969229,4584.2858,2953.4288,874.164786339504,64.6228811852236,1.16177435651007,1.09951242220735,9778.571,1303.23786666667,4004.27323147741,3977.06081745709,73.1,105.475333333333,33.1487827641917,68.5472871662888,1.20088590631532,0.827671215145129,138.63,75.742,57.6456725175446,52.6707822695742,8.1524,4.9544,4.6464334920886,1.32187528238585,1.3929374917507,1.39581372668179,12.878,1.62826666666667,4.36102637460495,5.2534095696668,128.605316,72.414176,14.2876432915522,0.969156077634558,0.87197627698413,0.777322832630269,399.97342,53.3191573333333,154.008028485009,137.579264999148,2.6,2.4,2.40224886796286,2.25989709292424,1.5193826646423,1.36507672357122,3,0.933333333333333,1.2,1.01980390271856,92.0,bi2sr2ca1cu2o8,45,cuprate_BSCCO,cuprate,304000,2.0008,85.0,ARPES measured,High
4,76.4445625,51.518892248062,59.3566724745425,35.147400203827,1.1995407452483,1.29069116588067,121.3276,14.3990813953488,43.8233541228786,44.2535665434991,794.0,1001.22403100775,741.629348855485,935.114076729286,1.31500430814302,0.895987109708696,810.6,654.650387596899,311.743492313793,342.630435927781,164.5,115.054263565891,139.000513752081,90.120839474344,1.25670056650299,1.33924280475906,205,22.7906976744186,77.5258021564434,79.3242106093641,4235.85725,2975.33799224806,669.556587809389,68.3455537043014,1.01540712310099,0.81277042040323,8958.571,2082.95658139535,3194.93894591629,3643.8840288369,77.2375,108.910852713178,53.5279646494387,86.205442920185,1.10518217403612,0.766899508925827,127.05,73.8255813953488,54.8307552268797,49.5494956369642,8.1805,5.28928682170543,4.03556899860879,1.35565737416138,1.11209819664271,1.04203375695533,12.878,2.92776744186047,4.9481552875794,5.65296450346393,108.756645,97.1460001550387,7.55238461047956,1.12836566846972,0.336261915781173,0.203129932293431,399.97342,93.0090386046512,168.301046773239,166.866991991426,2.25,2.07751937984496,2.21336383940064,2.0638611731558,1.36892236074022,1.20586465999055,1,0.837209302325582,0.433012701892219,0.2674137722583,91.5,y1ba2cu3o6.9,20,cuprate_YBCO,cuprate,273400,1.7994,88.0,ARPES measured (canonical vmid),High
5,79.171174,52.5406338033537,59.994943314639,34.8977367041235,1.38995323673403,1.42959762220762,122.90607,14.2607278963415,50.4249572386324,47.5499375045304,738.22,1003.5131097561,690.328114777212,935.996267961153,1.53656957994422,0.914707653634357,810.6,699.119817073171,299.031967521869,345.440292123902,167.0,110.17987804878,146.121196729093,87.6353100914833,1.50875989419117,1.47983022490689,205,28.719512195122,68.6352679021507,73.9988852749577,4033.4858,3058.47366463415,843.945344498653,65.1012162347879,1.2247501848213,0.900545248448589,8958.571,2048.00499390244,3207.25675766792,3744.08525572531,66.244,111.260556402439,34.7356747059872,89.2211142660862,1.20974090816925,0.801759117122991,138.63,77.2438262195122,55.5785061332166,46.7793833599913,7.2324,4.79555182926829,4.16392151950927,1.25318089341751,1.37811041573788,1.08868709900949,12.878,2.8749512195122,4.16516110612783,5.36579670456799,126.205316,99.2789062195122,13.7839016024086,1.09016435110929,0.835026704071475,0.35163854080405,399.97342,91.4489901219512,155.469670208177,166.419976150826,2.2,2.0952743902439,2.1689435423954,2.07877259608361,1.59416669911802,1.26542183511531,1,1.03963414634146,0.4,0.293593563975021,69.3,ca0.3ba1.45la1.25cu3o7.12,34,cuprate_LSCO,cuprate,245000,1.6125,69.3,ARPES measured,High
6,84.5977833333333,49.0080338461539,64.2006573962532,33.1588279247021,1.5540000085655,1.61077743822275,188.3839,12.0036923076923,60.0246208509035,48.726302906823,745.033333333333,998.244615384615,709.589165893762,932.44434771722,1.73758679876976,1.0105956168757,764.1,696.518461538461,262.474193440464,344.930132069478,158.666666666667,109.292307692308,143.589344842937,87.8767997553708,1.7174648838417,1.61047229539001,171,30.7692307692308,55.2439036355043,69.6928918297816,5878.5715,2790.46176923077,1361.09944955904,59.6343896135916,1.40518317988732,1.27873750635142,11848.571,1377.69207692308,4625.22584598791,4010.04886582816,61.15,98.8823076923077,29.4772817943599,57.5215264622147,1.3366479213084,0.681277598883619,138.63,76.4330769230769,54.9545157380174,59.0346004350051,11.677,4.83492307692308,5.57554492921717,1.2382506169732,1.34690959499097,1.48050443717291,35.778,1.89584615384615,11.5766784960108,6.28743761506336,136.671096666667,87.2912353846154,27.9413642321884,1.26428395188648,1.29170817732645,0.927715391314368,399.97342,61.5241492307692,135.762088916654,143.83487537687,2.83333333333333,2.12307692307692,2.56979658685065,2.0854832584731,1.68076798371197,1.44305625451677,4,0.984615384615385,1.46249406456535,0.540873717884521,40.0,tl0.8mo0.2sr2ca1cu2o7,49,cuprate_Tl_based,cuprate,320000,2.1061,40.0,ARPES measured,High
6,84.5977833333333,49.0080338461539,64.2006573962532,33.1588279247021,1.5540000085655,1.61077743822275,188.3839,12.0036923076923,60.0246208509035,48.726302906823,745.033333333333,998.244615384615,709.589165893762,932.44434771722,1.73758679876976,1.0105956168757,764.1,696.518461538461,262.474193440464,344.930132069478,158.666666666667,109.292307692308,143.589344842937,87.8767997553708,1.7174648838417,1.61047229539001,171,30.7692307692308,55.2439036355043,69.6928918297816,5878.5715,2790.46176923077,1361.09944955904,59.6343896135916,1.40518317988732,1.27873750635142,11848.571,1377.69207692308,4625.22584598791,4010.04886582816,61.15,98.8823076923077,29.4772817943599,57.5215264622147,1.3366479213084,0.681277598883619,138.63,76.4330769230769,54.9545157380174,59.0346004350051,11.677,4.83492307692308,5.57554492921717,1.2382506169732,1.34690959499097,1.48050443717291,35.778,1.89584615384615,11.5766784960108,6.28743761506336,136.671096666667,87.2912353846154,27.9413642321884,1.26428395188648,1.29170817732645,0.927715391314368,399.97342,61.5241492307692,135.762088916654,143.83487537687,2.83333333333333,2.12307692307692,2.56979658685065,2.0854832584731,1.68076798371197,1.44305625451677,4,0.984615384615385,1.46249406456535,0.540873717884521,24.0,tl0.8mo0.2sr2ca1cu2o7,49,cuprate_Tl_based,cuprate,320000,2.1061,40.0,ARPES measured,High
6,84.5977833333333,49.0080338461539,64.2006573962532,33.1588279247021,1.5540000085655,1.61077743822275,188.3839,12.0036923076923,60.0246208509035,48.726302906823,745.033333333333,998.244615384615,709.589165893762,932.44434771722,1.73758679876976,1.0105956168757,764.1,696.518461538461,262.474193440464,344.930132069478,158.666666666667,109.292307692308,143.589344842937,87.8767997553708,1.7174648838417,1.61047229539001,171,30.7692307692308,55.2439036355043,69.6928918297816,5878.5715,2790.46176923077,1361.09944955904,59.6343896135916,1.40518317988732,1.27873750635142,11848.571,1377.69207692308,4625.22584598791,4010.04886582816,61.15,98.8823076923077,29.4772817943599,57.5215264622147,1.3366479213084,0.681277598883619,138.63,76.4330769230769,54.9545157380174,59.0346004350051,11.677,4.83492307692308,5.57554492921717,1.2382506169732,1.34690959499097,1.48050443717291,35.778,1.89584615384615,11.5766784960108,6.28743761506336,136.671096666667,87.2912353846154,27.9413642321884,1.26428395188648,1.29170817732645,0.927715391314368,399.97342,61.5241492307692,135.762088916654,143.83487537687,2.83333333333333,2.12307692307692,2.56979658685065,2.0854832584731,1.68076798371197,1.44305625451677,4,0.984615384615385,1.46249406456535,0.540873717884521,86.0,tl0.8mo0.2sr2ca1cu2o7,49,cuprate_Tl_based,cuprate,320000,2.1061,40.0,ARPES measured,High
4,105.313925,76.633,73.0883762545777,42.6054174665645,1.12584817902596,1.15864641056541,188.3839,31.3836909090909,71.6959238182819,75.2194799690394,787.375,982.4,733.513183093207,905.220525559067,1.31211186553251,0.877226855858847,810.6,648.509090909091,315.724764430983,367.154441123029,150.5,113.727272727273,128.740025194666,88.9630381515022,1.25878050352551,1.30036073254033,205,32.8181818181818,72.5827114401219,79.3531701939797,6080.35725,3608.05218181818,854.262665195479,67.4747244434402,0.998141383301719,0.952104272052556,11848.571,2153.766,4613.60013686521,4695.92053361497,74.6375,95.2,48.3485238699581,65.951977310881,1.05768348464572,0.645370390180314,127.05,74.9181818181818,57.1542362275099,58.6627146568337,6.3805,3.53018181818182,3.14406044539472,1.05329884711804,1.04418073353965,1.17877374986123,12.878,1.33345454545455,4.75542224728783,4.24372995923894,116.006645,48.0144981818182,9.6863760659405,0.808664223122662,0.483727931942032,0.700428338207067,399.97342,36.3491381818182,164.780030624066,112.621930629877,2.25,2.18181818181818,2.21336383940064,2.15301268319815,1.36892236074022,1.19884931291362,1,0.909090909090909,0.433012701892219,0.385694607919935,12.0,tl2ba2cu1o6,52,cuprate_Tl_based,cuprate,320000,2.1061,83.0,ARPES measured,High
4,105.313925,76.633,73.0883762545777,42.6054174665645,1.12584817902596,1.15864641056541,188.3839,31.3836909090909,71.6959238182819,75.2194799690394,787.375,982.4,733.513183093207,905.220525559067,1.31211186553251,0.877226855858847,810.6,648.509090909091,315.724764430983,367.154441123029,150.5,113.727272727273,128.740025194666,88.9630381515022,1.25878050352551,1.30036073254033,205,32.8181818181818,72.5827114401219,79.3531701939797,6080.35725,3608.05218181818,854.262665195479,67.4747244434402,0.998141383301719,0.952104272052556,11848.571,2153.766,4613.60013686521,4695.92053361497,74.6375,95.2,48.3485238699581,65.951977310881,1.05768348464572,0.645370390180314,127.05,74.9181818181818,57.1542362275099,58.6627146568337,6.3805,3.53018181818182,3.14406044539472,1.05329884711804,1.04418073353965,1.17877374986123,12.878,1.33345454545455,4.75542224728783,4.24372995923894,116.006645,48.0144981818182,9.6863760659405,0.808664223122662,0.483727931942032,0.700428338207067,399.97342,36.3491381818182,164.780030624066,112.621930629877,2.25,2.18181818181818,2.21336383940064,2.15301268319815,1.36892236074022,1.19884931291362,1,0.909090909090909,0.433012701892219,0.385694607919935,88.0,tl2ba2cu1o6,52,cuprate_Tl_based,cuprate,320000,2.1061,83.0,ARPES measured,High
6,93.5019416666667,69.8484594857143,73.5902394824212,61.6368868184526,1.59996008868796,1.4109259424804,192.981,23.0638990857143,58.1679179790746,27.9239329238885,768.366666666667,748.975514285714,736.105734273653,717.733149114281,1.74446434544631,1.45127753129634,764.1,277.536942857143,251.684396726447,244.168812394548,159.5,163.535428571429,143.630434950001,148.552561974028,1.71242575710342,1.35613956987668,171,61.2231428571429,57.9389046036138,57.2961345164804,6020.5715,5288.00414285714,1572.85356801723,1649.04982971769,1.50697499878725,1.07729246220052,10278.571,3417.39585714286,3895.30484306358,3518.42974996194,77.6883333333333,76.0412571428571,53.5608222189946,43.2118476971688,1.56426180758965,1.08743977627162,135.97,44.8592571428571,47.3640125048074,55.105420999775,13.2703333333333,10.4032,6.85842959128709,6.46054941460075,1.45360083200886,1.30451504045402,35.778,4.965,10.9834633527964,6.63978756458798,99.8377633333333,170.321511428571,13.8422318813938,29.7655757286011,0.933747628592624,0.436444136456754,399.97342,152.567631428571,142.06426173982,182.043184797809,3.33333333333333,2.322,2.99379516552391,2.22808719610458,1.68310895720885,1.58643666927478,4,0.715714285714286,1.59861050777091,0.852911986750601,37.5,bi0.066mo0.264cu0.67sr2y1cu2o,41,cuprate_BSCCO,cuprate,304000,2.0008,37.5,ARPES measured,High
4,76.4445625,52.5385905901116,59.3566724745425,35.9505339890945,1.1995407452483,1.28608725589676,121.3276,14.81245215311,43.8233541228786,44.4672978952424,794.0,992.270653907496,741.629348855485,926.044938701222,1.31500430814302,0.91625201149114,810.6,635.747527910686,311.743492313793,343.355964801318,164.5,116.979266347687,139.000513752081,91.7654744562321,1.25670056650299,1.33710624914317,205,23.444976076555,77.5258021564434,79.6252860151,4235.85725,3060.71337001595,669.556587809389,76.3713888356103,1.01540712310099,0.812670154768629,8958.571,2142.79540191388,3194.93894591629,3660.31238082406,77.2375,107.946570972887,53.5279646494387,84.9705190182277,1.10518217403612,0.782131904398332,127.05,71.8540669856459,54.8307552268797,49.9231021132042,8.1805,5.43475917065391,4.03556899860879,1.42793587681037,1.11209819664271,1.0387732511059,12.878,3.01819138755981,4.9481552875794,5.66701797296926,108.756645,99.9341174800638,7.55238461047956,1.25656132420489,0.336261915781173,0.20306386147859,399.97342,95.6799176076555,168.301046773239,168.420323556289,2.25,2.07974481658692,2.21336383940064,2.06572431181329,1.36892236074022,1.22047263384096,1,0.803827751196172,0.433012701892219,0.270897731283302,54.9,y1ba2cu3o6.54,7,cuprate_YBCO,cuprate,273400,1.7994,54.0,ARPES measured (canonical vmid),High
4,76.4445625,52.5969599041534,59.3566724745425,35.9970581411845,1.1995407452483,1.28581747864039,121.3276,14.8361142172524,43.8233541228786,44.4787938085414,794.0,991.758146964856,741.629348855485,925.528475039509,1.31500430814302,0.917404581520654,810.6,634.665495207668,311.743492313793,343.390385157958,164.5,117.08945686901,139.000513752081,91.8605192504605,1.25670056650299,1.33697142692581,205,23.482428115016,77.5258021564434,79.6410777340708,4235.85725,3065.6004057508,669.556587809389,76.8583239600605,1.01540712310099,0.812664563113845,8958.571,2146.22068051118,3194.93894591629,3661.19029620378,77.2375,107.891373801917,53.5279646494387,84.9003675509419,1.10518217403612,0.782993516657314,127.05,71.741214057508,54.8307552268797,49.943840080739,8.1805,5.44308626198083,4.03556899860879,1.43218792711617,1.11209819664271,1.03859006707249,12.878,3.02336741214057,4.9481552875794,5.66770838248165,108.756645,100.093714185304,7.55238461047956,1.26432525805241,0.336261915781173,0.203060178733802,399.97342,95.8328033865815,168.301046773239,168.507409780895,2.25,2.07987220447284,2.21336383940064,2.06583101200372,1.36892236074022,1.22128618974464,1,0.801916932907348,0.433012701892219,0.271095251573117,54.35,y1ba2cu3o6.52,6,cuprate_YBCO,cuprate,273400,1.7994,52.8,ARPES measured (canonical vmid),High
4,76.4445625,52.5969599041534,59.3566724745425,35.9970581411845,1.1995407452483,1.28581747864039,121.3276,14.8361142172524,43.8233541228786,44.4787938085414,794.0,991.758146964856,741.629348855485,925.528475039509,1.31500430814302,0.917404581520654,810.6,634.665495207668,311.743492313793,343.390385157958,164.5,117.08945686901,139.000513752081,91.8605192504605,1.25670056650299,1.33697142692581,205,23.482428115016,77.5258021564434,79.6410777340708,4235.85725,3065.6004057508,669.556587809389,76.8583239600605,1.01540712310099,0.812664563113845,8958.571,2146.22068051118,3194.93894591629,3661.19029620378,77.2375,107.891373801917,53.5279646494387,84.9003675509419,1.10518217403612,0.782993516657314,127.05,71.741214057508,54.8307552268797,49.943840080739,8.1805,5.44308626198083,4.03556899860879,1.43218792711617,1.11209819664271,1.03859006707249,12.878,3.02336741214057,4.9481552875794,5.66770838248165,108.756645,100.093714185304,7.55238461047956,1.26432525805241,0.336261915781173,0.203060178733802,399.97342,95.8328033865815,168.301046773239,168.507409780895,2.25,2.07987220447284,2.21336383940064,2.06583101200372,1.36892236074022,1.22128618974464,1,0.801916932907348,0.433012701892219,0.271095251573117,61.34,y1ba2cu3o6.52,6,cuprate_YBCO,cuprate,273400,1.7994,52.8,ARPES measured (canonical vmid),High
5,89.74688,54.9196036949313,70.6852122406314,36.5147828871032,1.44179246855376,1.47250745391851,128.2426,15.6646060318964,47.6723954940131,48.239015139224,728.22,990.077735670298,678.161531147108,920.739292942264,1.53193254626919,0.936774763261975,810.6,673.734770251066,304.674996676787,349.479184101316,174.2,115.116690352124,151.358989346748,90.7027573860174,1.50541605099361,1.48498324840343,205,27.4277593557556,72.1204547961256,77.8569754864721,4422.2858,3175.23493715459,963.084125111406,74.9590194800501,1.27626302215028,0.940256896072621,8958.571,2121.46488915206,3189.84775679445,3781.0949959407,67.176,109.334596557714,38.8737635112424,85.6754273736454,1.23724044809735,0.809463776963685,135.97,74.790225801358,54.8685310902342,48.5778485049611,7.2844,5.0505172903837,4.20932558005661,1.35157572742407,1.38346493879746,1.09556406063249,12.878,2.98595831359545,4.11720456620751,5.41828960774399,94.005316,99.4850136017685,10.2631549961468,1.23549498807123,0.576258025490393,0.241611764928909,399.97342,94.7278397063003,153.396873191859,167.63702420605,2.2,2.07105637138797,2.1689435423954,2.05845985478077,1.59416669911802,1.28669768165811,1,0.989420495815569,0.4,0.256918982313769,82.0,nd0.9ba1.7sr0.4cu3o6.666,14,cuprate_YBCO,cuprate,273400,1.7994,82.0,ARPES measured (canonical vmid),High
6,110.790066666667,54.7097,78.4197559326135,35.6273870266119,1.53414769985031,1.65110212979533,191.2006,14.575875,75.5872352509925,54.7591641140093,811.866666666667,991.965,770.024056063059,927.751615723277,1.73786669321016,1.11067026356822,810.6,647.61,273.232914480587,337.892653848822,160.833333333333,117.5375,144.214209469418,93.5914584540764,1.70708019085757,1.59989019334542,205,29.7,61.5451505445844,75.784223910719,6482.5715,3131.6645,1484.23629213862,82.7527985644545,1.41072682359599,1.25468051922608,13532.571,1679.2855,5076.52372078846,4225.12796024691,53.3033333333333,96.67875,19.564750178291,52.1331583872565,1.20103438686753,0.699693563107594,141.0,71.175,56.6131276491789,59.5853429833,6.15366666666667,4.808875,3.59821959976163,1.37548732015063,1.50522002181601,1.23426517675831,12.878,2.396625,4.26970341150556,5.17100613849713,110.221096666667,103.11579,14.9397707821169,1.62164693082554,0.974763502961095,0.705086741846485,399.97342,74.98671,146.472835822938,156.289446879577,2.33333333333333,2.025,2.24492409661875,2.0174039675808,1.74786809746676,1.41717625533206,2,0.95,0.74535599249993,0.22220486043289,125.0,hg0.8pb0.2ba2ca2cu3o8,65,cuprate_Hg_based,cuprate,290000,1.9086,132.0,ARPES measured,High
5,91.50808,78.6964909090909,64.5702746002132,63.1353145861695,1.32746464823409,1.41082162453739,184.5906,23.5140545454545,68.0098970781871,53.13476774709,831.2,733.845454545455,781.483207751268,703.959350298849,1.54798878756205,1.51481691155197,810.6,179.545454545455,295.541543611046,229.57203806465,162.2,171.545454545455,142.332972798315,159.466216363683,1.50889625036342,1.3893191829,205,48.5454545454545,67.3361715573435,54.6598799791844,5511.0858,5549.58445454545,988.282363187109,2195.69850457856,1.13937944437554,1.09173768603428,13532.571,3258.05190909091,5026.19188983534,4235.84803404319,56.644,60.5554545454545,17.2612781570872,22.0900917580564,0.954578304986785,0.793179981056318,141.0,43.4636363636364,61.4743454133511,58.7740526181156,6.4304,8.77563636363636,3.40095998408194,6.27772771502119,1.28658973786238,1.08432981623402,12.878,4.74345454545455,4.62784535610256,4.1713138822357,125.265316,204.029689090909,12.600828832253,55.2482990725471,0.810628981234087,0.681067338707487,399.97342,145.452129090909,156.163948300238,165.915541595068,2.0,2.0,2.0,2.0,1.6094379124341,1.46813993901621,0,0.545454545454545,0.0,0.0,123.0,hg1ba2ca3cu4o,63,cuprate_Hg_based,cuprate,290000,1.9086,116.0,ARPES measured,High
4,76.4445625,52.5385905901116,59.3566724745425,35.9505339890945,1.1995407452483,1.28608725589676,121.3276,14.81245215311,43.8233541228786,44.4672978952424,794.0,992.270653907496,741.629348855485,926.044938701222,1.31500430814302,0.91625201149114,810.6,635.747527910686,311.743492313793,343.355964801318,164.5,116.979266347687,139.000513752081,91.7654744562321,1.25670056650299,1.33710624914317,205,23.444976076555,77.5258021564434,79.6252860151,4235.85725,3060.71337001595,669.556587809389,76.3713888356103,1.01540712310099,0.812670154768629,8958.571,2142.79540191388,3194.93894591629,3660.31238082406,77.2375,107.946570972887,53.5279646494387,84.9705190182277,1.10518217403612,0.782131904398332,127.05,71.8540669856459,54.8307552268797,49.9231021132042,8.1805,5.43475917065391,4.03556899860879,1.42793587681037,1.11209819664271,1.0387732511059,12.878,3.01819138755981,4.9481552875794,5.66701797296926,108.756645,99.9341174800638,7.55238461047956,1.25656132420489,0.336261915781173,0.20306386147859,399.97342,95.6799176076555,168.301046773239,168.420323556289,2.25,2.07974481658692,2.21336383940064,2.06572431181329,1.36892236074022,1.22047263384096,1,0.803827751196172,0.433012701892219,0.270897731283302,55.5,y1ba2cu3o6.54,7,cuprate_YBCO,cuprate,273400,1.7994,54.0,ARPES measured (canonical vmid),High
6,83.4220916666667,54.144501387818,63.3888430125227,35.5144812318705,1.55199247687223,1.58416126024801,188.3839,15.4491518889746,59.8594139285572,52.8586685013967,733.466666666667,997.841711642251,697.063912176582,932.329792027732,1.73469858552768,1.00321204008765,764.1,701.107710100231,266.373870507017,344.475039434903,162.333333333333,110.158828064765,146.235424658131,88.2744890378017,1.7140714060819,1.59513497684925,171,32.2744795682344,57.8695851798584,70.8955560124328,4910.5715,3023.88281649961,1184.78979569299,64.8826224838633,1.38556392881367,1.24656085018383,11848.571,1380.88202544333,4190.06784555985,4066.36077903193,54.1,99.8582883577486,25.5465047079629,65.0495684673724,1.26091312627426,0.713581533215185,138.63,76.5488049344641,55.6397906178663,57.1352063618746,7.577,4.55368851195065,4.60314206170944,1.2270214047945,1.57127759700001,1.36309067916284,12.878,1.95420200462606,4.31519234797245,5.1538678128818,116.337763333333,73.3604674325366,19.685810197531,1.0568905176287,1.09735847310179,0.633503198446136,399.97342,61.6665179182729,142.842074591767,141.319015332089,2.33333333333333,2.14649190439476,2.28942848510666,2.12239365949004,1.77213938843753,1.4056882072357,1,1.05936777178103,0.471404520791032,0.353598679779145,87.0,tl1sr2ca0.1y0.9cu2o6.97,51,cuprate_Tl_based,cuprate,320000,2.1061,87.0,ARPES measured,High
5,94.60745,54.2592480769231,73.0219685062797,35.7948195885612,1.42503866669093,1.4400734822527,151.2596,17.707775,53.4410986284339,49.0608816493746,751.4,1002.3,706.292757473527,935.487254305616,1.54232774349614,0.919445772997258,810.6,684.707692307692,291.558302917272,343.956513351504,176.8,115.076923076923,153.191550623905,89.9060489440569,1.50388151751476,1.44392462683586,205,30.7692307692308,73.575539413585,79.9403253765068,5201.8858,3129.15407692308,1127.49071188001,68.1701182842698,1.30802517774176,0.983005106084829,9064.571,2066.92284615385,3449.48583591331,3815.8547405395,72.09,109.953846153846,53.1160816531692,88.2345437457236,1.35742892856008,0.802684278795401,127.05,75.5346153846154,50.1110406996303,48.3503936088444,10.5244,5.57723076923077,5.55257504584922,1.36587529439478,1.35469788461624,1.2202645322133,19.678,2.90353846153846,6.44692651113692,6.21281831444346,90.005316,96.3220046153846,8.66334342532394,1.09103056191903,0.471191963787031,0.208684447221259,399.97342,92.29338,155.134274849369,166.477518347035,2.4,2.07692307692308,2.35215804504935,2.06336223306145,1.58902691517397,1.2788393771604,1,0.961538461538461,0.489897948556636,0.266469355010596,91.8,er0.5y0.5ba2cu3o7,18,cuprate_YBCO,cuprate,273400,1.7994,91.8,ARPES measured (canonical vmid),High
4,90.1422625,58.4628789285714,66.9350441753246,36.2720549072903,1.1786487477301,1.01913418487134,124.90825,34.2373932142857,53.101375326838,54.5281324904717,781.2,1007.51785714286,726.276975830068,933.241464598721,1.30963661341067,0.781677838067417,786.5,738.769285714286,319.052668065948,359.181808374028,156.25,117.385714285714,133.542493259005,89.2100968068677,1.26330558899854,1.08656171415207,199,61.3142857142857,72.2958332132634,86.0112605347434,5572.60725,3179.00942857143,868.395128395836,55.6316218883793,1.08892790263583,0.836141109574179,8958.571,1754.04057142857,3350.30285164755,3738.1444917717,91.35,113.271428571429,82.046890506221,103.94732073931,1.28520320008435,0.822660771041162,91.0,80.325,40.6431728584273,39.8077420426054,6.4305,3.93971428571429,3.24122375040231,1.05598644860201,1.06747319560728,0.925773552258418,12.878,1.75357142857143,4.58568323698879,4.71734936815416,106.006645,60.8294742857143,6.24435738721919,0.614021288835698,0.257209773933062,0.244639046719328,399.97342,57.1276685714286,169.808985016895,138.579130686535,3.0,2.57142857142857,2.82842712474619,2.43802730840895,1.32966134885476,1.08335601779317,2,1.05714285714286,1.0,0.903507902905251,23.2,pr1.85ce0.15cu1o4,76,cuprate_electron_doped,cuprate,230000,1.5137,23.2,ARPES measured,High
4,90.1422625,58.4628789285714,66.9350441753246,36.2720549072903,1.1786487477301,1.01913418487134,124.90825,34.2373932142857,53.101375326838,54.5281324904717,781.2,1007.51785714286,726.276975830068,933.241464598721,1.30963661341067,0.781677838067417,786.5,738.769285714286,319.052668065948,359.181808374028,156.25,117.385714285714,133.542493259005,89.2100968068677,1.26330558899854,1.08656171415207,199,61.3142857142857,72.2958332132634,86.0112605347434,5572.60725,3179.00942857143,868.395128395836,55.6316218883793,1.08892790263583,0.836141109574179,8958.571,1754.04057142857,3350.30285164755,3738.1444917717,91.35,113.271428571429,82.046890506221,103.94732073931,1.28520320008435,0.822660771041162,91.0,80.325,40.6431728584273,39.8077420426054,6.4305,3.93971428571429,3.24122375040231,1.05598644860201,1.06747319560728,0.925773552258418,12.878,1.75357142857143,4.58568323698879,4.71734936815416,106.006645,60.8294742857143,6.24435738721919,0.614021288835698,0.257209773933062,0.244639046719328,399.97342,57.1276685714286,169.808985016895,138.579130686535,3.0,2.57142857142857,2.82842712474619,2.43802730840895,1.32966134885476,1.08335601779317,2,1.05714285714286,1.0,0.903507902905251,23.3,pr1.85ce0.15cu1o4,76,cuprate_electron_doped,cuprate,230000,1.5137,23.2,ARPES measured,High
4,90.1422625,58.4628789285714,66.9350441753246,36.2720549072903,1.1786487477301,1.01913418487134,124.90825,34.2373932142857,53.101375326838,54.5281324904717,781.2,1007.51785714286,726.276975830068,933.241464598721,1.30963661341067,0.781677838067417,786.5,738.769285714286,319.052668065948,359.181808374028,156.25,117.385714285714,133.542493259005,89.2100968068677,1.26330558899854,1.08656171415207,199,61.3142857142857,72.2958332132634,86.0112605347434,5572.60725,3179.00942857143,868.395128395836,55.6316218883793,1.08892790263583,0.836141109574179,8958.571,1754.04057142857,3350.30285164755,3738.1444917717,91.35,113.271428571429,82.046890506221,103.94732073931,1.28520320008435,0.822660771041162,91.0,80.325,40.6431728584273,39.8077420426054,6.4305,3.93971428571429,3.24122375040231,1.05598644860201,1.06747319560728,0.925773552258418,12.878,1.75357142857143,4.58568323698879,4.71734936815416,106.006645,60.8294742857143,6.24435738721919,0.614021288835698,0.257209773933062,0.244639046719328,399.97342,57.1276685714286,169.808985016895,138.579130686535,3.0,2.57142857142857,2.82842712474619,2.43802730840895,1.32966134885476,1.08335601779317,2,1.05714285714286,1.0,0.903507902905251,22.9,pr1.85ce0.15cu1o4,76,cuprate_electron_doped,cuprate,230000,1.5137,23.2,ARPES measured,High
5,83.24476,59.2244,59.5060814160275,36.126174653366,1.31151037344354,1.37205026883777,192.981,25.1921866666667,67.2338347072841,64.1963038171721,779.88,1005.86666666667,740.399332713733,945.371395526592,1.55321870407659,1.01920228760579,764.1,661.026666666667,276.063147848459,333.238432490745,149.8,106.133333333333,133.425311183972,86.4573385873277,1.51953736136792,1.57318466329146,171,16.2666666666667,58.6085318021191,66.3192949969229,4584.2858,2953.4288,874.164786339504,64.6228811852236,1.16177435651007,1.09951242220735,9778.571,1303.23786666667,4004.27323147741,3977.06081745709,73.1,105.475333333333,33.1487827641917,68.5472871662888,1.20088590631532,0.827671215145129,138.63,75.742,57.6456725175446,52.6707822695742,8.1524,4.9544,4.6464334920886,1.32187528238585,1.3929374917507,1.39581372668179,12.878,1.62826666666667,4.36102637460495,5.2534095696668,128.605316,72.414176,14.2876432915522,0.969156077634558,0.87197627698413,0.777322832630269,399.97342,53.3191573333333,154.008028485009,137.579264999148,2.6,2.4,2.40224886796286,2.25989709292424,1.5193826646423,1.36507672357122,3,0.933333333333333,1.2,1.01980390271856,92.4,bi2sr2ca1cu2o8,45,cuprate_BSCCO,cuprate,304000,2.0008,85.0,ARPES measured,High
4,105.313925,76.633,73.0883762545777,42.6054174665645,1.12584817902596,1.15864641056541,188.3839,31.3836909090909,71.6959238182819,75.2194799690394,787.375,982.4,733.513183093207,905.220525559067,1.31211186553251,0.877226855858847,810.6,648.509090909091,315.724764430983,367.154441123029,150.5,113.727272727273,128.740025194666,88.9630381515022,1.25878050352551,1.30036073254033,205,32.8181818181818,72.5827114401219,79.3531701939797,6080.35725,3608.05218181818,854.262665195479,67.4747244434402,0.998141383301719,0.952104272052556,11848.571,2153.766,4613.60013686521,4695.92053361497,74.6375,95.2,48.3485238699581,65.951977310881,1.05768348464572,0.645370390180314,127.05,74.9181818181818,57.1542362275099,58.6627146568337,6.3805,3.53018181818182,3.14406044539472,1.05329884711804,1.04418073353965,1.17877374986123,12.878,1.33345454545455,4.75542224728783,4.24372995923894,116.006645,48.0144981818182,9.6863760659405,0.808664223122662,0.483727931942032,0.700428338207067,399.97342,36.3491381818182,164.780030624066,112.621930629877,2.25,2.18181818181818,2.21336383940064,2.15301268319815,1.36892236074022,1.19884931291362,1,0.909090909090909,0.433012701892219,0.385694607919935,92.1,tl2ba2cu1o6,52,cuprate_Tl_based,cuprate,320000,2.1061,83.0,ARPES measured,High
5,92.26674,65.2390533333333,64.8126619740323,38.2432079662367,1.32328660934735,1.38327196628044,188.3839,24.57924,69.2326551521925,67.8973470356623,747.78,984.466666666667,702.115183963558,912.495410008807,1.54100618977138,0.98684371065202,810.6,661.026666666667,293.286136051468,357.05227379506,159.2,112.4,139.74337176418,89.1655702687942,1.50732079160841,1.56195207452127,205,20.8,67.2113085722931,75.4106977380088,5174.2858,3346.76213333333,962.364248380021,68.8996631679477,1.16506544127006,1.10644451182222,11848.571,1579.23786666667,4506.89548007568,4475.40437412919,60.484,97.0646666666667,29.1775463973801,62.9570534333801,1.11263862269811,0.687370134057524,138.63,75.742,58.4343360020459,58.4397919077594,6.8124,4.06106666666667,3.83958497592852,1.16403718539927,1.34550846737517,1.36575380665463,12.878,1.62826666666667,4.34020541449365,4.70773784977692,132.805316,75.214176,17.7474131712332,1.11989343216865,0.949904122208674,0.866400030272894,399.97342,53.3191573333333,151.16463932891,136.631480409064,2.2,2.13333333333333,2.1689435423954,2.11110011888848,1.59416669911802,1.35359135213461,1,0.933333333333333,0.4,0.339934634239519,108.7,tl2ba2ca1cu2o8,54,cuprate_Tl_based,cuprate,320000,2.1061,109.0,ARPES measured,High
4,76.4445625,51.2456653846154,59.3566724745425,34.93526616493,1.1995407452483,1.29188813799544,121.3276,14.2883192307692,43.8233541228786,44.1921252152174,794.0,1003.62307692308,741.629348855485,937.559192443233,1.31500430814302,0.890516212329374,810.6,659.715384615385,311.743492313793,342.396001400641,164.5,114.538461538462,139.000513752081,89.6851907721419,1.25670056650299,1.339742693422,205,22.6153846153846,77.5258021564434,79.2353994166121,4235.85725,2952.46176923077,669.556587809389,66.3421689582226,1.01540712310099,0.812798145814768,8958.571,2066.92284615385,3194.93894591629,3639.1292471846,77.2375,109.169230769231,53.5279646494387,86.5393772975223,1.10518217403612,0.762761032074798,127.05,74.3538461538461,54.8307552268797,49.4457143606911,8.1805,5.25030769230769,4.03556899860879,1.33691977973836,1.11209819664271,1.04292735932209,12.878,2.90353846153846,4.9481552875794,5.64855656694176,108.756645,96.3989276923077,7.55238461047956,1.09629540931362,0.336261915781173,0.203148213514574,399.97342,92.29338,168.301046773239,166.440382618967,2.25,2.07692307692308,2.21336383940064,2.06336223306145,1.36892236074022,1.20182302376485,1,0.846153846153846,0.433012701892219,0.266469355010596,94.3,y1ba2cu3o7,13,cuprate_YBCO,cuprate,273400,1.7994,86.0,ARPES measured (canonical vmid),High
4,90.2786,89.3619142857143,66.9899873428582,73.1132338048705,1.17805955801262,1.15559141095092,128.2426,36.9506571428571,53.2860956008225,46.2826186083294,773.025,726.371428571429,714.946183650756,687.869420176443,1.30457766069587,1.26744040455898,810.6,243.357142857143,325.570463763223,262.815305676742,163.0,170.714285714286,138.006405771147,152.628703542847,1.25775303954432,1.16392387651853,205,65.4285714285714,76.6452868740146,67.431900644204,4870.35725,5844.48985714286,749.188915504209,1898.13426807973,1.03449529359397,0.881047412210406,8958.571,3839.79585714286,3422.72855597441,3284.56716457698,82.3375,83.5142857142857,60.7214928257155,60.6524135059113,1.1640132003214,1.01232400511734,127.05,46.9714285714286,51.12571973821,50.3437945834561,7.1055,8.946,3.58503294864781,5.82219108421513,1.09822611287521,0.907850759951925,12.878,5.58257142857143,4.58575956085794,4.36009292168347,108.756645,179.003797142857,7.55238461047956,26.5786364903901,0.336261915781173,0.201966126461713,399.97342,171.424774285714,168.301046773239,191.475654911147,2.25,2.14285714285714,2.21336383940064,2.1192680453341,1.36892236074022,1.30952583530407,1,0.571428571428571,0.433012701892219,0.349927106111883,98.7,nd1ba2cu3o,16,cuprate_YBCO,cuprate,273400,1.7994,90.0,ARPES measured (canonical vmid),High
6,92.7233,61.89208,68.6355442633764,37.3523120327498,1.54556422227537,1.48351104737878,192.981,26.2609333333333,64.9323035465656,65.4122721080706,739.916666666667,1004.552,702.48013095726,943.171853944568,1.73447263300938,1.04136298272872,773.0,685.917333333333,267.384351428592,334.971591774586,155.666666666667,105.893333333333,140.894424794025,86.3478899129151,1.71627746325099,1.65205064802119,171,24.2666666666667,55.0868001934724,66.0164774044245,4935.0715,3090.4688,1227.12260385118,67.1924438250817,1.43360414573169,1.22352288393321,9778.571,1303.23786666667,3738.59462858633,4014.70167990704,69.5,106.745466666667,35.6744697077684,73.4456658015237,1.4264183815575,0.880572459192409,138.63,75.8452,53.2351979427146,50.7443580651966,7.71033333333333,4.87333333333333,4.7788883690211,1.30645546629061,1.59203752171726,1.44317016712761,12.878,1.62826666666667,4.10193944643533,5.22080814519064,109.00443,67.374176,13.6783153906664,0.897022621302248,0.942696665715124,0.714021562931571,399.97342,53.3191573333333,147.262920287009,136.268659095868,2.83333333333333,2.45333333333333,2.61532097202366,2.30205730361287,1.70747543516624,1.44657346882483,3,0.986666666666667,1.21335164821342,1.04935959306405,71.0,bi2sr2ca0.6ce0.4cu2o8,43,cuprate_BSCCO,cuprate,304000,2.0008,71.0,ARPES measured,High
5,83.24476,59.2244,59.5060814160275,36.126174653366,1.31151037344354,1.37205026883777,192.981,25.1921866666667,67.2338347072841,64.1963038171721,779.88,1005.86666666667,740.399332713733,945.371395526592,1.55321870407659,1.01920228760579,764.1,661.026666666667,276.063147848459,333.238432490745,149.8,106.133333333333,133.425311183972,86.4573385873277,1.51953736136792,1.57318466329146,171,16.2666666666667,58.6085318021191,66.3192949969229,4584.2858,2953.4288,874.164786339504,64.6228811852236,1.16177435651007,1.09951242220735,9778.571,1303.23786666667,4004.27323147741,3977.06081745709,73.1,105.475333333333,33.1487827641917,68.5472871662888,1.20088590631532,0.827671215145129,138.63,75.742,57.6456725175446,52.6707822695742,8.1524,4.9544,4.6464334920886,1.32187528238585,1.3929374917507,1.39581372668179,12.878,1.62826666666667,4.36102637460495,5.2534095696668,128.605316,72.414176,14.2876432915522,0.969156077634558,0.87197627698413,0.777322832630269,399.97342,53.3191573333333,154.008028485009,137.579264999148,2.6,2.4,2.40224886796286,2.25989709292424,1.5193826646423,1.36507672357122,3,0.933333333333333,1.2,1.01980390271856,86.4,bi2sr2ca1cu2o8,45,cuprate_BSCCO,cuprate,304000,2.0008,85.0,ARPES measured,High
5,83.24476,59.2244,59.5060814160275,36.126174653366,1.31151037344354,1.37205026883777,192.981,25.1921866666667,67.2338347072841,64.1963038171721,779.88,1005.86666666667,740.399332713733,945.371395526592,1.55321870407659,1.01920228760579,764.1,661.026666666667,276.063147848459,333.238432490745,149.8,106.133333333333,133.425311183972,86.4573385873277,1.51953736136792,1.57318466329146,171,16.2666666666667,58.6085318021191,66.3192949969229,4584.2858,2953.4288,874.164786339504,64.6228811852236,1.16177435651007,1.09951242220735,9778.571,1303.23786666667,4004.27323147741,3977.06081745709,73.1,105.475333333333,33.1487827641917,68.5472871662888,1.20088590631532,0.827671215145129,138.63,75.742,57.6456725175446,52.6707822695742,8.1524,4.9544,4.6464334920886,1.32187528238585,1.3929374917507,1.39581372668179,12.878,1.62826666666667,4.36102637460495,5.2534095696668,128.605316,72.414176,14.2876432915522,0.969156077634558,0.87197627698413,0.777322832630269,399.97342,53.3191573333333,154.008028485009,137.579264999148,2.6,2.4,2.40224886796286,2.25989709292424,1.5193826646423,1.36507672357122,3,0.933333333333333,1.2,1.01980390271856,93.7,bi2sr2ca1cu2o8,45,cuprate_BSCCO,cuprate,304000,2.0008,85.0,ARPES measured,High
5,83.24476,59.2244,59.5060814160275,36.126174653366,1.31151037344354,1.37205026883777,192.981,25.1921866666667,67.2338347072841,64.1963038171721,779.88,1005.86666666667,740.399332713733,945.371395526592,1.55321870407659,1.01920228760579,764.1,661.026666666667,276.063147848459,333.238432490745,149.8,106.133333333333,133.425311183972,86.4573385873277,1.51953736136792,1.57318466329146,171,16.2666666666667,58.6085318021191,66.3192949969229,4584.2858,2953.4288,874.164786339504,64.6228811852236,1.16177435651007,1.09951242220735,9778.571,1303.23786666667,4004.27323147741,3977.06081745709,73.1,105.475333333333,33.1487827641917,68.5472871662888,1.20088590631532,0.827671215145129,138.63,75.742,57.6456725175446,52.6707822695742,8.1524,4.9544,4.6464334920886,1.32187528238585,1.3929374917507,1.39581372668179,12.878,1.62826666666667,4.36102637460495,5.2534095696668,128.605316,72.414176,14.2876432915522,0.969156077634558,0.87197627698413,0.777322832630269,399.97342,53.3191573333333,154.008028485009,137.579264999148,2.6,2.4,2.40224886796286,2.25989709292424,1.5193826646423,1.36507672357122,3,0.933333333333333,1.2,1.01980390271856,85.1,bi2sr2ca1cu2o8,45,cuprate_BSCCO,cuprate,304000,2.0008,85.0,ARPES measured,High
7,99.00849,50.1578566176471,81.9543405738482,33.1341091212398,1.81672426162405,1.75902498069629,135.9646,12.5472010294118,45.6143519034873,46.1119282200011,697.757142857143,1027.76382352941,661.518889988019,960.261169301279,1.88564606622693,0.937320232978222,786.5,770.862941176471,262.156588196242,345.719434806647,181.857142857143,108.576470588235,163.961825039891,84.9198864454457,1.87143257263515,1.71506885254882,199,27.5088235294118,62.7749462568549,75.670318444061,5533.48985714286,2532.03470588235,1824.17696256613,42.7454634890252,1.73172555094364,1.48796436564794,8958.571,1053.27705882353,2991.38498855632,3458.16758975322,73.0042857142857,109.909411764706,53.9772098679111,83.7612317217996,1.74810182165766,0.845092591000226,135.97,83.6720588235294,43.1741171990623,48.2132043751975,9.97457142857143,5.16470588235294,5.79723012045047,1.1067453765557,1.64541432910015,1.54429861701205,26.578,1.55617647058824,7.76259122526829,7.19234749998591,75.2895114285714,55.9244588235294,12.2000884105228,0.623184147981923,0.891811076545053,0.619442846350236,399.97342,47.0431882352941,133.602516544105,126.619134892328,3.14285714285714,2.32647058823529,2.94471340036069,2.23458554852433,1.88230316242679,1.49016084902959,3,1.16470588235294,1.12485826771597,0.798457639500133,21.4,eu1.45pr0.05ce0.5sr2cu2nb1o10,73,cuprate_electron_doped,cuprate,230000,1.5137,21.4,ARPES measured,High
5,91.50808,78.6964909090909,64.5702746002132,63.1353145861695,1.32746464823409,1.41082162453739,184.5906,23.5140545454545,68.0098970781871,53.13476774709,831.2,733.845454545455,781.483207751268,703.959350298849,1.54798878756205,1.51481691155197,810.6,179.545454545455,295.541543611046,229.57203806465,162.2,171.545454545455,142.332972798315,159.466216363683,1.50889625036342,1.3893191829,205,48.5454545454545,67.3361715573435,54.6598799791844,5511.0858,5549.58445454545,988.282363187109,2195.69850457856,1.13937944437554,1.09173768603428,13532.571,3258.05190909091,5026.19188983534,4235.84803404319,56.644,60.5554545454545,17.2612781570872,22.0900917580564,0.954578304986785,0.793179981056318,141.0,43.4636363636364,61.4743454133511,58.7740526181156,6.4304,8.77563636363636,3.40095998408194,6.27772771502119,1.28658973786238,1.08432981623402,12.878,4.74345454545455,4.62784535610256,4.1713138822357,125.265316,204.029689090909,12.600828832253,55.2482990725471,0.810628981234087,0.681067338707487,399.97342,145.452129090909,156.163948300238,165.915541595068,2.0,2.0,2.0,2.0,1.6094379124341,1.46813993901621,0,0.545454545454545,0.0,0.0,111.0,hg1ba2ca3cu4o,63,cuprate_Hg_based,cuprate,290000,1.9086,116.0,ARPES measured,High
5,91.50808,74.5604153846154,64.5702746002132,60.9967829641764,1.32746464823409,1.41429520645945,184.5906,23.2100461538462,68.0098970781871,50.0421911407049,831.2,723.592307692308,781.483207751268,697.440090459702,1.54798878756205,1.46651573901508,810.6,209.230769230769,295.541543611046,214.71963638317,162.2,171.230769230769,142.332972798315,160.709077921962,1.50889625036342,1.34935125475696,205,56.0,67.3361715573435,51.1951828355181,5511.0858,5504.26376923077,988.282363187109,2381.87201111376,1.13937944437554,1.04806235218173,13532.571,3446.04392307692,5026.19188983534,4159.95009867977,56.644,60.76,17.2612781570872,22.0047077576298,0.954578304986785,0.734026485288205,141.0,46.0,61.4743454133511,58.6598760784445,6.4304,9.09015384615385,3.40095998408194,6.80233762849985,1.28658973786238,1.0447792799242,12.878,5.02138461538462,4.62784535610256,4.00833865155654,125.265316,218.794352307692,12.600828832253,71.0281685833782,0.810628981234087,0.676853341419722,399.97342,153.844109230769,156.163948300238,161.339179009231,2.0,2.0,2.0,2.0,1.6094379124341,1.41274463686385,0,0.615384615384615,0.0,0.0,98.0,hg1ba2ca4cu5o,64,cuprate_Hg_based,cuprate,290000,1.9086,98.0,ARPES measured,High
4,76.5177175,56.8088170714286,59.3100961333418,35.7734324182576,1.19727303349869,0.981879783570863,122.90607,34.8331599285714,44.2894585275144,52.5332069817455,787.05,1011.54071428571,734.219624171273,940.294344338809,1.31300802421591,0.786865234305601,772.0,738.578571428571,314.505965762178,353.819831451067,151.75,104.371428571429,131.302196551623,84.1108347003322,1.27527399052522,1.16005975115976,171,46.8428571428571,65.5796271718588,67.1114577035996,4434.35725,2961.47371428571,674.484751445268,53.4270174887903,0.995982779568411,0.769628332487839,8958.571,1623.48342857143,3402.85619588643,3581.84892090518,79.6075,111.779214285714,48.4772646848066,98.4119621279586,1.09667176877521,0.777657155958259,135.97,81.2886428571429,54.3730969207199,42.5578923529527,6.9055,3.83471428571429,3.47947484936327,1.03921119227177,1.08857534188499,0.96403104867923,12.878,1.74457142857143,4.59906411675245,4.6583013524026,112.006645,61.34376,8.33981834610162,0.629441022509672,0.403693221013522,0.283412116654505,399.97342,57.1276685714286,166.742351106334,138.437713993087,2.25,2.26428571428571,2.21336383940064,2.2262216392083,1.36892236074022,1.04883427304761,1,1.1,0.433012701892219,0.440952123830019,36.5,la1.85sr0.15cu1o4,29,cuprate_LSCO,cuprate,245000,1.6125,31.6,ARPES measured,High
5,91.50808,74.5604153846154,64.5702746002132,60.9967829641764,1.32746464823409,1.41429520645945,184.5906,23.2100461538462,68.0098970781871,50.0421911407049,831.2,723.592307692308,781.483207751268,697.440090459702,1.54798878756205,1.46651573901508,810.6,209.230769230769,295.541543611046,214.71963638317,162.2,171.230769230769,142.332972798315,160.709077921962,1.50889625036342,1.34935125475696,205,56.0,67.3361715573435,51.1951828355181,5511.0858,5504.26376923077,988.282363187109,2381.87201111376,1.13937944437554,1.04806235218173,13532.571,3446.04392307692,5026.19188983534,4159.95009867977,56.644,60.76,17.2612781570872,22.0047077576298,0.954578304986785,0.734026485288205,141.0,46.0,61.4743454133511,58.6598760784445,6.4304,9.09015384615385,3.40095998408194,6.80233762849985,1.28658973786238,1.0447792799242,12.878,5.02138461538462,4.62784535610256,4.00833865155654,125.265316,218.794352307692,12.600828832253,71.0281685833782,0.810628981234087,0.676853341419722,399.97342,153.844109230769,156.163948300238,161.339179009231,2.0,2.0,2.0,2.0,1.6094379124341,1.41274463686385,0,0.615384615384615,0.0,0.0,100.0,hg1ba2ca4cu5o,64,cuprate_Hg_based,cuprate,290000,1.9086,98.0,ARPES measured,High
5,91.50808,74.5604153846154,64.5702746002132,60.9967829641764,1.32746464823409,1.41429520645945,184.5906,23.2100461538462,68.0098970781871,50.0421911407049,831.2,723.592307692308,781.483207751268,697.440090459702,1.54798878756205,1.46651573901508,810.6,209.230769230769,295.541543611046,214.71963638317,162.2,171.230769230769,142.332972798315,160.709077921962,1.50889625036342,1.34935125475696,205,56.0,67.3361715573435,51.1951828355181,5511.0858,5504.26376923077,988.282363187109,2381.87201111376,1.13937944437554,1.04806235218173,13532.571,3446.04392307692,5026.19188983534,4159.95009867977,56.644,60.76,17.2612781570872,22.0047077576298,0.954578304986785,0.734026485288205,141.0,46.0,61.4743454133511,58.6598760784445,6.4304,9.09015384615385,3.40095998408194,6.80233762849985,1.28658973786238,1.0447792799242,12.878,5.02138461538462,4.62784535610256,4.00833865155654,125.265316,218.794352307692,12.600828832253,71.0281685833782,0.810628981234087,0.676853341419722,399.97342,153.844109230769,156.163948300238,161.339179009231,2.0,2.0,2.0,2.0,1.6094379124341,1.41274463686385,0,0.615384615384615,0.0,0.0,85.0,hg1ba2ca4cu5o,64,cuprate_Hg_based,cuprate,290000,1.9086,98.0,ARPES measured,High
5,91.50808,74.5604153846154,64.5702746002132,60.9967829641764,1.32746464823409,1.41429520645945,184.5906,23.2100461538462,68.0098970781871,50.0421911407049,831.2,723.592307692308,781.483207751268,697.440090459702,1.54798878756205,1.46651573901508,810.6,209.230769230769,295.541543611046,214.71963638317,162.2,171.230769230769,142.332972798315,160.709077921962,1.50889625036342,1.34935125475696,205,56.0,67.3361715573435,51.1951828355181,5511.0858,5504.26376923077,988.282363187109,2381.87201111376,1.13937944437554,1.04806235218173,13532.571,3446.04392307692,5026.19188983534,4159.95009867977,56.644,60.76,17.2612781570872,22.0047077576298,0.954578304986785,0.734026485288205,141.0,46.0,61.4743454133511,58.6598760784445,6.4304,9.09015384615385,3.40095998408194,6.80233762849985,1.28658973786238,1.0447792799242,12.878,5.02138461538462,4.62784535610256,4.00833865155654,125.265316,218.794352307692,12.600828832253,71.0281685833782,0.810628981234087,0.676853341419722,399.97342,153.844109230769,156.163948300238,161.339179009231,2.0,2.0,2.0,2.0,1.6094379124341,1.41274463686385,0,0.615384615384615,0.0,0.0,106.0,hg1ba2ca4cu5o,64,cuprate_Hg_based,cuprate,290000,1.9086,98.0,ARPES measured,High
5,91.50808,74.5604153846154,64.5702746002132,60.9967829641764,1.32746464823409,1.41429520645945,184.5906,23.2100461538462,68.0098970781871,50.0421911407049,831.2,723.592307692308,781.483207751268,697.440090459702,1.54798878756205,1.46651573901508,810.6,209.230769230769,295.541543611046,214.71963638317,162.2,171.230769230769,142.332972798315,160.709077921962,1.50889625036342,1.34935125475696,205,56.0,67.3361715573435,51.1951828355181,5511.0858,5504.26376923077,988.282363187109,2381.87201111376,1.13937944437554,1.04806235218173,13532.571,3446.04392307692,5026.19188983534,4159.95009867977,56.644,60.76,17.2612781570872,22.0047077576298,0.954578304986785,0.734026485288205,141.0,46.0,61.4743454133511,58.6598760784445,6.4304,9.09015384615385,3.40095998408194,6.80233762849985,1.28658973786238,1.0447792799242,12.878,5.02138461538462,4.62784535610256,4.00833865155654,125.265316,218.794352307692,12.600828832253,71.0281685833782,0.810628981234087,0.676853341419722,399.97342,153.844109230769,156.163948300238,161.339179009231,2.0,2.0,2.0,2.0,1.6094379124341,1.41274463686385,0,0.615384615384615,0.0,0.0,111.0,hg1ba2ca4cu5o,64,cuprate_Hg_based,cuprate,290000,1.9086,98.0,ARPES measured,High
5,91.50808,78.6964909090909,64.5702746002132,63.1353145861695,1.32746464823409,1.41082162453739,184.5906,23.5140545454545,68.0098970781871,53.13476774709,831.2,733.845454545455,781.483207751268,703.959350298849,1.54798878756205,1.51481691155197,810.6,179.545454545455,295.541543611046,229.57203806465,162.2,171.545454545455,142.332972798315,159.466216363683,1.50889625036342,1.3893191829,205,48.5454545454545,67.3361715573435,54.6598799791844,5511.0858,5549.58445454545,988.282363187109,2195.69850457856,1.13937944437554,1.09173768603428,13532.571,3258.05190909091,5026.19188983534,4235.84803404319,56.644,60.5554545454545,17.2612781570872,22.0900917580564,0.954578304986785,0.793179981056318,141.0,43.4636363636364,61.4743454133511,58.7740526181156,6.4304,8.77563636363636,3.40095998408194,6.27772771502119,1.28658973786238,1.08432981623402,12.878,4.74345454545455,4.62784535610256,4.1713138822357,125.265316,204.029689090909,12.600828832253,55.2482990725471,0.810628981234087,0.681067338707487,399.97342,145.452129090909,156.163948300238,165.915541595068,2.0,2.0,2.0,2.0,1.6094379124341,1.46813993901621,0,0.545454545454545,0.0,0.0,116.0,hg1ba2ca3cu4o,63,cuprate_Hg_based,cuprate,290000,1.9086,116.0,ARPES measured,High
5,91.50808,78.6964909090909,64.5702746002132,63.1353145861695,1.32746464823409,1.41082162453739,184.5906,23.5140545454545,68.0098970781871,53.13476774709,831.2,733.845454545455,781.483207751268,703.959350298849,1.54798878756205,1.51481691155197,810.6,179.545454545455,295.541543611046,229.57203806465,162.2,171.545454545455,142.332972798315,159.466216363683,1.50889625036342,1.3893191829,205,48.5454545454545,67.3361715573435,54.6598799791844,5511.0858,5549.58445454545,988.282363187109,2195.69850457856,1.13937944437554,1.09173768603428,13532.571,3258.05190909091,5026.19188983534,4235.84803404319,56.644,60.5554545454545,17.2612781570872,22.0900917580564,0.954578304986785,0.793179981056318,141.0,43.4636363636364,61.4743454133511,58.7740526181156,6.4304,8.77563636363636,3.40095998408194,6.27772771502119,1.28658973786238,1.08432981623402,12.878,4.74345454545455,4.62784535610256,4.1713138822357,125.265316,204.029689090909,12.600828832253,55.2482990725471,0.810628981234087,0.681067338707487,399.97342,145.452129090909,156.163948300238,165.915541595068,2.0,2.0,2.0,2.0,1.6094379124341,1.46813993901621,0,0.545454545454545,0.0,0.0,95.0,hg1ba2ca3cu4o,63,cuprate_Hg_based,cuprate,290000,1.9086,116.0,ARPES measured,High
5,91.50808,78.6964909090909,64.5702746002132,63.1353145861695,1.32746464823409,1.41082162453739,184.5906,23.5140545454545,68.0098970781871,53.13476774709,831.2,733.845454545455,781.483207751268,703.959350298849,1.54798878756205,1.51481691155197,810.6,179.545454545455,295.541543611046,229.57203806465,162.2,171.545454545455,142.332972798315,159.466216363683,1.50889625036342,1.3893191829,205,48.5454545454545,67.3361715573435,54.6598799791844,5511.0858,5549.58445454545,988.282363187109,2195.69850457856,1.13937944437554,1.09173768603428,13532.571,3258.05190909091,5026.19188983534,4235.84803404319,56.644,60.5554545454545,17.2612781570872,22.0900917580564,0.954578304986785,0.793179981056318,141.0,43.4636363636364,61.4743454133511,58.7740526181156,6.4304,8.77563636363636,3.40095998408194,6.27772771502119,1.28658973786238,1.08432981623402,12.878,4.74345454545455,4.62784535610256,4.1713138822357,125.265316,204.029689090909,12.600828832253,55.2482990725471,0.810628981234087,0.681067338707487,399.97342,145.452129090909,156.163948300238,165.915541595068,2.0,2.0,2.0,2.0,1.6094379124341,1.46813993901621,0,0.545454545454545,0.0,0.0,125.0,hg1ba2ca3cu4o,63,cuprate_Hg_based,cuprate,290000,1.9086,116.0,ARPES measured,High
5,89.33718,51.7960086666667,70.560646546108,35.1540321744147,1.444537168109,1.4127562971477,124.90825,15.939444,46.917666579537,45.2768628041014,740.52,1003.46133333333,692.541331131983,938.401607143246,1.53695955961142,0.900747781325192,810.6,683.909333333333,298.643006949769,339.884006446644,181.0,113.533333333333,155.938199338429,89.3688901229265,1.49986114126876,1.42514101361511,205,33.0133333333333,76.7932288681756,78.2243497185428,4716.6858,3242.9488,1059.40848225352,72.3725227011361,1.32393024336346,0.832780408516233,8958.571,2388.5712,3015.11065675649,3851.13953824065,72.09,112.922666666667,53.1160816531692,93.2945069498459,1.35742892856008,0.805944228762295,127.05,75.1706666666667,50.1110406996303,45.5607647677497,7.9244,5.2584,4.49255745351485,1.35355951608839,1.38083030099626,1.00020031035483,12.878,3.37493333333333,4.4553048649896,5.66052243525277,89.605316,110.054176,8.41891159935983,1.25425167944304,0.457810241617619,0.162804526088917,399.97342,106.652490666667,155.329609173008,174.964030746586,2.6,2.10666666666667,2.49146187923103,2.07858104427927,1.5649572502428,1.27397863415119,2,0.986666666666667,0.8,0.418675159149536,40.0,y0.4pr0.6ba2cu4o8,1,cuprate_YBCO,cuprate,273400,1.7994,40.5,ARPES measured (canonical vmid),High
7,76.4133,52.9874,45.7675047898486,32.4891861778769,1.55171654781239,1.63137772058094,192.3726,15.1029255555556,67.6863303411933,55.3258776178723,883.671428571429,1025.65333333333,816.449953070715,954.581644568897,1.86849615378831,1.08905454747651,899.0,713.927777777778,349.854552285806,350.194721135415,134.857142857143,107.488888888889,112.333362178264,83.880516158615,1.78390802211613,1.64954080160707,205,27.4888888888889,75.5502265694411,78.036635903977,4173.24,2437.36334444444,453.745632211167,47.3873317646376,1.39875921302373,1.40090931651629,11848.749,995.541655555556,4194.16565726115,3625.62239424921,66.9971428571429,103.082222222222,33.4779940854538,67.7683575502164,1.45901967012354,0.807919634469138,148.87,79.0722222222222,63.463356517034,58.1532807477652,19.8402857142857,8.26066666666667,4.35160366120046,1.20563627450464,0.894486715114206,1.27549816628074,104.778,4.66266666666667,35.0244207118987,21.3555661648719,91.2932014285714,59.1261647777778,7.3089039703244,0.785279430253915,1.07575472203236,0.88296698984583,399.97417,44.4441574444444,133.589916741037,124.268469830999,2.57142857142857,2.15555555555556,2.47939698673123,2.11908571494286,1.90803683450907,1.51250267220548,2,1.07777777777778,0.728431359084684,0.469304712932064,61.0,tl1sr2ba2cu2c0.8n0.2o10,50,cuprate_Tl_based,cuprate,320000,2.1061,49.0,ARPES measured,High
7,76.4133,52.9874,45.7675047898486,32.4891861778769,1.55171654781239,1.63137772058094,192.3726,15.1029255555556,67.6863303411933,55.3258776178723,883.671428571429,1025.65333333333,816.449953070715,954.581644568897,1.86849615378831,1.08905454747651,899.0,713.927777777778,349.854552285806,350.194721135415,134.857142857143,107.488888888889,112.333362178264,83.880516158615,1.78390802211613,1.64954080160707,205,27.4888888888889,75.5502265694411,78.036635903977,4173.24,2437.36334444444,453.745632211167,47.3873317646376,1.39875921302373,1.40090931651629,11848.749,995.541655555556,4194.16565726115,3625.62239424921,66.9971428571429,103.082222222222,33.4779940854538,67.7683575502164,1.45901967012354,0.807919634469138,148.87,79.0722222222222,63.463356517034,58.1532807477652,19.8402857142857,8.26066666666667,4.35160366120046,1.20563627450464,0.894486715114206,1.27549816628074,104.778,4.66266666666667,35.0244207118987,21.3555661648719,91.2932014285714,59.1261647777778,7.3089039703244,0.785279430253915,1.07575472203236,0.88296698984583,399.97417,44.4441574444444,133.589916741037,124.268469830999,2.57142857142857,2.15555555555556,2.47939698673123,2.11908571494286,1.90803683450907,1.51250267220548,2,1.07777777777778,0.728431359084684,0.469304712932064,49.0,tl1sr2ba2cu2c0.8n0.2o10,50,cuprate_Tl_based,cuprate,320000,2.1061,49.0,ARPES measured,High
4,76.4445625,52.5385905901116,59.3566724745425,35.9505339890945,1.1995407452483,1.28608725589676,121.3276,14.81245215311,43.8233541228786,44.4672978952424,794.0,992.270653907496,741.629348855485,926.044938701222,1.31500430814302,0.91625201149114,810.6,635.747527910686,311.743492313793,343.355964801318,164.5,116.979266347687,139.000513752081,91.7654744562321,1.25670056650299,1.33710624914317,205,23.444976076555,77.5258021564434,79.6252860151,4235.85725,3060.71337001595,669.556587809389,76.3713888356103,1.01540712310099,0.812670154768629,8958.571,2142.79540191388,3194.93894591629,3660.31238082406,77.2375,107.946570972887,53.5279646494387,84.9705190182277,1.10518217403612,0.782131904398332,127.05,71.8540669856459,54.8307552268797,49.9231021132042,8.1805,5.43475917065391,4.03556899860879,1.42793587681037,1.11209819664271,1.0387732511059,12.878,3.01819138755981,4.9481552875794,5.66701797296926,108.756645,99.9341174800638,7.55238461047956,1.25656132420489,0.336261915781173,0.20306386147859,399.97342,95.6799176076555,168.301046773239,168.420323556289,2.25,2.07974481658692,2.21336383940064,2.06572431181329,1.36892236074022,1.22047263384096,1,0.803827751196172,0.433012701892219,0.270897731283302,40.0,y1ba2cu3o6.54,7,cuprate_YBCO,cuprate,273400,1.7994,54.0,ARPES measured (canonical vmid),High
5,79.57161,52.1433530769231,60.1669078007508,34.821551663906,1.38820526040348,1.36847167783408,124.90825,19.8940615384615,50.9034108246628,47.0947941169011,735.32,998.724615384615,686.58802627081,929.604713952714,1.53501152093125,0.90865786151593,810.6,688.918461538461,300.993444446885,348.423825040168,177.4,115.6,153.195387254667,90.0736766723739,1.50016179873797,1.44176813621332,205,32.9538461538462,75.6692804247536,80.9354538648403,4132.2858,2962.61561538462,857.095917511493,65.3963704655526,1.22323224718034,0.864573961008938,8958.571,2066.92284615385,3277.64770460868,3708.59280378293,66.644,109.272923076923,35.0119375417732,83.0760703518335,1.21378716593468,0.770021888596818,138.63,76.6116923076923,55.4636380343014,49.7061313575352,7.3524,4.95461538461538,4.24037478843476,1.29473631577091,1.38351965094307,1.06941838835004,12.878,2.90353846153846,4.1451647783894,5.41924527158621,126.205316,101.845081538462,13.7839016024086,1.16813052150389,0.835026704071475,0.388201995586539,399.97342,92.29338,155.469670208177,166.850448170023,2.4,2.09230769230769,2.29739670999407,2.06501726859441,1.56071040904141,1.27508656877771,2,1.01538461538462,0.8,0.419636359907257,39.0,pr0.6ca0.4ba2cu3o7,5,cuprate_YBCO,cuprate,273400,1.7994,17.5,ARPES measured (canonical vmid),High
4,76.5177175,56.8088170714286,59.3100961333418,35.7734324182576,1.19727303349869,0.981879783570863,122.90607,34.8331599285714,44.2894585275144,52.5332069817455,787.05,1011.54071428571,734.219624171273,940.294344338809,1.31300802421591,0.786865234305601,772.0,738.578571428571,314.505965762178,353.819831451067,151.75,104.371428571429,131.302196551623,84.1108347003322,1.27527399052522,1.16005975115976,171,46.8428571428571,65.5796271718588,67.1114577035996,4434.35725,2961.47371428571,674.484751445268,53.4270174887903,0.995982779568411,0.769628332487839,8958.571,1623.48342857143,3402.85619588643,3581.84892090518,79.6075,111.779214285714,48.4772646848066,98.4119621279586,1.09667176877521,0.777657155958259,135.97,81.2886428571429,54.3730969207199,42.5578923529527,6.9055,3.83471428571429,3.47947484936327,1.03921119227177,1.08857534188499,0.96403104867923,12.878,1.74457142857143,4.59906411675245,4.6583013524026,112.006645,61.34376,8.33981834610162,0.629441022509672,0.403693221013522,0.283412116654505,399.97342,57.1276685714286,166.742351106334,138.437713993087,2.25,2.26428571428571,2.21336383940064,2.2262216392083,1.36892236074022,1.04883427304761,1,1.1,0.433012701892219,0.440952123830019,32.5,la1.85sr0.15cu1o4,29,cuprate_LSCO,cuprate,245000,1.6125,31.6,ARPES measured,High
4,105.313925,76.633,73.0883762545777,42.6054174665645,1.12584817902596,1.15864641056541,188.3839,31.3836909090909,71.6959238182819,75.2194799690394,787.375,982.4,733.513183093207,905.220525559067,1.31211186553251,0.877226855858847,810.6,648.509090909091,315.724764430983,367.154441123029,150.5,113.727272727273,128.740025194666,88.9630381515022,1.25878050352551,1.30036073254033,205,32.8181818181818,72.5827114401219,79.3531701939797,6080.35725,3608.05218181818,854.262665195479,67.4747244434402,0.998141383301719,0.952104272052556,11848.571,2153.766,4613.60013686521,4695.92053361497,74.6375,95.2,48.3485238699581,65.951977310881,1.05768348464572,0.645370390180314,127.05,74.9181818181818,57.1542362275099,58.6627146568337,6.3805,3.53018181818182,3.14406044539472,1.05329884711804,1.04418073353965,1.17877374986123,12.878,1.33345454545455,4.75542224728783,4.24372995923894,116.006645,48.0144981818182,9.6863760659405,0.808664223122662,0.483727931942032,0.700428338207067,399.97342,36.3491381818182,164.780030624066,112.621930629877,2.25,2.18181818181818,2.21336383940064,2.15301268319815,1.36892236074022,1.19884931291362,1,0.909090909090909,0.433012701892219,0.385694607919935,37.0,tl2ba2cu1o6,52,cuprate_Tl_based,cuprate,320000,2.1061,83.0,ARPES measured,High
6,102.8023,47.976403058104,72.8650621773034,33.1773257681594,1.51573228556122,1.74468133055186,192.981,6.75730886850153,75.3623068613437,47.6608491759031,817.566666666667,998.815596330275,779.210289914219,938.455822634598,1.74204924832065,1.10071550531589,764.1,649.109174311926,265.726317017257,331.962465411031,153.333333333333,111.241590214067,139.058606184168,90.2698832716569,1.71727966661723,1.61882600588146,171,22.4159021406728,54.0822418996189,68.1903235616362,6075.90483333333,2869.04783792049,1380.06259613015,72.6673767915728,1.39008458708247,1.26107989329283,13532.571,1643.30690214067,4948.38089310872,4020.65329095292,61.1666666666667,98.9281345565749,19.7881349960414,52.3010521127587,1.22253562476357,0.730005284517042,141.0,72.7293577981651,59.0017671110131,59.0880950448635,7.17533333333333,4.94365137614679,4.12957810594128,1.37506561036958,1.52665233862619,1.32841752931554,12.878,2.33363914373089,4.54115501705116,5.2552164700966,108.55443,102.6527182263,13.0510919028955,1.58099066526716,0.929121739136428,0.744587435757744,399.97342,73.3809209174312,147.565525033654,154.489790396421,2.5,2.09174311926605,2.32998610150143,2.05683481552058,1.70947277658421,1.45184657540271,3,0.960244648318043,1.11803398874989,0.51653901872511,107.0,hg0.5bi0.5sr2ca2cu3o8.35,47,cuprate_BSCCO,cuprate,304000,2.0008,107.0,ARPES measured,High
4,90.1422625,58.4628789285714,66.9350441753246,36.2720549072903,1.1786487477301,1.01913418487134,124.90825,34.2373932142857,53.101375326838,54.5281324904717,781.2,1007.51785714286,726.276975830068,933.241464598721,1.30963661341067,0.781677838067417,786.5,738.769285714286,319.052668065948,359.181808374028,156.25,117.385714285714,133.542493259005,89.2100968068677,1.26330558899854,1.08656171415207,199,61.3142857142857,72.2958332132634,86.0112605347434,5572.60725,3179.00942857143,868.395128395836,55.6316218883793,1.08892790263583,0.836141109574179,8958.571,1754.04057142857,3350.30285164755,3738.1444917717,91.35,113.271428571429,82.046890506221,103.94732073931,1.28520320008435,0.822660771041162,91.0,80.325,40.6431728584273,39.8077420426054,6.4305,3.93971428571429,3.24122375040231,1.05598644860201,1.06747319560728,0.925773552258418,12.878,1.75357142857143,4.58568323698879,4.71734936815416,106.006645,60.8294742857143,6.24435738721919,0.614021288835698,0.257209773933062,0.244639046719328,399.97342,57.1276685714286,169.808985016895,138.579130686535,3.0,2.57142857142857,2.82842712474619,2.43802730840895,1.32966134885476,1.08335601779317,2,1.05714285714286,1.0,0.903507902905251,18.0,pr1.85ce0.15cu1o4,76,cuprate_electron_doped,cuprate,230000,1.5137,23.2,ARPES measured,High
5,83.24476,59.2244,59.5060814160275,36.126174653366,1.31151037344354,1.37205026883777,192.981,25.1921866666667,67.2338347072841,64.1963038171721,779.88,1005.86666666667,740.399332713733,945.371395526592,1.55321870407659,1.01920228760579,764.1,661.026666666667,276.063147848459,333.238432490745,149.8,106.133333333333,133.425311183972,86.4573385873277,1.51953736136792,1.57318466329146,171,16.2666666666667,58.6085318021191,66.3192949969229,4584.2858,2953.4288,874.164786339504,64.6228811852236,1.16177435651007,1.09951242220735,9778.571,1303.23786666667,4004.27323147741,3977.06081745709,73.1,105.475333333333,33.1487827641917,68.5472871662888,1.20088590631532,0.827671215145129,138.63,75.742,57.6456725175446,52.6707822695742,8.1524,4.9544,4.6464334920886,1.32187528238585,1.3929374917507,1.39581372668179,12.878,1.62826666666667,4.36102637460495,5.2534095696668,128.605316,72.414176,14.2876432915522,0.969156077634558,0.87197627698413,0.777322832630269,399.97342,53.3191573333333,154.008028485009,137.579264999148,2.6,2.4,2.40224886796286,2.25989709292424,1.5193826646423,1.36507672357122,3,0.933333333333333,1.2,1.01980390271856,89.0,bi2sr2ca1cu2o8,45,cuprate_BSCCO,cuprate,304000,2.0008,85.0,ARPES measured,High
5,83.24476,59.2244,59.5060814160275,36.126174653366,1.31151037344354,1.37205026883777,192.981,25.1921866666667,67.2338347072841,64.1963038171721,779.88,1005.86666666667,740.399332713733,945.371395526592,1.55321870407659,1.01920228760579,764.1,661.026666666667,276.063147848459,333.238432490745,149.8,106.133333333333,133.425311183972,86.4573385873277,1.51953736136792,1.57318466329146,171,16.2666666666667,58.6085318021191,66.3192949969229,4584.2858,2953.4288,874.164786339504,64.6228811852236,1.16177435651007,1.09951242220735,9778.571,1303.23786666667,4004.27323147741,3977.06081745709,73.1,105.475333333333,33.1487827641917,68.5472871662888,1.20088590631532,0.827671215145129,138.63,75.742,57.6456725175446,52.6707822695742,8.1524,4.9544,4.6464334920886,1.32187528238585,1.3929374917507,1.39581372668179,12.878,1.62826666666667,4.36102637460495,5.2534095696668,128.605316,72.414176,14.2876432915522,0.969156077634558,0.87197627698413,0.777322832630269,399.97342,53.3191573333333,154.008028485009,137.579264999148,2.6,2.4,2.40224886796286,2.25989709292424,1.5193826646423,1.36507672357122,3,0.933333333333333,1.2,1.01980390271856,79.0,bi2sr2ca1cu2o8,45,cuprate_BSCCO,cuprate,304000,2.0008,85.0,ARPES measured,High
5,83.24476,59.2244,59.5060814160275,36.126174653366,1.31151037344354,1.37205026883777,192.981,25.1921866666667,67.2338347072841,64.1963038171721,779.88,1005.86666666667,740.399332713733,945.371395526592,1.55321870407659,1.01920228760579,764.1,661.026666666667,276.063147848459,333.238432490745,149.8,106.133333333333,133.425311183972,86.4573385873277,1.51953736136792,1.57318466329146,171,16.2666666666667,58.6085318021191,66.3192949969229,4584.2858,2953.4288,874.164786339504,64.6228811852236,1.16177435651007,1.09951242220735,9778.571,1303.23786666667,4004.27323147741,3977.06081745709,73.1,105.475333333333,33.1487827641917,68.5472871662888,1.20088590631532,0.827671215145129,138.63,75.742,57.6456725175446,52.6707822695742,8.1524,4.9544,4.6464334920886,1.32187528238585,1.3929374917507,1.39581372668179,12.878,1.62826666666667,4.36102637460495,5.2534095696668,128.605316,72.414176,14.2876432915522,0.969156077634558,0.87197627698413,0.777322832630269,399.97342,53.3191573333333,154.008028485009,137.579264999148,2.6,2.4,2.40224886796286,2.25989709292424,1.5193826646423,1.36507672357122,3,0.933333333333333,1.2,1.01980390271856,71.0,bi2sr2ca1cu2o8,45,cuprate_BSCCO,cuprate,304000,2.0008,85.0,ARPES measured,High
4,90.1422625,58.4628789285714,66.9350441753246,36.2720549072903,1.1786487477301,1.01913418487134,124.90825,34.2373932142857,53.101375326838,54.5281324904717,781.2,1007.51785714286,726.276975830068,933.241464598721,1.30963661341067,0.781677838067417,786.5,738.769285714286,319.052668065948,359.181808374028,156.25,117.385714285714,133.542493259005,89.2100968068677,1.26330558899854,1.08656171415207,199,61.3142857142857,72.2958332132634,86.0112605347434,5572.60725,3179.00942857143,868.395128395836,55.6316218883793,1.08892790263583,0.836141109574179,8958.571,1754.04057142857,3350.30285164755,3738.1444917717,91.35,113.271428571429,82.046890506221,103.94732073931,1.28520320008435,0.822660771041162,91.0,80.325,40.6431728584273,39.8077420426054,6.4305,3.93971428571429,3.24122375040231,1.05598644860201,1.06747319560728,0.925773552258418,12.878,1.75357142857143,4.58568323698879,4.71734936815416,106.006645,60.8294742857143,6.24435738721919,0.614021288835698,0.257209773933062,0.244639046719328,399.97342,57.1276685714286,169.808985016895,138.579130686535,3.0,2.57142857142857,2.82842712474619,2.43802730840895,1.32966134885476,1.08335601779317,2,1.05714285714286,1.0,0.903507902905251,12.1,pr1.85ce0.15cu1o4,76,cuprate_electron_doped,cuprate,230000,1.5137,23.2,ARPES measured,High
4,76.4445625,52.5969599041534,59.3566724745425,35.9970581411845,1.1995407452483,1.28581747864039,121.3276,14.8361142172524,43.8233541228786,44.4787938085414,794.0,991.758146964856,741.629348855485,925.528475039509,1.31500430814302,0.917404581520654,810.6,634.665495207668,311.743492313793,343.390385157958,164.5,117.08945686901,139.000513752081,91.8605192504605,1.25670056650299,1.33697142692581,205,23.482428115016,77.5258021564434,79.6410777340708,4235.85725,3065.6004057508,669.556587809389,76.8583239600605,1.01540712310099,0.812664563113845,8958.571,2146.22068051118,3194.93894591629,3661.19029620378,77.2375,107.891373801917,53.5279646494387,84.9003675509419,1.10518217403612,0.782993516657314,127.05,71.741214057508,54.8307552268797,49.943840080739,8.1805,5.44308626198083,4.03556899860879,1.43218792711617,1.11209819664271,1.03859006707249,12.878,3.02336741214057,4.9481552875794,5.66770838248165,108.756645,100.093714185304,7.55238461047956,1.26432525805241,0.336261915781173,0.203060178733802,399.97342,95.8328033865815,168.301046773239,168.507409780895,2.25,2.07987220447284,2.21336383940064,2.06583101200372,1.36892236074022,1.22128618974464,1,0.801916932907348,0.433012701892219,0.271095251573117,55.0,y1ba2cu3o6.52,6,cuprate_YBCO,cuprate,273400,1.7994,52.8,ARPES measured (canonical vmid),High
5,83.24476,59.2244,59.5060814160275,36.126174653366,1.31151037344354,1.37205026883777,192.981,25.1921866666667,67.2338347072841,64.1963038171721,779.88,1005.86666666667,740.399332713733,945.371395526592,1.55321870407659,1.01920228760579,764.1,661.026666666667,276.063147848459,333.238432490745,149.8,106.133333333333,133.425311183972,86.4573385873277,1.51953736136792,1.57318466329146,171,16.2666666666667,58.6085318021191,66.3192949969229,4584.2858,2953.4288,874.164786339504,64.6228811852236,1.16177435651007,1.09951242220735,9778.571,1303.23786666667,4004.27323147741,3977.06081745709,73.1,105.475333333333,33.1487827641917,68.5472871662888,1.20088590631532,0.827671215145129,138.63,75.742,57.6456725175446,52.6707822695742,8.1524,4.9544,4.6464334920886,1.32187528238585,1.3929374917507,1.39581372668179,12.878,1.62826666666667,4.36102637460495,5.2534095696668,128.605316,72.414176,14.2876432915522,0.969156077634558,0.87197627698413,0.777322832630269,399.97342,53.3191573333333,154.008028485009,137.579264999148,2.6,2.4,2.40224886796286,2.25989709292424,1.5193826646423,1.36507672357122,3,0.933333333333333,1.2,1.01980390271856,85.6,bi2sr2ca1cu2o8,45,cuprate_BSCCO,cuprate,304000,2.0008,85.0,ARPES measured,High
4,76.5177175,57.2484068142857,59.3100961333418,35.9150018416559,1.19727303349869,0.935318973929482,122.90607,36.7748068142857,44.2894585275144,53.0016766072158,787.05,1011.473,734.219624171273,940.177532083957,1.31300802421591,0.774005177116847,772.0,743.284285714286,314.505965762178,353.909091030249,151.75,104.165714285714,131.302196551623,84.0271940812136,1.27527399052522,1.11330715887899,171,50.3914285714286,65.5796271718588,66.7958165621477,4434.35725,2991.61085714286,674.484751445268,53.8171474962129,0.995982779568411,0.740605487633944,8958.571,1676.16342857143,3402.85619588643,3593.70509331722,79.6075,112.147528571429,48.4772646848066,100.135508626297,1.09667176877521,0.779711931612519,135.97,81.3446142857143,54.3730969207199,41.8250574728395,6.9055,3.82014285714286,3.47947484936327,1.03708543388659,1.08857534188499,0.919302767582771,12.878,1.76857142857143,4.59906411675245,4.64789654201835,112.006645,61.1551885714286,8.33981834610162,0.624120231144624,0.403693221013522,0.266761555299874,399.97342,57.1276685714286,166.742351106334,138.488443665134,2.25,2.27285714285714,2.21336383940064,2.23397214406932,1.36892236074022,1.02489171610421,1,1.11714285714286,0.433012701892219,0.445428021625245,27.9,la1.91sr0.09cu1o4,28,cuprate_LSCO,cuprate,245000,1.6125,27.9,ARPES measured,High
4,76.5177175,56.8088170714286,59.3100961333418,35.7734324182576,1.19727303349869,0.981879783570863,122.90607,34.8331599285714,44.2894585275144,52.5332069817455,787.05,1011.54071428571,734.219624171273,940.294344338809,1.31300802421591,0.786865234305601,772.0,738.578571428571,314.505965762178,353.819831451067,151.75,104.371428571429,131.302196551623,84.1108347003322,1.27527399052522,1.16005975115976,171,46.8428571428571,65.5796271718588,67.1114577035996,4434.35725,2961.47371428571,674.484751445268,53.4270174887903,0.995982779568411,0.769628332487839,8958.571,1623.48342857143,3402.85619588643,3581.84892090518,79.6075,111.779214285714,48.4772646848066,98.4119621279586,1.09667176877521,0.777657155958259,135.97,81.2886428571429,54.3730969207199,42.5578923529527,6.9055,3.83471428571429,3.47947484936327,1.03921119227177,1.08857534188499,0.96403104867923,12.878,1.74457142857143,4.59906411675245,4.6583013524026,112.006645,61.34376,8.33981834610162,0.629441022509672,0.403693221013522,0.283412116654505,399.97342,57.1276685714286,166.742351106334,138.437713993087,2.25,2.26428571428571,2.21336383940064,2.2262216392083,1.36892236074022,1.04883427304761,1,1.1,0.433012701892219,0.440952123830019,35.1,la1.85sr0.15cu1o4,29,cuprate_LSCO,cuprate,245000,1.6125,31.6,ARPES measured,High
4,97.9598,57.8657384615385,70.3033263954757,36.8028446101478,1.15307517091914,1.33852775623715,158.9674,12.5121692307692,62.0114329850553,54.566241304048,768.4,995.746153846154,708.641979880737,924.525057808176,1.30174309365185,0.87273452838423,810.6,667.592307692308,329.08115260525,352.272024731292,165.75,114.923076923077,139.812941759091,89.8461549351321,1.25570514472447,1.34174907677111,205,22.2307692307692,78.3178619473234,79.7182167565246,5578.10725,3365.46176923077,815.49564606351,70.4918161122723,1.01899345593772,0.930382622333031,9839.571,2066.92284615385,4030.69042076016,4067.58260596263,82.3375,110.738461538462,60.7214928257155,89.9629157631912,1.1640132003214,0.802321609327215,127.05,74.3538461538461,51.12571973821,47.2166412720955,10.8305,6.06569230769231,4.75646422349896,1.406268532004,1.04474296689737,1.10424386222608,21.778,2.90353846153846,7.91296978068285,7.06492357609724,108.506645,96.3220046153846,7.43878255508962,1.09119481211891,0.329500146289958,0.199852625126025,399.97342,92.29338,168.437846600662,166.477287315448,2.25,2.07692307692308,2.21336383940064,2.06336223306145,1.36892236074022,1.20182302376485,1,0.846153846153846,0.433012701892219,0.266469355010596,91.85,lu1ba2cu3o7,19,cuprate_YBCO,cuprate,273400,1.7994,91.85,ARPES measured (canonical vmid),High
4,105.313925,76.633,73.0883762545777,42.6054174665645,1.12584817902596,1.15864641056541,188.3839,31.3836909090909,71.6959238182819,75.2194799690394,787.375,982.4,733.513183093207,905.220525559067,1.31211186553251,0.877226855858847,810.6,648.509090909091,315.724764430983,367.154441123029,150.5,113.727272727273,128.740025194666,88.9630381515022,1.25878050352551,1.30036073254033,205,32.8181818181818,72.5827114401219,79.3531701939797,6080.35725,3608.05218181818,854.262665195479,67.4747244434402,0.998141383301719,0.952104272052556,11848.571,2153.766,4613.60013686521,4695.92053361497,74.6375,95.2,48.3485238699581,65.951977310881,1.05768348464572,0.645370390180314,127.05,74.9181818181818,57.1542362275099,58.6627146568337,6.3805,3.53018181818182,3.14406044539472,1.05329884711804,1.04418073353965,1.17877374986123,12.878,1.33345454545455,4.75542224728783,4.24372995923894,116.006645,48.0144981818182,9.6863760659405,0.808664223122662,0.483727931942032,0.700428338207067,399.97342,36.3491381818182,164.780030624066,112.621930629877,2.25,2.18181818181818,2.21336383940064,2.15301268319815,1.36892236074022,1.19884931291362,1,0.909090909090909,0.433012701892219,0.385694607919935,10.0,tl2ba2cu1o6,52,cuprate_Tl_based,cuprate,320000,2.1061,83.0,ARPES measured,High
4,105.313925,76.633,73.0883762545777,42.6054174665645,1.12584817902596,1.15864641056541,188.3839,31.3836909090909,71.6959238182819,75.2194799690394,787.375,982.4,733.513183093207,905.220525559067,1.31211186553251,0.877226855858847,810.6,648.509090909091,315.724764430983,367.154441123029,150.5,113.727272727273,128.740025194666,88.9630381515022,1.25878050352551,1.30036073254033,205,32.8181818181818,72.5827114401219,79.3531701939797,6080.35725,3608.05218181818,854.262665195479,67.4747244434402,0.998141383301719,0.952104272052556,11848.571,2153.766,4613.60013686521,4695.92053361497,74.6375,95.2,48.3485238699581,65.951977310881,1.05768348464572,0.645370390180314,127.05,74.9181818181818,57.1542362275099,58.6627146568337,6.3805,3.53018181818182,3.14406044539472,1.05329884711804,1.04418073353965,1.17877374986123,12.878,1.33345454545455,4.75542224728783,4.24372995923894,116.006645,48.0144981818182,9.6863760659405,0.808664223122662,0.483727931942032,0.700428338207067,399.97342,36.3491381818182,164.780030624066,112.621930629877,2.25,2.18181818181818,2.21336383940064,2.15301268319815,1.36892236074022,1.19884931291362,1,0.909090909090909,0.433012701892219,0.385694607919935,75.0,tl2ba2cu1o6,52,cuprate_Tl_based,cuprate,320000,2.1061,83.0,ARPES measured,High
6,110.790066666667,54.7097,78.4197559326135,35.6273870266119,1.53414769985031,1.65110212979533,191.2006,14.575875,75.5872352509925,54.7591641140093,811.866666666667,991.965,770.024056063059,927.751615723277,1.73786669321016,1.11067026356822,810.6,647.61,273.232914480587,337.892653848822,160.833333333333,117.5375,144.214209469418,93.5914584540764,1.70708019085757,1.59989019334542,205,29.7,61.5451505445844,75.784223910719,6482.5715,3131.6645,1484.23629213862,82.7527985644545,1.41072682359599,1.25468051922608,13532.571,1679.2855,5076.52372078846,4225.12796024691,53.3033333333333,96.67875,19.564750178291,52.1331583872565,1.20103438686753,0.699693563107594,141.0,71.175,56.6131276491789,59.5853429833,6.15366666666667,4.808875,3.59821959976163,1.37548732015063,1.50522002181601,1.23426517675831,12.878,2.396625,4.26970341150556,5.17100613849713,110.221096666667,103.11579,14.9397707821169,1.62164693082554,0.974763502961095,0.705086741846485,399.97342,74.98671,146.472835822938,156.289446879577,2.33333333333333,2.025,2.24492409661875,2.0174039675808,1.74786809746676,1.41717625533206,2,0.95,0.74535599249993,0.22220486043289,132.0,hg0.8pb0.2ba2ca2cu3o8,65,cuprate_Hg_based,cuprate,290000,1.9086,132.0,ARPES measured,High
6,110.320616666667,96.793802,78.2410666140215,74.3139153761484,1.53569548555124,1.57103041971034,188.3839,27.013722,74.9934181311582,64.9870137986459,790.816666666667,715.996,745.486816801767,685.08995203503,1.73090346720266,1.70450702127393,810.6,163.14,284.502029381553,235.658058177521,161.166666666667,169.8,144.524685587656,156.940916701914,1.70733389361897,1.58114696826081,205,45.8,61.5126454930655,56.5363599818736,6567.5715,6171.1829,1495.15859793629,2325.57059818746,1.40821838522103,1.37979468333831,13532.571,2687.8571,5160.7151571006,4426.60153830811,50.6533333333333,57.072,17.7919076956343,24.4994567830012,1.13828446183411,1.01511271299416,141.0,35.88,57.6947691640142,56.5426767671995,6.05866666666667,7.9856,3.5227039801952,5.5663599578345,1.49587843384222,1.27925329786568,12.878,3.9078,4.30562293854082,4.22950198486772,112.05443,170.540658,15.6359965328804,41.9048969681895,1.0046968499222,0.809816708989735,399.97342,119.997342,145.586010666517,165.169783676,2.16666666666667,2.14,2.13982638786733,2.11681435473951,1.77823330579971,1.6861317192327,1,0.48,0.372677996249965,0.346987031457949,118.0,tl1.4hg0.6ba2ca2cu3o,55,cuprate_Tl_based,cuprate,320000,2.1061,118.0,ARPES measured,High
5,101.62801,56.5342937254902,78.3795827660943,36.9104191987953,1.43848353860987,1.45108839303762,134.3606,18.2260160784314,52.867027892784,50.5585522698745,725.46,991.33137254902,674.697396698269,921.352184330164,1.53050010839362,0.916295881681409,810.6,682.78,306.371464728685,350.476498325506,186.2,118.094117647059,159.588184524061,91.6987965105412,1.49725721357831,1.44754814128516,205,33.8745098039216,79.5472186817365,82.5021387999996,5292.8858,3219.50947058824,1170.18896957656,74.1937240935905,1.33790338269316,0.988395429923073,8958.571,2107.47876470588,3183.85648491991,3803.00907059787,76.17,110.11568627451,58.7537238728356,89.1552310457947,1.40280858516607,0.835636402600967,127.05,74.2294117647059,47.3626815119246,47.465324278285,7.3444,5.08380392156863,4.23639507725495,1.346680773922,1.38343470416227,1.06501134947628,12.878,2.96482352941176,4.14290302082972,5.44848331124596,88.805316,97.9748560784314,7.97911704097863,1.15468593755429,0.43134791899332,0.19593499932028,399.97342,94.1035752941176,155.711322617976,167.666529770673,2.6,2.10196078431373,2.49146187923103,2.07864732044436,1.5649572502428,1.30299519701564,2,0.964705882352941,0.8,0.372321912201347,6.6,sm0.7pr0.3ba2cu3o6.75,3,cuprate_YBCO,cuprate,273400,1.7994,6.6,ARPES measured (canonical vmid),High
4,76.4445625,51.2456653846154,59.3566724745425,34.93526616493,1.1995407452483,1.29188813799544,121.3276,14.2883192307692,43.8233541228786,44.1921252152174,794.0,1003.62307692308,741.629348855485,937.559192443233,1.31500430814302,0.890516212329374,810.6,659.715384615385,311.743492313793,342.396001400641,164.5,114.538461538462,139.000513752081,89.6851907721419,1.25670056650299,1.339742693422,205,22.6153846153846,77.5258021564434,79.2353994166121,4235.85725,2952.46176923077,669.556587809389,66.3421689582226,1.01540712310099,0.812798145814768,8958.571,2066.92284615385,3194.93894591629,3639.1292471846,77.2375,109.169230769231,53.5279646494387,86.5393772975223,1.10518217403612,0.762761032074798,127.05,74.3538461538461,54.8307552268797,49.4457143606911,8.1805,5.25030769230769,4.03556899860879,1.33691977973836,1.11209819664271,1.04292735932209,12.878,2.90353846153846,4.9481552875794,5.64855656694176,108.756645,96.3989276923077,7.55238461047956,1.09629540931362,0.336261915781173,0.203148213514574,399.97342,92.29338,168.301046773239,166.440382618967,2.25,2.07692307692308,2.21336383940064,2.06336223306145,1.36892236074022,1.20182302376485,1,0.846153846153846,0.433012701892219,0.266469355010596,83.1,y1ba2cu3o7,13,cuprate_YBCO,cuprate,273400,1.7994,86.0,ARPES measured (canonical vmid),High
4,76.4445625,51.2456653846154,59.3566724745425,34.93526616493,1.1995407452483,1.29188813799544,121.3276,14.2883192307692,43.8233541228786,44.1921252152174,794.0,1003.62307692308,741.629348855485,937.559192443233,1.31500430814302,0.890516212329374,810.6,659.715384615385,311.743492313793,342.396001400641,164.5,114.538461538462,139.000513752081,89.6851907721419,1.25670056650299,1.339742693422,205,22.6153846153846,77.5258021564434,79.2353994166121,4235.85725,2952.46176923077,669.556587809389,66.3421689582226,1.01540712310099,0.812798145814768,8958.571,2066.92284615385,3194.93894591629,3639.1292471846,77.2375,109.169230769231,53.5279646494387,86.5393772975223,1.10518217403612,0.762761032074798,127.05,74.3538461538461,54.8307552268797,49.4457143606911,8.1805,5.25030769230769,4.03556899860879,1.33691977973836,1.11209819664271,1.04292735932209,12.878,2.90353846153846,4.9481552875794,5.64855656694176,108.756645,96.3989276923077,7.55238461047956,1.09629540931362,0.336261915781173,0.203148213514574,399.97342,92.29338,168.301046773239,166.440382618967,2.25,2.07692307692308,2.21336383940064,2.06336223306145,1.36892236074022,1.20182302376485,1,0.846153846153846,0.433012701892219,0.266469355010596,82.6,y1ba2cu3o7,13,cuprate_YBCO,cuprate,273400,1.7994,86.0,ARPES measured (canonical vmid),High
4,76.4445625,51.2456653846154,59.3566724745425,34.93526616493,1.1995407452483,1.29188813799544,121.3276,14.2883192307692,43.8233541228786,44.1921252152174,794.0,1003.62307692308,741.629348855485,937.559192443233,1.31500430814302,0.890516212329374,810.6,659.715384615385,311.743492313793,342.396001400641,164.5,114.538461538462,139.000513752081,89.6851907721419,1.25670056650299,1.339742693422,205,22.6153846153846,77.5258021564434,79.2353994166121,4235.85725,2952.46176923077,669.556587809389,66.3421689582226,1.01540712310099,0.812798145814768,8958.571,2066.92284615385,3194.93894591629,3639.1292471846,77.2375,109.169230769231,53.5279646494387,86.5393772975223,1.10518217403612,0.762761032074798,127.05,74.3538461538461,54.8307552268797,49.4457143606911,8.1805,5.25030769230769,4.03556899860879,1.33691977973836,1.11209819664271,1.04292735932209,12.878,2.90353846153846,4.9481552875794,5.64855656694176,108.756645,96.3989276923077,7.55238461047956,1.09629540931362,0.336261915781173,0.203148213514574,399.97342,92.29338,168.301046773239,166.440382618967,2.25,2.07692307692308,2.21336383940064,2.06336223306145,1.36892236074022,1.20182302376485,1,0.846153846153846,0.433012701892219,0.266469355010596,81.1,y1ba2cu3o7,13,cuprate_YBCO,cuprate,273400,1.7994,86.0,ARPES measured (canonical vmid),High
5,92.26674,65.2390533333333,64.8126619740323,38.2432079662367,1.32328660934735,1.38327196628044,188.3839,24.57924,69.2326551521925,67.8973470356623,747.78,984.466666666667,702.115183963558,912.495410008807,1.54100618977138,0.98684371065202,810.6,661.026666666667,293.286136051468,357.05227379506,159.2,112.4,139.74337176418,89.1655702687942,1.50732079160841,1.56195207452127,205,20.8,67.2113085722931,75.4106977380088,5174.2858,3346.76213333333,962.364248380021,68.8996631679477,1.16506544127006,1.10644451182222,11848.571,1579.23786666667,4506.89548007568,4475.40437412919,60.484,97.0646666666667,29.1775463973801,62.9570534333801,1.11263862269811,0.687370134057524,138.63,75.742,58.4343360020459,58.4397919077594,6.8124,4.06106666666667,3.83958497592852,1.16403718539927,1.34550846737517,1.36575380665463,12.878,1.62826666666667,4.34020541449365,4.70773784977692,132.805316,75.214176,17.7474131712332,1.11989343216865,0.949904122208674,0.866400030272894,399.97342,53.3191573333333,151.16463932891,136.631480409064,2.2,2.13333333333333,2.1689435423954,2.11110011888848,1.59416669911802,1.35359135213461,1,0.933333333333333,0.4,0.339934634239519,111.0,tl2ba2ca1cu2o8,54,cuprate_Tl_based,cuprate,320000,2.1061,109.0,ARPES measured,High
5,83.24476,59.2244,59.5060814160275,36.126174653366,1.31151037344354,1.37205026883777,192.981,25.1921866666667,67.2338347072841,64.1963038171721,779.88,1005.86666666667,740.399332713733,945.371395526592,1.55321870407659,1.01920228760579,764.1,661.026666666667,276.063147848459,333.238432490745,149.8,106.133333333333,133.425311183972,86.4573385873277,1.51953736136792,1.57318466329146,171,16.2666666666667,58.6085318021191,66.3192949969229,4584.2858,2953.4288,874.164786339504,64.6228811852236,1.16177435651007,1.09951242220735,9778.571,1303.23786666667,4004.27323147741,3977.06081745709,73.1,105.475333333333,33.1487827641917,68.5472871662888,1.20088590631532,0.827671215145129,138.63,75.742,57.6456725175446,52.6707822695742,8.1524,4.9544,4.6464334920886,1.32187528238585,1.3929374917507,1.39581372668179,12.878,1.62826666666667,4.36102637460495,5.2534095696668,128.605316,72.414176,14.2876432915522,0.969156077634558,0.87197627698413,0.777322832630269,399.97342,53.3191573333333,154.008028485009,137.579264999148,2.6,2.4,2.40224886796286,2.25989709292424,1.5193826646423,1.36507672357122,3,0.933333333333333,1.2,1.01980390271856,89.5,bi2sr2ca1cu2o8,45,cuprate_BSCCO,cuprate,304000,2.0008,85.0,ARPES measured,High
4,76.5177175,56.8088170714286,59.3100961333418,35.7734324182576,1.19727303349869,0.981879783570863,122.90607,34.8331599285714,44.2894585275144,52.5332069817455,787.05,1011.54071428571,734.219624171273,940.294344338809,1.31300802421591,0.786865234305601,772.0,738.578571428571,314.505965762178,353.819831451067,151.75,104.371428571429,131.302196551623,84.1108347003322,1.27527399052522,1.16005975115976,171,46.8428571428571,65.5796271718588,67.1114577035996,4434.35725,2961.47371428571,674.484751445268,53.4270174887903,0.995982779568411,0.769628332487839,8958.571,1623.48342857143,3402.85619588643,3581.84892090518,79.6075,111.779214285714,48.4772646848066,98.4119621279586,1.09667176877521,0.777657155958259,135.97,81.2886428571429,54.3730969207199,42.5578923529527,6.9055,3.83471428571429,3.47947484936327,1.03921119227177,1.08857534188499,0.96403104867923,12.878,1.74457142857143,4.59906411675245,4.6583013524026,112.006645,61.34376,8.33981834610162,0.629441022509672,0.403693221013522,0.283412116654505,399.97342,57.1276685714286,166.742351106334,138.437713993087,2.25,2.26428571428571,2.21336383940064,2.2262216392083,1.36892236074022,1.04883427304761,1,1.1,0.433012701892219,0.440952123830019,35.6,la1.85sr0.15cu1o4,29,cuprate_LSCO,cuprate,245000,1.6125,31.6,ARPES measured,High
5,83.24476,59.2244,59.5060814160275,36.126174653366,1.31151037344354,1.37205026883777,192.981,25.1921866666667,67.2338347072841,64.1963038171721,779.88,1005.86666666667,740.399332713733,945.371395526592,1.55321870407659,1.01920228760579,764.1,661.026666666667,276.063147848459,333.238432490745,149.8,106.133333333333,133.425311183972,86.4573385873277,1.51953736136792,1.57318466329146,171,16.2666666666667,58.6085318021191,66.3192949969229,4584.2858,2953.4288,874.164786339504,64.6228811852236,1.16177435651007,1.09951242220735,9778.571,1303.23786666667,4004.27323147741,3977.06081745709,73.1,105.475333333333,33.1487827641917,68.5472871662888,1.20088590631532,0.827671215145129,138.63,75.742,57.6456725175446,52.6707822695742,8.1524,4.9544,4.6464334920886,1.32187528238585,1.3929374917507,1.39581372668179,12.878,1.62826666666667,4.36102637460495,5.2534095696668,128.605316,72.414176,14.2876432915522,0.969156077634558,0.87197627698413,0.777322832630269,399.97342,53.3191573333333,154.008028485009,137.579264999148,2.6,2.4,2.40224886796286,2.25989709292424,1.5193826646423,1.36507672357122,3,0.933333333333333,1.2,1.01980390271856,75.5,bi2sr2ca1cu2o8,45,cuprate_BSCCO,cuprate,304000,2.0008,85.0,ARPES measured,High
8,116.001225,89.176706,87.8603122807378,69.0963637229851,1.87419430100835,1.64038488339446,192.981,33.102346,70.1482692075462,64.2069606558756,712.2625,722.6152,681.371124248531,698.830788875541,2.02992147273428,1.72652602103035,810.6,222.338,241.131115461589,212.203758706013,172.75,160.684,157.169257101911,149.94239025979,2.00698804177687,1.67343497768356,205,43.048,60.6583671062781,49.0537678879003,5854.678625,5575.1749,1919.38812346251,2127.81099876503,1.77370660328949,1.35547248332592,11338.571,2687.8571,4094.80407995587,3947.27713121515,58.63125,68.86966,32.2343814403165,32.1035138435774,1.68415289867538,1.23127612128372,138.63,35.867,50.0783042937508,55.2234195761581,9.179,9.21772,5.98421941093224,6.77002111054825,1.87289802647926,1.46824156752085,19.678,3.9078,5.43290272322264,3.80443940700861,88.8783225,168.972658,16.5492893934899,38.9335885098454,1.20219838799645,0.797234828446839,399.97342,119.997342,132.22525809352,166.297657587426,2.75,2.562,2.57283925640405,2.38283395115313,2.0083299225286,1.71915953516167,3,0.794,1.08972473588517,1.13408817999307,107.0,bi1.6pb0.4sr1.8ba0.2ca1.98er0.02cu3o,48,cuprate_BSCCO,cuprate,304000,2.0008,107.0,ARPES measured,High
5,91.54845,50.7669058333333,71.6347550994304,34.8221153256778,1.4368862125285,1.39661501695212,135.9646,15.7775333333333,49.4863492663785,43.9392791275178,744.58,1005.87166666667,697.800234552258,942.413825900951,1.53912481197518,0.902171630262897,810.6,691.205,295.831961762079,336.760152577304,177.8,112.45,153.863469185024,88.9514822535485,1.50304845802951,1.40333048971202,205,34.8166666666667,74.268162761711,76.5607438574104,4437.4858,3169.09546666667,1010.56061097648,71.4265611245826,1.32225165783442,0.783504822551364,8958.571,2388.5712,2885.95290730922,3803.4466578234,72.09,112.446666666667,53.1160816531692,92.2029849333243,1.35742892856008,0.79204367313668,127.05,75.1416666666667,50.1110406996303,46.3005560321784,8.4044,5.4034,4.76892411032059,1.37634049674139,1.39454112206376,1.02513180779309,12.878,3.37493333333333,4.44836120835527,5.75022201658336,89.805316,110.164176,8.5446226101046,1.26368714001029,0.464593128562998,0.166329041178432,399.97342,106.652490666667,155.231457377168,174.904082389098,2.4,2.06666666666667,2.35215804504935,2.05479931812743,1.58902691517397,1.23556911526248,1,1.01666666666667,0.489897948556636,0.249443825784929,78.0,y0.75eu0.25ba2cu4o8,15,cuprate_YBCO,cuprate,273400,1.7994,78.0,ARPES measured (canonical vmid),High
5,83.24476,59.2244,59.5060814160275,36.126174653366,1.31151037344354,1.37205026883777,192.981,25.1921866666667,67.2338347072841,64.1963038171721,779.88,1005.86666666667,740.399332713733,945.371395526592,1.55321870407659,1.01920228760579,764.1,661.026666666667,276.063147848459,333.238432490745,149.8,106.133333333333,133.425311183972,86.4573385873277,1.51953736136792,1.57318466329146,171,16.2666666666667,58.6085318021191,66.3192949969229,4584.2858,2953.4288,874.164786339504,64.6228811852236,1.16177435651007,1.09951242220735,9778.571,1303.23786666667,4004.27323147741,3977.06081745709,73.1,105.475333333333,33.1487827641917,68.5472871662888,1.20088590631532,0.827671215145129,138.63,75.742,57.6456725175446,52.6707822695742,8.1524,4.9544,4.6464334920886,1.32187528238585,1.3929374917507,1.39581372668179,12.878,1.62826666666667,4.36102637460495,5.2534095696668,128.605316,72.414176,14.2876432915522,0.969156077634558,0.87197627698413,0.777322832630269,399.97342,53.3191573333333,154.008028485009,137.579264999148,2.6,2.4,2.40224886796286,2.25989709292424,1.5193826646423,1.36507672357122,3,0.933333333333333,1.2,1.01980390271856,84.7,bi2sr2ca1cu2o8,45,cuprate_BSCCO,cuprate,304000,2.0008,85.0,ARPES measured,High
6,92.521545,98.32841175,68.5363573233143,74.5295287994083,1.54592056317014,1.30167100679299,192.981,50.245175,64.786450287745,68.569526454581,740.083333333333,736.84,702.696738624533,708.902750630425,1.73455624015476,1.62702307287127,772.0,172.7225,267.260032032892,231.145232267507,157.333333333333,156.4,142.136065302749,144.263735013872,1.71502348721567,1.56231094305045,171,44.4,56.0911955856017,51.3993190616374,4844.5715,5624.328625,1209.92889728141,1853.6898173813,1.43198701933065,1.1804314892454,9778.571,2444.821375,3701.42945203533,3892.34834942361,69.1666666666667,74.153,35.4397395157605,38.0089658749793,1.42312990955701,1.25106089693098,138.63,29.49125,53.3529929390616,53.4290314903798,7.84366666666667,9.05275,4.88828512046274,6.26007541027826,1.6001407919691,1.39070994168162,12.878,3.24725,4.04046703846089,3.89455747646636,109.337763333333,135.2033225,14.0645030382706,21.9912294514706,0.952020165801642,0.777868235138447,399.97342,99.9966775,147.042806557637,164.365177800144,2.66666666666667,2.775,2.49288287167843,2.54048876893044,1.71707598019888,1.49430474085735,3,1.175,1.10554159678513,1.29397642946075,85.3,bi2sr1.8la0.2ca1cu2o,46,cuprate_BSCCO,cuprate,304000,2.0008,85.3,ARPES measured,High
4,105.313925,76.633,73.0883762545777,42.6054174665645,1.12584817902596,1.15864641056541,188.3839,31.3836909090909,71.6959238182819,75.2194799690394,787.375,982.4,733.513183093207,905.220525559067,1.31211186553251,0.877226855858847,810.6,648.509090909091,315.724764430983,367.154441123029,150.5,113.727272727273,128.740025194666,88.9630381515022,1.25878050352551,1.30036073254033,205,32.8181818181818,72.5827114401219,79.3531701939797,6080.35725,3608.05218181818,854.262665195479,67.4747244434402,0.998141383301719,0.952104272052556,11848.571,2153.766,4613.60013686521,4695.92053361497,74.6375,95.2,48.3485238699581,65.951977310881,1.05768348464572,0.645370390180314,127.05,74.9181818181818,57.1542362275099,58.6627146568337,6.3805,3.53018181818182,3.14406044539472,1.05329884711804,1.04418073353965,1.17877374986123,12.878,1.33345454545455,4.75542224728783,4.24372995923894,116.006645,48.0144981818182,9.6863760659405,0.808664223122662,0.483727931942032,0.700428338207067,399.97342,36.3491381818182,164.780030624066,112.621930629877,2.25,2.18181818181818,2.21336383940064,2.15301268319815,1.36892236074022,1.19884931291362,1,0.909090909090909,0.433012701892219,0.385694607919935,88.9,tl2ba2cu1o6,52,cuprate_Tl_based,cuprate,320000,2.1061,83.0,ARPES measured,High
4,105.313925,76.633,73.0883762545777,42.6054174665645,1.12584817902596,1.15864641056541,188.3839,31.3836909090909,71.6959238182819,75.2194799690394,787.375,982.4,733.513183093207,905.220525559067,1.31211186553251,0.877226855858847,810.6,648.509090909091,315.724764430983,367.154441123029,150.5,113.727272727273,128.740025194666,88.9630381515022,1.25878050352551,1.30036073254033,205,32.8181818181818,72.5827114401219,79.3531701939797,6080.35725,3608.05218181818,854.262665195479,67.4747244434402,0.998141383301719,0.952104272052556,11848.571,2153.766,4613.60013686521,4695.92053361497,74.6375,95.2,48.3485238699581,65.951977310881,1.05768348464572,0.645370390180314,127.05,74.9181818181818,57.1542362275099,58.6627146568337,6.3805,3.53018181818182,3.14406044539472,1.05329884711804,1.04418073353965,1.17877374986123,12.878,1.33345454545455,4.75542224728783,4.24372995923894,116.006645,48.0144981818182,9.6863760659405,0.808664223122662,0.483727931942032,0.700428338207067,399.97342,36.3491381818182,164.780030624066,112.621930629877,2.25,2.18181818181818,2.21336383940064,2.15301268319815,1.36892236074022,1.19884931291362,1,0.909090909090909,0.433012701892219,0.385694607919935,40.0,tl2ba2cu1o6,52,cuprate_Tl_based,cuprate,320000,2.1061,83.0,ARPES measured,High
5,82.32534,67.7868644444444,59.2419468692092,57.1316289538875,1.31840099891431,1.41058077658576,188.3839,22.2285555555556,65.5176475290009,42.5055693516987,757.08,719.582222222222,714.653657764228,692.826251283453,1.54625434435204,1.46036787929236,764.1,242.184444444444,286.007883807422,225.289464456423,152.4,162.288888888889,135.767536106328,150.670686118062,1.52125788115438,1.36821023690654,171,49.4444444444444,58.5375093423012,50.0504732899022,4998.2858,5103.93655555556,908.383437367931,1781.7793832622,1.13152109263225,0.991556142803685,11848.571,3384.73011111111,4584.95795726924,3963.69954537164,58.7,64.82,24.5609809260892,26.5503386688088,1.04528364787516,0.819099522398146,138.63,44.4355555555556,59.8997792984248,59.3879168406054,6.8124,8.92911111111111,3.83958497592852,6.2904262411377,1.34550846737517,1.1024145640788,12.878,4.92422222222222,4.34020541449365,4.08804839187613,136.205316,206.402953333333,20.2718865908171,59.3290982304295,1.00735914045657,0.74518482457299,399.97342,151.108157777778,148.715540662835,164.755707506598,2.2,2.06666666666667,2.1689435423954,2.05479931812743,1.59416669911802,1.4946809887976,1,0.555555555555556,0.4,0.249443825784929,73.0,tl0.6sr2ca2cu3.4o,53,cuprate_Tl_based,cuprate,320000,2.1061,94.0,ARPES measured,High
5,82.32534,67.7868644444444,59.2419468692092,57.1316289538875,1.31840099891431,1.41058077658576,188.3839,22.2285555555556,65.5176475290009,42.5055693516987,757.08,719.582222222222,714.653657764228,692.826251283453,1.54625434435204,1.46036787929236,764.1,242.184444444444,286.007883807422,225.289464456423,152.4,162.288888888889,135.767536106328,150.670686118062,1.52125788115438,1.36821023690654,171,49.4444444444444,58.5375093423012,50.0504732899022,4998.2858,5103.93655555556,908.383437367931,1781.7793832622,1.13152109263225,0.991556142803685,11848.571,3384.73011111111,4584.95795726924,3963.69954537164,58.7,64.82,24.5609809260892,26.5503386688088,1.04528364787516,0.819099522398146,138.63,44.4355555555556,59.8997792984248,59.3879168406054,6.8124,8.92911111111111,3.83958497592852,6.2904262411377,1.34550846737517,1.1024145640788,12.878,4.92422222222222,4.34020541449365,4.08804839187613,136.205316,206.402953333333,20.2718865908171,59.3290982304295,1.00735914045657,0.74518482457299,399.97342,151.108157777778,148.715540662835,164.755707506598,2.2,2.06666666666667,2.1689435423954,2.05479931812743,1.59416669911802,1.4946809887976,1,0.555555555555556,0.4,0.249443825784929,94.0,tl0.6sr2ca2cu3.4o,53,cuprate_Tl_based,cuprate,320000,2.1061,94.0,ARPES measured,High
5,83.24476,59.2244,59.5060814160275,36.126174653366,1.31151037344354,1.37205026883777,192.981,25.1921866666667,67.2338347072841,64.1963038171721,779.88,1005.86666666667,740.399332713733,945.371395526592,1.55321870407659,1.01920228760579,764.1,661.026666666667,276.063147848459,333.238432490745,149.8,106.133333333333,133.425311183972,86.4573385873277,1.51953736136792,1.57318466329146,171,16.2666666666667,58.6085318021191,66.3192949969229,4584.2858,2953.4288,874.164786339504,64.6228811852236,1.16177435651007,1.09951242220735,9778.571,1303.23786666667,4004.27323147741,3977.06081745709,73.1,105.475333333333,33.1487827641917,68.5472871662888,1.20088590631532,0.827671215145129,138.63,75.742,57.6456725175446,52.6707822695742,8.1524,4.9544,4.6464334920886,1.32187528238585,1.3929374917507,1.39581372668179,12.878,1.62826666666667,4.36102637460495,5.2534095696668,128.605316,72.414176,14.2876432915522,0.969156077634558,0.87197627698413,0.777322832630269,399.97342,53.3191573333333,154.008028485009,137.579264999148,2.6,2.4,2.40224886796286,2.25989709292424,1.5193826646423,1.36507672357122,3,0.933333333333333,1.2,1.01980390271856,85.05,bi2sr2ca1cu2o8,45,cuprate_BSCCO,cuprate,304000,2.0008,85.0,ARPES measured,High
4,76.4445625,52.5969599041534,59.3566724745425,35.9970581411845,1.1995407452483,1.28581747864039,121.3276,14.8361142172524,43.8233541228786,44.4787938085414,794.0,991.758146964856,741.629348855485,925.528475039509,1.31500430814302,0.917404581520654,810.6,634.665495207668,311.743492313793,343.390385157958,164.5,117.08945686901,139.000513752081,91.8605192504605,1.25670056650299,1.33697142692581,205,23.482428115016,77.5258021564434,79.6410777340708,4235.85725,3065.6004057508,669.556587809389,76.8583239600605,1.01540712310099,0.812664563113845,8958.571,2146.22068051118,3194.93894591629,3661.19029620378,77.2375,107.891373801917,53.5279646494387,84.9003675509419,1.10518217403612,0.782993516657314,127.05,71.741214057508,54.8307552268797,49.943840080739,8.1805,5.44308626198083,4.03556899860879,1.43218792711617,1.11209819664271,1.03859006707249,12.878,3.02336741214057,4.9481552875794,5.66770838248165,108.756645,100.093714185304,7.55238461047956,1.26432525805241,0.336261915781173,0.203060178733802,399.97342,95.8328033865815,168.301046773239,168.507409780895,2.25,2.07987220447284,2.21336383940064,2.06583101200372,1.36892236074022,1.22128618974464,1,0.801916932907348,0.433012701892219,0.271095251573117,52.8,y1ba2cu3o6.52,6,cuprate_YBCO,cuprate,273400,1.7994,52.8,ARPES measured (canonical vmid),High
5,79.57161,52.1433530769231,60.1669078007508,34.821551663906,1.38820526040348,1.36847167783408,124.90825,19.8940615384615,50.9034108246628,47.0947941169011,735.32,998.724615384615,686.58802627081,929.604713952714,1.53501152093125,0.90865786151593,810.6,688.918461538461,300.993444446885,348.423825040168,177.4,115.6,153.195387254667,90.0736766723739,1.50016179873797,1.44176813621332,205,32.9538461538462,75.6692804247536,80.9354538648403,4132.2858,2962.61561538462,857.095917511493,65.3963704655526,1.22323224718034,0.864573961008938,8958.571,2066.92284615385,3277.64770460868,3708.59280378293,66.644,109.272923076923,35.0119375417732,83.0760703518335,1.21378716593468,0.770021888596818,138.63,76.6116923076923,55.4636380343014,49.7061313575352,7.3524,4.95461538461538,4.24037478843476,1.29473631577091,1.38351965094307,1.06941838835004,12.878,2.90353846153846,4.1451647783894,5.41924527158621,126.205316,101.845081538462,13.7839016024086,1.16813052150389,0.835026704071475,0.388201995586539,399.97342,92.29338,155.469670208177,166.850448170023,2.4,2.09230769230769,2.29739670999407,2.06501726859441,1.56071040904141,1.27508656877771,2,1.01538461538462,0.8,0.419636359907257,17.5,pr0.6ca0.4ba2cu3o7,5,cuprate_YBCO,cuprate,273400,1.7994,17.5,ARPES measured (canonical vmid),High
5,83.24476,59.2244,59.5060814160275,36.126174653366,1.31151037344354,1.37205026883777,192.981,25.1921866666667,67.2338347072841,64.1963038171721,779.88,1005.86666666667,740.399332713733,945.371395526592,1.55321870407659,1.01920228760579,764.1,661.026666666667,276.063147848459,333.238432490745,149.8,106.133333333333,133.425311183972,86.4573385873277,1.51953736136792,1.57318466329146,171,16.2666666666667,58.6085318021191,66.3192949969229,4584.2858,2953.4288,874.164786339504,64.6228811852236,1.16177435651007,1.09951242220735,9778.571,1303.23786666667,4004.27323147741,3977.06081745709,73.1,105.475333333333,33.1487827641917,68.5472871662888,1.20088590631532,0.827671215145129,138.63,75.742,57.6456725175446,52.6707822695742,8.1524,4.9544,4.6464334920886,1.32187528238585,1.3929374917507,1.39581372668179,12.878,1.62826666666667,4.36102637460495,5.2534095696668,128.605316,72.414176,14.2876432915522,0.969156077634558,0.87197627698413,0.777322832630269,399.97342,53.3191573333333,154.008028485009,137.579264999148,2.6,2.4,2.40224886796286,2.25989709292424,1.5193826646423,1.36507672357122,3,0.933333333333333,1.2,1.01980390271856,90.7,bi2sr2ca1cu2o8,45,cuprate_BSCCO,cuprate,304000,2.0008,85.0,ARPES measured,High
5,83.24476,59.2244,59.5060814160275,36.126174653366,1.31151037344354,1.37205026883777,192.981,25.1921866666667,67.2338347072841,64.1963038171721,779.88,1005.86666666667,740.399332713733,945.371395526592,1.55321870407659,1.01920228760579,764.1,661.026666666667,276.063147848459,333.238432490745,149.8,106.133333333333,133.425311183972,86.4573385873277,1.51953736136792,1.57318466329146,171,16.2666666666667,58.6085318021191,66.3192949969229,4584.2858,2953.4288,874.164786339504,64.6228811852236,1.16177435651007,1.09951242220735,9778.571,1303.23786666667,4004.27323147741,3977.06081745709,73.1,105.475333333333,33.1487827641917,68.5472871662888,1.20088590631532,0.827671215145129,138.63,75.742,57.6456725175446,52.6707822695742,8.1524,4.9544,4.6464334920886,1.32187528238585,1.3929374917507,1.39581372668179,12.878,1.62826666666667,4.36102637460495,5.2534095696668,128.605316,72.414176,14.2876432915522,0.969156077634558,0.87197627698413,0.777322832630269,399.97342,53.3191573333333,154.008028485009,137.579264999148,2.6,2.4,2.40224886796286,2.25989709292424,1.5193826646423,1.36507672357122,3,0.933333333333333,1.2,1.01980390271856,95.0,bi2sr2ca1cu2o8,45,cuprate_BSCCO,cuprate,304000,2.0008,85.0,ARPES measured,High
4,76.4445625,51.2456653846154,59.3566724745425,34.93526616493,1.1995407452483,1.29188813799544,121.3276,14.2883192307692,43.8233541228786,44.1921252152174,794.0,1003.62307692308,741.629348855485,937.559192443233,1.31500430814302,0.890516212329374,810.6,659.715384615385,311.743492313793,342.396001400641,164.5,114.538461538462,139.000513752081,89.6851907721419,1.25670056650299,1.339742693422,205,22.6153846153846,77.5258021564434,79.2353994166121,4235.85725,2952.46176923077,669.556587809389,66.3421689582226,1.01540712310099,0.812798145814768,8958.571,2066.92284615385,3194.93894591629,3639.1292471846,77.2375,109.169230769231,53.5279646494387,86.5393772975223,1.10518217403612,0.762761032074798,127.05,74.3538461538461,54.8307552268797,49.4457143606911,8.1805,5.25030769230769,4.03556899860879,1.33691977973836,1.11209819664271,1.04292735932209,12.878,2.90353846153846,4.9481552875794,5.64855656694176,108.756645,96.3989276923077,7.55238461047956,1.09629540931362,0.336261915781173,0.203148213514574,399.97342,92.29338,168.301046773239,166.440382618967,2.25,2.07692307692308,2.21336383940064,2.06336223306145,1.36892236074022,1.20182302376485,1,0.846153846153846,0.433012701892219,0.266469355010596,91.33,y1ba2cu3o7,13,cuprate_YBCO,cuprate,273400,1.7994,86.0,ARPES measured (canonical vmid),High
4,76.4445625,51.2456653846154,59.3566724745425,34.93526616493,1.1995407452483,1.29188813799544,121.3276,14.2883192307692,43.8233541228786,44.1921252152174,794.0,1003.62307692308,741.629348855485,937.559192443233,1.31500430814302,0.890516212329374,810.6,659.715384615385,311.743492313793,342.396001400641,164.5,114.538461538462,139.000513752081,89.6851907721419,1.25670056650299,1.339742693422,205,22.6153846153846,77.5258021564434,79.2353994166121,4235.85725,2952.46176923077,669.556587809389,66.3421689582226,1.01540712310099,0.812798145814768,8958.571,2066.92284615385,3194.93894591629,3639.1292471846,77.2375,109.169230769231,53.5279646494387,86.5393772975223,1.10518217403612,0.762761032074798,127.05,74.3538461538461,54.8307552268797,49.4457143606911,8.1805,5.25030769230769,4.03556899860879,1.33691977973836,1.11209819664271,1.04292735932209,12.878,2.90353846153846,4.9481552875794,5.64855656694176,108.756645,96.3989276923077,7.55238461047956,1.09629540931362,0.336261915781173,0.203148213514574,399.97342,92.29338,168.301046773239,166.440382618967,2.25,2.07692307692308,2.21336383940064,2.06336223306145,1.36892236074022,1.20182302376485,1,0.846153846153846,0.433012701892219,0.266469355010596,91.075,y1ba2cu3o7,13,cuprate_YBCO,cuprate,273400,1.7994,86.0,ARPES measured (canonical vmid),High
4,76.4445625,51.2456653846154,59.3566724745425,34.93526616493,1.1995407452483,1.29188813799544,121.3276,14.2883192307692,43.8233541228786,44.1921252152174,794.0,1003.62307692308,741.629348855485,937.559192443233,1.31500430814302,0.890516212329374,810.6,659.715384615385,311.743492313793,342.396001400641,164.5,114.538461538462,139.000513752081,89.6851907721419,1.25670056650299,1.339742693422,205,22.6153846153846,77.5258021564434,79.2353994166121,4235.85725,2952.46176923077,669.556587809389,66.3421689582226,1.01540712310099,0.812798145814768,8958.571,2066.92284615385,3194.93894591629,3639.1292471846,77.2375,109.169230769231,53.5279646494387,86.5393772975223,1.10518217403612,0.762761032074798,127.05,74.3538461538461,54.8307552268797,49.4457143606911,8.1805,5.25030769230769,4.03556899860879,1.33691977973836,1.11209819664271,1.04292735932209,12.878,2.90353846153846,4.9481552875794,5.64855656694176,108.756645,96.3989276923077,7.55238461047956,1.09629540931362,0.336261915781173,0.203148213514574,399.97342,92.29338,168.301046773239,166.440382618967,2.25,2.07692307692308,2.21336383940064,2.06336223306145,1.36892236074022,1.20182302376485,1,0.846153846153846,0.433012701892219,0.266469355010596,92.42,y1ba2cu3o7,13,cuprate_YBCO,cuprate,273400,1.7994,86.0,ARPES measured (canonical vmid),High
4,76.4445625,51.2456653846154,59.3566724745425,34.93526616493,1.1995407452483,1.29188813799544,121.3276,14.2883192307692,43.8233541228786,44.1921252152174,794.0,1003.62307692308,741.629348855485,937.559192443233,1.31500430814302,0.890516212329374,810.6,659.715384615385,311.743492313793,342.396001400641,164.5,114.538461538462,139.000513752081,89.6851907721419,1.25670056650299,1.339742693422,205,22.6153846153846,77.5258021564434,79.2353994166121,4235.85725,2952.46176923077,669.556587809389,66.3421689582226,1.01540712310099,0.812798145814768,8958.571,2066.92284615385,3194.93894591629,3639.1292471846,77.2375,109.169230769231,53.5279646494387,86.5393772975223,1.10518217403612,0.762761032074798,127.05,74.3538461538461,54.8307552268797,49.4457143606911,8.1805,5.25030769230769,4.03556899860879,1.33691977973836,1.11209819664271,1.04292735932209,12.878,2.90353846153846,4.9481552875794,5.64855656694176,108.756645,96.3989276923077,7.55238461047956,1.09629540931362,0.336261915781173,0.203148213514574,399.97342,92.29338,168.301046773239,166.440382618967,2.25,2.07692307692308,2.21336383940064,2.06336223306145,1.36892236074022,1.20182302376485,1,0.846153846153846,0.433012701892219,0.266469355010596,92.12,y1ba2cu3o7,13,cuprate_YBCO,cuprate,273400,1.7994,86.0,ARPES measured (canonical vmid),High
4,76.4445625,51.2456653846154,59.3566724745425,34.93526616493,1.1995407452483,1.29188813799544,121.3276,14.2883192307692,43.8233541228786,44.1921252152174,794.0,1003.62307692308,741.629348855485,937.559192443233,1.31500430814302,0.890516212329374,810.6,659.715384615385,311.743492313793,342.396001400641,164.5,114.538461538462,139.000513752081,89.6851907721419,1.25670056650299,1.339742693422,205,22.6153846153846,77.5258021564434,79.2353994166121,4235.85725,2952.46176923077,669.556587809389,66.3421689582226,1.01540712310099,0.812798145814768,8958.571,2066.92284615385,3194.93894591629,3639.1292471846,77.2375,109.169230769231,53.5279646494387,86.5393772975223,1.10518217403612,0.762761032074798,127.05,74.3538461538461,54.8307552268797,49.4457143606911,8.1805,5.25030769230769,4.03556899860879,1.33691977973836,1.11209819664271,1.04292735932209,12.878,2.90353846153846,4.9481552875794,5.64855656694176,108.756645,96.3989276923077,7.55238461047956,1.09629540931362,0.336261915781173,0.203148213514574,399.97342,92.29338,168.301046773239,166.440382618967,2.25,2.07692307692308,2.21336383940064,2.06336223306145,1.36892236074022,1.20182302376485,1,0.846153846153846,0.433012701892219,0.266469355010596,86.4,y1ba2cu3o7,13,cuprate_YBCO,cuprate,273400,1.7994,86.0,ARPES measured (canonical vmid),High
5,83.24476,59.2244,59.5060814160275,36.126174653366,1.31151037344354,1.37205026883777,192.981,25.1921866666667,67.2338347072841,64.1963038171721,779.88,1005.86666666667,740.399332713733,945.371395526592,1.55321870407659,1.01920228760579,764.1,661.026666666667,276.063147848459,333.238432490745,149.8,106.133333333333,133.425311183972,86.4573385873277,1.51953736136792,1.57318466329146,171,16.2666666666667,58.6085318021191,66.3192949969229,4584.2858,2953.4288,874.164786339504,64.6228811852236,1.16177435651007,1.09951242220735,9778.571,1303.23786666667,4004.27323147741,3977.06081745709,73.1,105.475333333333,33.1487827641917,68.5472871662888,1.20088590631532,0.827671215145129,138.63,75.742,57.6456725175446,52.6707822695742,8.1524,4.9544,4.6464334920886,1.32187528238585,1.3929374917507,1.39581372668179,12.878,1.62826666666667,4.36102637460495,5.2534095696668,128.605316,72.414176,14.2876432915522,0.969156077634558,0.87197627698413,0.777322832630269,399.97342,53.3191573333333,154.008028485009,137.579264999148,2.6,2.4,2.40224886796286,2.25989709292424,1.5193826646423,1.36507672357122,3,0.933333333333333,1.2,1.01980390271856,85.7,bi2sr2ca1cu2o8,45,cuprate_BSCCO,cuprate,304000,2.0008,85.0,ARPES measured,High
5,83.24476,59.2244,59.5060814160275,36.126174653366,1.31151037344354,1.37205026883777,192.981,25.1921866666667,67.2338347072841,64.1963038171721,779.88,1005.86666666667,740.399332713733,945.371395526592,1.55321870407659,1.01920228760579,764.1,661.026666666667,276.063147848459,333.238432490745,149.8,106.133333333333,133.425311183972,86.4573385873277,1.51953736136792,1.57318466329146,171,16.2666666666667,58.6085318021191,66.3192949969229,4584.2858,2953.4288,874.164786339504,64.6228811852236,1.16177435651007,1.09951242220735,9778.571,1303.23786666667,4004.27323147741,3977.06081745709,73.1,105.475333333333,33.1487827641917,68.5472871662888,1.20088590631532,0.827671215145129,138.63,75.742,57.6456725175446,52.6707822695742,8.1524,4.9544,4.6464334920886,1.32187528238585,1.3929374917507,1.39581372668179,12.878,1.62826666666667,4.36102637460495,5.2534095696668,128.605316,72.414176,14.2876432915522,0.969156077634558,0.87197627698413,0.777322832630269,399.97342,53.3191573333333,154.008028485009,137.579264999148,2.6,2.4,2.40224886796286,2.25989709292424,1.5193826646423,1.36507672357122,3,0.933333333333333,1.2,1.01980390271856,63.58,bi2sr2ca1cu2o8,45,cuprate_BSCCO,cuprate,304000,2.0008,85.0,ARPES measured,High
5,83.24476,59.2244,59.5060814160275,36.126174653366,1.31151037344354,1.37205026883777,192.981,25.1921866666667,67.2338347072841,64.1963038171721,779.88,1005.86666666667,740.399332713733,945.371395526592,1.55321870407659,1.01920228760579,764.1,661.026666666667,276.063147848459,333.238432490745,149.8,106.133333333333,133.425311183972,86.4573385873277,1.51953736136792,1.57318466329146,171,16.2666666666667,58.6085318021191,66.3192949969229,4584.2858,2953.4288,874.164786339504,64.6228811852236,1.16177435651007,1.09951242220735,9778.571,1303.23786666667,4004.27323147741,3977.06081745709,73.1,105.475333333333,33.1487827641917,68.5472871662888,1.20088590631532,0.827671215145129,138.63,75.742,57.6456725175446,52.6707822695742,8.1524,4.9544,4.6464334920886,1.32187528238585,1.3929374917507,1.39581372668179,12.878,1.62826666666667,4.36102637460495,5.2534095696668,128.605316,72.414176,14.2876432915522,0.969156077634558,0.87197627698413,0.777322832630269,399.97342,53.3191573333333,154.008028485009,137.579264999148,2.6,2.4,2.40224886796286,2.25989709292424,1.5193826646423,1.36507672357122,3,0.933333333333333,1.2,1.01980390271856,50.33,bi2sr2ca1cu2o8,45,cuprate_BSCCO,cuprate,304000,2.0008,85.0,ARPES measured,High
5,83.24476,59.2244,59.5060814160275,36.126174653366,1.31151037344354,1.37205026883777,192.981,25.1921866666667,67.2338347072841,64.1963038171721,779.88,1005.86666666667,740.399332713733,945.371395526592,1.55321870407659,1.01920228760579,764.1,661.026666666667,276.063147848459,333.238432490745,149.8,106.133333333333,133.425311183972,86.4573385873277,1.51953736136792,1.57318466329146,171,16.2666666666667,58.6085318021191,66.3192949969229,4584.2858,2953.4288,874.164786339504,64.6228811852236,1.16177435651007,1.09951242220735,9778.571,1303.23786666667,4004.27323147741,3977.06081745709,73.1,105.475333333333,33.1487827641917,68.5472871662888,1.20088590631532,0.827671215145129,138.63,75.742,57.6456725175446,52.6707822695742,8.1524,4.9544,4.6464334920886,1.32187528238585,1.3929374917507,1.39581372668179,12.878,1.62826666666667,4.36102637460495,5.2534095696668,128.605316,72.414176,14.2876432915522,0.969156077634558,0.87197627698413,0.777322832630269,399.97342,53.3191573333333,154.008028485009,137.579264999148,2.6,2.4,2.40224886796286,2.25989709292424,1.5193826646423,1.36507672357122,3,0.933333333333333,1.2,1.01980390271856,82.4,bi2sr2ca1cu2o8,45,cuprate_BSCCO,cuprate,304000,2.0008,85.0,ARPES measured,High
5,83.24476,59.2244,59.5060814160275,36.126174653366,1.31151037344354,1.37205026883777,192.981,25.1921866666667,67.2338347072841,64.1963038171721,779.88,1005.86666666667,740.399332713733,945.371395526592,1.55321870407659,1.01920228760579,764.1,661.026666666667,276.063147848459,333.238432490745,149.8,106.133333333333,133.425311183972,86.4573385873277,1.51953736136792,1.57318466329146,171,16.2666666666667,58.6085318021191,66.3192949969229,4584.2858,2953.4288,874.164786339504,64.6228811852236,1.16177435651007,1.09951242220735,9778.571,1303.23786666667,4004.27323147741,3977.06081745709,73.1,105.475333333333,33.1487827641917,68.5472871662888,1.20088590631532,0.827671215145129,138.63,75.742,57.6456725175446,52.6707822695742,8.1524,4.9544,4.6464334920886,1.32187528238585,1.3929374917507,1.39581372668179,12.878,1.62826666666667,4.36102637460495,5.2534095696668,128.605316,72.414176,14.2876432915522,0.969156077634558,0.87197627698413,0.777322832630269,399.97342,53.3191573333333,154.008028485009,137.579264999148,2.6,2.4,2.40224886796286,2.25989709292424,1.5193826646423,1.36507672357122,3,0.933333333333333,1.2,1.01980390271856,90.4,bi2sr2ca1cu2o8,45,cuprate_BSCCO,cuprate,304000,2.0008,85.0,ARPES measured,High
4,90.1422625,58.4628789285714,66.9350441753246,36.2720549072903,1.1786487477301,1.01913418487134,124.90825,34.2373932142857,53.101375326838,54.5281324904717,781.2,1007.51785714286,726.276975830068,933.241464598721,1.30963661341067,0.781677838067417,786.5,738.769285714286,319.052668065948,359.181808374028,156.25,117.385714285714,133.542493259005,89.2100968068677,1.26330558899854,1.08656171415207,199,61.3142857142857,72.2958332132634,86.0112605347434,5572.60725,3179.00942857143,868.395128395836,55.6316218883793,1.08892790263583,0.836141109574179,8958.571,1754.04057142857,3350.30285164755,3738.1444917717,91.35,113.271428571429,82.046890506221,103.94732073931,1.28520320008435,0.822660771041162,91.0,80.325,40.6431728584273,39.8077420426054,6.4305,3.93971428571429,3.24122375040231,1.05598644860201,1.06747319560728,0.925773552258418,12.878,1.75357142857143,4.58568323698879,4.71734936815416,106.006645,60.8294742857143,6.24435738721919,0.614021288835698,0.257209773933062,0.244639046719328,399.97342,57.1276685714286,169.808985016895,138.579130686535,3.0,2.57142857142857,2.82842712474619,2.43802730840895,1.32966134885476,1.08335601779317,2,1.05714285714286,1.0,0.903507902905251,20.5,pr1.85ce0.15cu1o4,76,cuprate_electron_doped,cuprate,230000,1.5137,23.2,ARPES measured,High
4,76.4445625,51.2456653846154,59.3566724745425,34.93526616493,1.1995407452483,1.29188813799544,121.3276,14.2883192307692,43.8233541228786,44.1921252152174,794.0,1003.62307692308,741.629348855485,937.559192443233,1.31500430814302,0.890516212329374,810.6,659.715384615385,311.743492313793,342.396001400641,164.5,114.538461538462,139.000513752081,89.6851907721419,1.25670056650299,1.339742693422,205,22.6153846153846,77.5258021564434,79.2353994166121,4235.85725,2952.46176923077,669.556587809389,66.3421689582226,1.01540712310099,0.812798145814768,8958.571,2066.92284615385,3194.93894591629,3639.1292471846,77.2375,109.169230769231,53.5279646494387,86.5393772975223,1.10518217403612,0.762761032074798,127.05,74.3538461538461,54.8307552268797,49.4457143606911,8.1805,5.25030769230769,4.03556899860879,1.33691977973836,1.11209819664271,1.04292735932209,12.878,2.90353846153846,4.9481552875794,5.64855656694176,108.756645,96.3989276923077,7.55238461047956,1.09629540931362,0.336261915781173,0.203148213514574,399.97342,92.29338,168.301046773239,166.440382618967,2.25,2.07692307692308,2.21336383940064,2.06336223306145,1.36892236074022,1.20182302376485,1,0.846153846153846,0.433012701892219,0.266469355010596,88.3,y1ba2cu3o7,13,cuprate_YBCO,cuprate,273400,1.7994,86.0,ARPES measured (canonical vmid),High
4,76.4445625,51.2456653846154,59.3566724745425,34.93526616493,1.1995407452483,1.29188813799544,121.3276,14.2883192307692,43.8233541228786,44.1921252152174,794.0,1003.62307692308,741.629348855485,937.559192443233,1.31500430814302,0.890516212329374,810.6,659.715384615385,311.743492313793,342.396001400641,164.5,114.538461538462,139.000513752081,89.6851907721419,1.25670056650299,1.339742693422,205,22.6153846153846,77.5258021564434,79.2353994166121,4235.85725,2952.46176923077,669.556587809389,66.3421689582226,1.01540712310099,0.812798145814768,8958.571,2066.92284615385,3194.93894591629,3639.1292471846,77.2375,109.169230769231,53.5279646494387,86.5393772975223,1.10518217403612,0.762761032074798,127.05,74.3538461538461,54.8307552268797,49.4457143606911,8.1805,5.25030769230769,4.03556899860879,1.33691977973836,1.11209819664271,1.04292735932209,12.878,2.90353846153846,4.9481552875794,5.64855656694176,108.756645,96.3989276923077,7.55238461047956,1.09629540931362,0.336261915781173,0.203148213514574,399.97342,92.29338,168.301046773239,166.440382618967,2.25,2.07692307692308,2.21336383940064,2.06336223306145,1.36892236074022,1.20182302376485,1,0.846153846153846,0.433012701892219,0.266469355010596,86.7,y1ba2cu3o7,13,cuprate_YBCO,cuprate,273400,1.7994,86.0,ARPES measured (canonical vmid),High
5,84.51936,59.3392474,65.504649896822,36.4940493053503,1.41594542081702,1.01653585662443,128.2426,38.0624066,49.9191888272876,55.8638153431617,773.18,1008.80405714286,729.601077440467,935.517536124536,1.54768113872807,0.787554473401637,781.6,749.606657142857,285.100244826272,357.456826988494,146.6,106.554,131.633640171501,85.0339310549197,1.52710428419145,1.14159295485349,158,54.2938571428571,54.2829623362616,70.1155144722927,6313.6858,3276.74314285714,1398.42742399335,56.4342952714054,1.37786197926087,0.844770575182478,8958.571,1851.82628571429,3292.52927508421,3831.00840876757,95.78,113.265028571429,87.5485330305086,103.941618842022,1.52820701975853,0.828625985777146,91.0,81.3150714285714,37.4164883440443,39.8071903034656,8.6244,3.99667142857143,4.55150213773657,1.06428071258231,1.31534535728777,0.947918072487748,16.978,1.85922857142857,5.93730422329865,4.76083828819322,103.805316,61.5776171428571,11.2589941468469,0.658159520418698,0.700179525238662,0.299334873272543,399.97342,56.7276685714286,151.534341030142,137.81361600522,2.6,2.30714285714286,2.49146187923103,2.25953484237817,1.5649572502428,1.10120840246904,2,1.14085714285714,0.8,0.505631550940131,8.0,nd1.85ce0.15cu0.993ni0.007o4,69,cuprate_electron_doped,cuprate,230000,1.5137,5.6,ARPES measured,High
5,84.51936,59.3392474,65.504649896822,36.4940493053503,1.41594542081702,1.01653585662443,128.2426,38.0624066,49.9191888272876,55.8638153431617,773.18,1008.80405714286,729.601077440467,935.517536124536,1.54768113872807,0.787554473401637,781.6,749.606657142857,285.100244826272,357.456826988494,146.6,106.554,131.633640171501,85.0339310549197,1.52710428419145,1.14159295485349,158,54.2938571428571,54.2829623362616,70.1155144722927,6313.6858,3276.74314285714,1398.42742399335,56.4342952714054,1.37786197926087,0.844770575182478,8958.571,1851.82628571429,3292.52927508421,3831.00840876757,95.78,113.265028571429,87.5485330305086,103.941618842022,1.52820701975853,0.828625985777146,91.0,81.3150714285714,37.4164883440443,39.8071903034656,8.6244,3.99667142857143,4.55150213773657,1.06428071258231,1.31534535728777,0.947918072487748,16.978,1.85922857142857,5.93730422329865,4.76083828819322,103.805316,61.5776171428571,11.2589941468469,0.658159520418698,0.700179525238662,0.299334873272543,399.97342,56.7276685714286,151.534341030142,137.81361600522,2.6,2.30714285714286,2.49146187923103,2.25953484237817,1.5649572502428,1.10120840246904,2,1.14085714285714,0.8,0.505631550940131,5.5,nd1.85ce0.15cu0.993ni0.007o4,69,cuprate_electron_doped,cuprate,230000,1.5137,5.6,ARPES measured,High
5,85.85668,59.34541,66.9334575043563,36.497690128732,1.42390643320694,1.01558606412744,128.2426,38.0744,49.2950704092164,55.864089812666,807.1,1008.92771428571,760.488703502938,935.659257496961,1.54873815259953,0.787289558180936,781.6,749.695857142857,288.748492636758,357.391265906435,145.2,106.547857142857,130.372894152888,85.0303472980504,1.52628307024617,1.13928310846525,158,54.3414285714286,54.2932776686028,70.112077589953,5960.0858,3275.49514285714,1337.89962752856,56.4254717020927,1.37991779980205,0.838669591321706,8958.571,1851.82628571429,3083.20966932944,3829.46494401351,73.38,113.186857142857,36.8525846907777,103.622534009701,1.30651298781138,0.821963466696801,141.0,81.4275,51.119248820772,39.9191840577527,6.6544,3.98846428571429,3.83978165582791,1.06355183274335,1.36114419899016,0.932830407098207,12.878,1.87117857142857,4.12156735235517,4.74582925150482,109.605316,61.6866171428571,11.8994685113644,0.658568117099081,0.749057057360513,0.298396165477379,399.97342,56.8419542857143,151.488200351841,137.937942404898,2.6,2.30714285714286,2.49146187923103,2.25953484237817,1.5649572502428,1.09994161700839,2,1.14142857142857,0.8,0.505631550940131,18.0,nd1.85ce0.15cu0.995zn0.005o4,72,cuprate_electron_doped,cuprate,230000,1.5137,18.0,ARPES measured,High
5,85.85668,59.34672,66.9334575043563,36.4984318826895,1.42390643320694,1.01944221898727,128.2426,38.0277,49.2950704092164,55.8642098034807,807.1,1009.04257142857,760.488703502938,935.789880845386,1.54873815259953,0.790476282079376,781.6,749.048857142857,288.748492636758,357.332261090774,145.2,106.545714285714,130.372894152888,85.0290775199092,1.52628307024617,1.14396177645205,158,54.24,54.2932776686028,70.1109481683227,5960.0858,3274.19514285714,1337.89962752856,56.416321141467,1.37991779980205,0.846619685417355,8958.571,1851.82628571429,3083.20966932944,3827.84356456737,73.38,113.102285714286,36.8525846907777,103.298762086622,1.30651298781138,0.821248740627388,141.0,81.4264285714286,51.119248820772,40.0301371530225,6.6544,3.98435714285714,3.83978165582791,1.06311289528896,1.36114419899016,0.94022863855305,12.878,1.86592857142857,4.12156735235517,4.7404271674177,109.605316,61.4866171428571,11.8994685113644,0.658002004769072,0.749057057360513,0.307614078012508,399.97342,56.55624,151.488200351841,137.649956780793,2.6,2.30714285714286,2.49146187923103,2.25953484237817,1.5649572502428,1.10297845520129,2,1.14,0.8,0.505631550940131,15.5,nd1.85ce0.15cu0.99zn0.01o4,71,cuprate_electron_doped,cuprate,230000,1.5137,15.1,ARPES measured,High
5,89.33718,51.7960086666667,70.560646546108,35.1540321744147,1.444537168109,1.4127562971477,124.90825,15.939444,46.917666579537,45.2768628041014,740.52,1003.46133333333,692.541331131983,938.401607143246,1.53695955961142,0.900747781325192,810.6,683.909333333333,298.643006949769,339.884006446644,181.0,113.533333333333,155.938199338429,89.3688901229265,1.49986114126876,1.42514101361511,205,33.0133333333333,76.7932288681756,78.2243497185428,4716.6858,3242.9488,1059.40848225352,72.3725227011361,1.32393024336346,0.832780408516233,8958.571,2388.5712,3015.11065675649,3851.13953824065,72.09,112.922666666667,53.1160816531692,93.2945069498459,1.35742892856008,0.805944228762295,127.05,75.1706666666667,50.1110406996303,45.5607647677497,7.9244,5.2584,4.49255745351485,1.35355951608839,1.38083030099626,1.00020031035483,12.878,3.37493333333333,4.4553048649896,5.66052243525277,89.605316,110.054176,8.41891159935983,1.25425167944304,0.457810241617619,0.162804526088917,399.97342,106.652490666667,155.329609173008,174.964030746586,2.6,2.10666666666667,2.49146187923103,2.07858104427927,1.5649572502428,1.27397863415119,2,0.986666666666667,0.8,0.418675159149536,40.5,y0.4pr0.6ba2cu4o8,1,cuprate_YBCO,cuprate,273400,1.7994,40.5,ARPES measured (canonical vmid),High
5,83.24476,59.2244,59.5060814160275,36.126174653366,1.31151037344354,1.37205026883777,192.981,25.1921866666667,67.2338347072841,64.1963038171721,779.88,1005.86666666667,740.399332713733,945.371395526592,1.55321870407659,1.01920228760579,764.1,661.026666666667,276.063147848459,333.238432490745,149.8,106.133333333333,133.425311183972,86.4573385873277,1.51953736136792,1.57318466329146,171,16.2666666666667,58.6085318021191,66.3192949969229,4584.2858,2953.4288,874.164786339504,64.6228811852236,1.16177435651007,1.09951242220735,9778.571,1303.23786666667,4004.27323147741,3977.06081745709,73.1,105.475333333333,33.1487827641917,68.5472871662888,1.20088590631532,0.827671215145129,138.63,75.742,57.6456725175446,52.6707822695742,8.1524,4.9544,4.6464334920886,1.32187528238585,1.3929374917507,1.39581372668179,12.878,1.62826666666667,4.36102637460495,5.2534095696668,128.605316,72.414176,14.2876432915522,0.969156077634558,0.87197627698413,0.777322832630269,399.97342,53.3191573333333,154.008028485009,137.579264999148,2.6,2.4,2.40224886796286,2.25989709292424,1.5193826646423,1.36507672357122,3,0.933333333333333,1.2,1.01980390271856,81.8,bi2sr2ca1cu2o8,45,cuprate_BSCCO,cuprate,304000,2.0008,85.0,ARPES measured,High
4,76.4445625,51.2456653846154,59.3566724745425,34.93526616493,1.1995407452483,1.29188813799544,121.3276,14.2883192307692,43.8233541228786,44.1921252152174,794.0,1003.62307692308,741.629348855485,937.559192443233,1.31500430814302,0.890516212329374,810.6,659.715384615385,311.743492313793,342.396001400641,164.5,114.538461538462,139.000513752081,89.6851907721419,1.25670056650299,1.339742693422,205,22.6153846153846,77.5258021564434,79.2353994166121,4235.85725,2952.46176923077,669.556587809389,66.3421689582226,1.01540712310099,0.812798145814768,8958.571,2066.92284615385,3194.93894591629,3639.1292471846,77.2375,109.169230769231,53.5279646494387,86.5393772975223,1.10518217403612,0.762761032074798,127.05,74.3538461538461,54.8307552268797,49.4457143606911,8.1805,5.25030769230769,4.03556899860879,1.33691977973836,1.11209819664271,1.04292735932209,12.878,2.90353846153846,4.9481552875794,5.64855656694176,108.756645,96.3989276923077,7.55238461047956,1.09629540931362,0.336261915781173,0.203148213514574,399.97342,92.29338,168.301046773239,166.440382618967,2.25,2.07692307692308,2.21336383940064,2.06336223306145,1.36892236074022,1.20182302376485,1,0.846153846153846,0.433012701892219,0.266469355010596,90.8,y1ba2cu3o7,13,cuprate_YBCO,cuprate,273400,1.7994,86.0,ARPES measured (canonical vmid),High
4,76.4445625,51.2456653846154,59.3566724745425,34.93526616493,1.1995407452483,1.29188813799544,121.3276,14.2883192307692,43.8233541228786,44.1921252152174,794.0,1003.62307692308,741.629348855485,937.559192443233,1.31500430814302,0.890516212329374,810.6,659.715384615385,311.743492313793,342.396001400641,164.5,114.538461538462,139.000513752081,89.6851907721419,1.25670056650299,1.339742693422,205,22.6153846153846,77.5258021564434,79.2353994166121,4235.85725,2952.46176923077,669.556587809389,66.3421689582226,1.01540712310099,0.812798145814768,8958.571,2066.92284615385,3194.93894591629,3639.1292471846,77.2375,109.169230769231,53.5279646494387,86.5393772975223,1.10518217403612,0.762761032074798,127.05,74.3538461538461,54.8307552268797,49.4457143606911,8.1805,5.25030769230769,4.03556899860879,1.33691977973836,1.11209819664271,1.04292735932209,12.878,2.90353846153846,4.9481552875794,5.64855656694176,108.756645,96.3989276923077,7.55238461047956,1.09629540931362,0.336261915781173,0.203148213514574,399.97342,92.29338,168.301046773239,166.440382618967,2.25,2.07692307692308,2.21336383940064,2.06336223306145,1.36892236074022,1.20182302376485,1,0.846153846153846,0.433012701892219,0.266469355010596,88.6,y1ba2cu3o7,13,cuprate_YBCO,cuprate,273400,1.7994,86.0,ARPES measured (canonical vmid),High
4,105.313925,76.633,73.0883762545777,42.6054174665645,1.12584817902596,1.15864641056541,188.3839,31.3836909090909,71.6959238182819,75.2194799690394,787.375,982.4,733.513183093207,905.220525559067,1.31211186553251,0.877226855858847,810.6,648.509090909091,315.724764430983,367.154441123029,150.5,113.727272727273,128.740025194666,88.9630381515022,1.25878050352551,1.30036073254033,205,32.8181818181818,72.5827114401219,79.3531701939797,6080.35725,3608.05218181818,854.262665195479,67.4747244434402,0.998141383301719,0.952104272052556,11848.571,2153.766,4613.60013686521,4695.92053361497,74.6375,95.2,48.3485238699581,65.951977310881,1.05768348464572,0.645370390180314,127.05,74.9181818181818,57.1542362275099,58.6627146568337,6.3805,3.53018181818182,3.14406044539472,1.05329884711804,1.04418073353965,1.17877374986123,12.878,1.33345454545455,4.75542224728783,4.24372995923894,116.006645,48.0144981818182,9.6863760659405,0.808664223122662,0.483727931942032,0.700428338207067,399.97342,36.3491381818182,164.780030624066,112.621930629877,2.25,2.18181818181818,2.21336383940064,2.15301268319815,1.36892236074022,1.19884931291362,1,0.909090909090909,0.433012701892219,0.385694607919935,60.0,tl2ba2cu1o6,52,cuprate_Tl_based,cuprate,320000,2.1061,83.0,ARPES measured,High
4,76.4445625,51.2456653846154,59.3566724745425,34.93526616493,1.1995407452483,1.29188813799544,121.3276,14.2883192307692,43.8233541228786,44.1921252152174,794.0,1003.62307692308,741.629348855485,937.559192443233,1.31500430814302,0.890516212329374,810.6,659.715384615385,311.743492313793,342.396001400641,164.5,114.538461538462,139.000513752081,89.6851907721419,1.25670056650299,1.339742693422,205,22.6153846153846,77.5258021564434,79.2353994166121,4235.85725,2952.46176923077,669.556587809389,66.3421689582226,1.01540712310099,0.812798145814768,8958.571,2066.92284615385,3194.93894591629,3639.1292471846,77.2375,109.169230769231,53.5279646494387,86.5393772975223,1.10518217403612,0.762761032074798,127.05,74.3538461538461,54.8307552268797,49.4457143606911,8.1805,5.25030769230769,4.03556899860879,1.33691977973836,1.11209819664271,1.04292735932209,12.878,2.90353846153846,4.9481552875794,5.64855656694176,108.756645,96.3989276923077,7.55238461047956,1.09629540931362,0.336261915781173,0.203148213514574,399.97342,92.29338,168.301046773239,166.440382618967,2.25,2.07692307692308,2.21336383940064,2.06336223306145,1.36892236074022,1.20182302376485,1,0.846153846153846,0.433012701892219,0.266469355010596,65.0,y1ba2cu3o7,13,cuprate_YBCO,cuprate,273400,1.7994,86.0,ARPES measured (canonical vmid),High
4,76.4445625,51.2456653846154,59.3566724745425,34.93526616493,1.1995407452483,1.29188813799544,121.3276,14.2883192307692,43.8233541228786,44.1921252152174,794.0,1003.62307692308,741.629348855485,937.559192443233,1.31500430814302,0.890516212329374,810.6,659.715384615385,311.743492313793,342.396001400641,164.5,114.538461538462,139.000513752081,89.6851907721419,1.25670056650299,1.339742693422,205,22.6153846153846,77.5258021564434,79.2353994166121,4235.85725,2952.46176923077,669.556587809389,66.3421689582226,1.01540712310099,0.812798145814768,8958.571,2066.92284615385,3194.93894591629,3639.1292471846,77.2375,109.169230769231,53.5279646494387,86.5393772975223,1.10518217403612,0.762761032074798,127.05,74.3538461538461,54.8307552268797,49.4457143606911,8.1805,5.25030769230769,4.03556899860879,1.33691977973836,1.11209819664271,1.04292735932209,12.878,2.90353846153846,4.9481552875794,5.64855656694176,108.756645,96.3989276923077,7.55238461047956,1.09629540931362,0.336261915781173,0.203148213514574,399.97342,92.29338,168.301046773239,166.440382618967,2.25,2.07692307692308,2.21336383940064,2.06336223306145,1.36892236074022,1.20182302376485,1,0.846153846153846,0.433012701892219,0.266469355010596,63.0,y1ba2cu3o7,13,cuprate_YBCO,cuprate,273400,1.7994,86.0,ARPES measured (canonical vmid),High
4,90.1422625,58.4628789285714,66.9350441753246,36.2720549072903,1.1786487477301,1.01913418487134,124.90825,34.2373932142857,53.101375326838,54.5281324904717,781.2,1007.51785714286,726.276975830068,933.241464598721,1.30963661341067,0.781677838067417,786.5,738.769285714286,319.052668065948,359.181808374028,156.25,117.385714285714,133.542493259005,89.2100968068677,1.26330558899854,1.08656171415207,199,61.3142857142857,72.2958332132634,86.0112605347434,5572.60725,3179.00942857143,868.395128395836,55.6316218883793,1.08892790263583,0.836141109574179,8958.571,1754.04057142857,3350.30285164755,3738.1444917717,91.35,113.271428571429,82.046890506221,103.94732073931,1.28520320008435,0.822660771041162,91.0,80.325,40.6431728584273,39.8077420426054,6.4305,3.93971428571429,3.24122375040231,1.05598644860201,1.06747319560728,0.925773552258418,12.878,1.75357142857143,4.58568323698879,4.71734936815416,106.006645,60.8294742857143,6.24435738721919,0.614021288835698,0.257209773933062,0.244639046719328,399.97342,57.1276685714286,169.808985016895,138.579130686535,3.0,2.57142857142857,2.82842712474619,2.43802730840895,1.32966134885476,1.08335601779317,2,1.05714285714286,1.0,0.903507902905251,22.1,pr1.85ce0.15cu1o4,76,cuprate_electron_doped,cuprate,230000,1.5137,23.2,ARPES measured,High
4,76.4445625,51.2456653846154,59.3566724745425,34.93526616493,1.1995407452483,1.29188813799544,121.3276,14.2883192307692,43.8233541228786,44.1921252152174,794.0,1003.62307692308,741.629348855485,937.559192443233,1.31500430814302,0.890516212329374,810.6,659.715384615385,311.743492313793,342.396001400641,164.5,114.538461538462,139.000513752081,89.6851907721419,1.25670056650299,1.339742693422,205,22.6153846153846,77.5258021564434,79.2353994166121,4235.85725,2952.46176923077,669.556587809389,66.3421689582226,1.01540712310099,0.812798145814768,8958.571,2066.92284615385,3194.93894591629,3639.1292471846,77.2375,109.169230769231,53.5279646494387,86.5393772975223,1.10518217403612,0.762761032074798,127.05,74.3538461538461,54.8307552268797,49.4457143606911,8.1805,5.25030769230769,4.03556899860879,1.33691977973836,1.11209819664271,1.04292735932209,12.878,2.90353846153846,4.9481552875794,5.64855656694176,108.756645,96.3989276923077,7.55238461047956,1.09629540931362,0.336261915781173,0.203148213514574,399.97342,92.29338,168.301046773239,166.440382618967,2.25,2.07692307692308,2.21336383940064,2.06336223306145,1.36892236074022,1.20182302376485,1,0.846153846153846,0.433012701892219,0.266469355010596,78.0,y1ba2cu3o7,13,cuprate_YBCO,cuprate,273400,1.7994,86.0,ARPES measured (canonical vmid),High
4,76.4445625,51.2456653846154,59.3566724745425,34.93526616493,1.1995407452483,1.29188813799544,121.3276,14.2883192307692,43.8233541228786,44.1921252152174,794.0,1003.62307692308,741.629348855485,937.559192443233,1.31500430814302,0.890516212329374,810.6,659.715384615385,311.743492313793,342.396001400641,164.5,114.538461538462,139.000513752081,89.6851907721419,1.25670056650299,1.339742693422,205,22.6153846153846,77.5258021564434,79.2353994166121,4235.85725,2952.46176923077,669.556587809389,66.3421689582226,1.01540712310099,0.812798145814768,8958.571,2066.92284615385,3194.93894591629,3639.1292471846,77.2375,109.169230769231,53.5279646494387,86.5393772975223,1.10518217403612,0.762761032074798,127.05,74.3538461538461,54.8307552268797,49.4457143606911,8.1805,5.25030769230769,4.03556899860879,1.33691977973836,1.11209819664271,1.04292735932209,12.878,2.90353846153846,4.9481552875794,5.64855656694176,108.756645,96.3989276923077,7.55238461047956,1.09629540931362,0.336261915781173,0.203148213514574,399.97342,92.29338,168.301046773239,166.440382618967,2.25,2.07692307692308,2.21336383940064,2.06336223306145,1.36892236074022,1.20182302376485,1,0.846153846153846,0.433012701892219,0.266469355010596,60.0,y1ba2cu3o7,13,cuprate_YBCO,cuprate,273400,1.7994,86.0,ARPES measured (canonical vmid),High
4,76.4445625,51.2456653846154,59.3566724745425,34.93526616493,1.1995407452483,1.29188813799544,121.3276,14.2883192307692,43.8233541228786,44.1921252152174,794.0,1003.62307692308,741.629348855485,937.559192443233,1.31500430814302,0.890516212329374,810.6,659.715384615385,311.743492313793,342.396001400641,164.5,114.538461538462,139.000513752081,89.6851907721419,1.25670056650299,1.339742693422,205,22.6153846153846,77.5258021564434,79.2353994166121,4235.85725,2952.46176923077,669.556587809389,66.3421689582226,1.01540712310099,0.812798145814768,8958.571,2066.92284615385,3194.93894591629,3639.1292471846,77.2375,109.169230769231,53.5279646494387,86.5393772975223,1.10518217403612,0.762761032074798,127.05,74.3538461538461,54.8307552268797,49.4457143606911,8.1805,5.25030769230769,4.03556899860879,1.33691977973836,1.11209819664271,1.04292735932209,12.878,2.90353846153846,4.9481552875794,5.64855656694176,108.756645,96.3989276923077,7.55238461047956,1.09629540931362,0.336261915781173,0.203148213514574,399.97342,92.29338,168.301046773239,166.440382618967,2.25,2.07692307692308,2.21336383940064,2.06336223306145,1.36892236074022,1.20182302376485,1,0.846153846153846,0.433012701892219,0.266469355010596,52.0,y1ba2cu3o7,13,cuprate_YBCO,cuprate,273400,1.7994,86.0,ARPES measured (canonical vmid),High
4,76.4445625,52.5385905901116,59.3566724745425,35.9505339890945,1.1995407452483,1.28608725589676,121.3276,14.81245215311,43.8233541228786,44.4672978952424,794.0,992.270653907496,741.629348855485,926.044938701222,1.31500430814302,0.91625201149114,810.6,635.747527910686,311.743492313793,343.355964801318,164.5,116.979266347687,139.000513752081,91.7654744562321,1.25670056650299,1.33710624914317,205,23.444976076555,77.5258021564434,79.6252860151,4235.85725,3060.71337001595,669.556587809389,76.3713888356103,1.01540712310099,0.812670154768629,8958.571,2142.79540191388,3194.93894591629,3660.31238082406,77.2375,107.946570972887,53.5279646494387,84.9705190182277,1.10518217403612,0.782131904398332,127.05,71.8540669856459,54.8307552268797,49.9231021132042,8.1805,5.43475917065391,4.03556899860879,1.42793587681037,1.11209819664271,1.0387732511059,12.878,3.01819138755981,4.9481552875794,5.66701797296926,108.756645,99.9341174800638,7.55238461047956,1.25656132420489,0.336261915781173,0.20306386147859,399.97342,95.6799176076555,168.301046773239,168.420323556289,2.25,2.07974481658692,2.21336383940064,2.06572431181329,1.36892236074022,1.22047263384096,1,0.803827751196172,0.433012701892219,0.270897731283302,50.0,y1ba2cu3o6.54,7,cuprate_YBCO,cuprate,273400,1.7994,54.0,ARPES measured (canonical vmid),High
4,76.4445625,51.518892248062,59.3566724745425,35.147400203827,1.1995407452483,1.29069116588067,121.3276,14.3990813953488,43.8233541228786,44.2535665434991,794.0,1001.22403100775,741.629348855485,935.114076729286,1.31500430814302,0.895987109708696,810.6,654.650387596899,311.743492313793,342.630435927781,164.5,115.054263565891,139.000513752081,90.120839474344,1.25670056650299,1.33924280475906,205,22.7906976744186,77.5258021564434,79.3242106093641,4235.85725,2975.33799224806,669.556587809389,68.3455537043014,1.01540712310099,0.81277042040323,8958.571,2082.95658139535,3194.93894591629,3643.8840288369,77.2375,108.910852713178,53.5279646494387,86.205442920185,1.10518217403612,0.766899508925827,127.05,73.8255813953488,54.8307552268797,49.5494956369642,8.1805,5.28928682170543,4.03556899860879,1.35565737416138,1.11209819664271,1.04203375695533,12.878,2.92776744186047,4.9481552875794,5.65296450346393,108.756645,97.1460001550387,7.55238461047956,1.12836566846972,0.336261915781173,0.203129932293431,399.97342,93.0090386046512,168.301046773239,166.866991991426,2.25,2.07751937984496,2.21336383940064,2.0638611731558,1.36892236074022,1.20586465999055,1,0.837209302325582,0.433012701892219,0.2674137722583,90.565,y1ba2cu3o6.9,20,cuprate_YBCO,cuprate,273400,1.7994,88.0,ARPES measured (canonical vmid),High
4,76.4445625,51.518892248062,59.3566724745425,35.147400203827,1.1995407452483,1.29069116588067,121.3276,14.3990813953488,43.8233541228786,44.2535665434991,794.0,1001.22403100775,741.629348855485,935.114076729286,1.31500430814302,0.895987109708696,810.6,654.650387596899,311.743492313793,342.630435927781,164.5,115.054263565891,139.000513752081,90.120839474344,1.25670056650299,1.33924280475906,205,22.7906976744186,77.5258021564434,79.3242106093641,4235.85725,2975.33799224806,669.556587809389,68.3455537043014,1.01540712310099,0.81277042040323,8958.571,2082.95658139535,3194.93894591629,3643.8840288369,77.2375,108.910852713178,53.5279646494387,86.205442920185,1.10518217403612,0.766899508925827,127.05,73.8255813953488,54.8307552268797,49.5494956369642,8.1805,5.28928682170543,4.03556899860879,1.35565737416138,1.11209819664271,1.04203375695533,12.878,2.92776744186047,4.9481552875794,5.65296450346393,108.756645,97.1460001550387,7.55238461047956,1.12836566846972,0.336261915781173,0.203129932293431,399.97342,93.0090386046512,168.301046773239,166.866991991426,2.25,2.07751937984496,2.21336383940064,2.0638611731558,1.36892236074022,1.20586465999055,1,0.837209302325582,0.433012701892219,0.2674137722583,90.815,y1ba2cu3o6.9,20,cuprate_YBCO,cuprate,273400,1.7994,88.0,ARPES measured (canonical vmid),High
4,76.4445625,51.518892248062,59.3566724745425,35.147400203827,1.1995407452483,1.29069116588067,121.3276,14.3990813953488,43.8233541228786,44.2535665434991,794.0,1001.22403100775,741.629348855485,935.114076729286,1.31500430814302,0.895987109708696,810.6,654.650387596899,311.743492313793,342.630435927781,164.5,115.054263565891,139.000513752081,90.120839474344,1.25670056650299,1.33924280475906,205,22.7906976744186,77.5258021564434,79.3242106093641,4235.85725,2975.33799224806,669.556587809389,68.3455537043014,1.01540712310099,0.81277042040323,8958.571,2082.95658139535,3194.93894591629,3643.8840288369,77.2375,108.910852713178,53.5279646494387,86.205442920185,1.10518217403612,0.766899508925827,127.05,73.8255813953488,54.8307552268797,49.5494956369642,8.1805,5.28928682170543,4.03556899860879,1.35565737416138,1.11209819664271,1.04203375695533,12.878,2.92776744186047,4.9481552875794,5.65296450346393,108.756645,97.1460001550387,7.55238461047956,1.12836566846972,0.336261915781173,0.203129932293431,399.97342,93.0090386046512,168.301046773239,166.866991991426,2.25,2.07751937984496,2.21336383940064,2.0638611731558,1.36892236074022,1.20586465999055,1,0.837209302325582,0.433012701892219,0.2674137722583,88.55,y1ba2cu3o6.9,20,cuprate_YBCO,cuprate,273400,1.7994,88.0,ARPES measured (canonical vmid),High
4,76.4445625,51.518892248062,59.3566724745425,35.147400203827,1.1995407452483,1.29069116588067,121.3276,14.3990813953488,43.8233541228786,44.2535665434991,794.0,1001.22403100775,741.629348855485,935.114076729286,1.31500430814302,0.895987109708696,810.6,654.650387596899,311.743492313793,342.630435927781,164.5,115.054263565891,139.000513752081,90.120839474344,1.25670056650299,1.33924280475906,205,22.7906976744186,77.5258021564434,79.3242106093641,4235.85725,2975.33799224806,669.556587809389,68.3455537043014,1.01540712310099,0.81277042040323,8958.571,2082.95658139535,3194.93894591629,3643.8840288369,77.2375,108.910852713178,53.5279646494387,86.205442920185,1.10518217403612,0.766899508925827,127.05,73.8255813953488,54.8307552268797,49.5494956369642,8.1805,5.28928682170543,4.03556899860879,1.35565737416138,1.11209819664271,1.04203375695533,12.878,2.92776744186047,4.9481552875794,5.65296450346393,108.756645,97.1460001550387,7.55238461047956,1.12836566846972,0.336261915781173,0.203129932293431,399.97342,93.0090386046512,168.301046773239,166.866991991426,2.25,2.07751937984496,2.21336383940064,2.0638611731558,1.36892236074022,1.20586465999055,1,0.837209302325582,0.433012701892219,0.2674137722583,89.935,y1ba2cu3o6.9,20,cuprate_YBCO,cuprate,273400,1.7994,88.0,ARPES measured (canonical vmid),High
5,91.50808,53.9860502765827,64.5702746002132,35.1431872272332,1.32746464823409,1.53595382528044,184.5906,11.9543945912723,68.0098970781871,54.3038201377789,831.2,1000.86889981561,781.483207751268,937.036980615122,1.54798878756205,1.07673179269825,810.6,605.675291948371,295.541543611046,336.109685087392,162.2,116.59250153657,142.332972798315,92.6793051455278,1.50889625036342,1.55903554588081,205,20.5900430239705,67.3361715573435,75.8029212458401,5511.0858,3106.68825015366,988.282363187109,77.5307787888398,1.13937944437554,1.13597462219639,13532.571,1651.39411001844,5026.19188983534,4268.41485427695,56.644,97.0076828518746,17.2612781570872,50.9690445559867,0.954578304986785,0.664856632112552,141.0,72.340196681008,61.4743454133511,59.9434507842722,6.4304,4.70227043638599,3.40095998408194,1.32249559382766,1.28658973786238,1.19872534417769,12.878,2.30264658881377,4.62784535610256,5.16830001694517,125.265316,101.076817246466,12.600828832253,1.4881438447965,0.810628981234087,0.685359722997901,399.97342,73.7418674492932,156.163948300238,155.713569897286,2.0,2.0,2.0,2.0,1.6094379124341,1.34249360482231,0,0.893669330055316,0.0,0.0,135.0,hg1ba2ca2cu3o8.27,68,cuprate_Hg_based,cuprate,290000,1.9086,135.0,ARPES measured,High
5,83.24476,59.2244,59.5060814160275,36.126174653366,1.31151037344354,1.37205026883777,192.981,25.1921866666667,67.2338347072841,64.1963038171721,779.88,1005.86666666667,740.399332713733,945.371395526592,1.55321870407659,1.01920228760579,764.1,661.026666666667,276.063147848459,333.238432490745,149.8,106.133333333333,133.425311183972,86.4573385873277,1.51953736136792,1.57318466329146,171,16.2666666666667,58.6085318021191,66.3192949969229,4584.2858,2953.4288,874.164786339504,64.6228811852236,1.16177435651007,1.09951242220735,9778.571,1303.23786666667,4004.27323147741,3977.06081745709,73.1,105.475333333333,33.1487827641917,68.5472871662888,1.20088590631532,0.827671215145129,138.63,75.742,57.6456725175446,52.6707822695742,8.1524,4.9544,4.6464334920886,1.32187528238585,1.3929374917507,1.39581372668179,12.878,1.62826666666667,4.36102637460495,5.2534095696668,128.605316,72.414176,14.2876432915522,0.969156077634558,0.87197627698413,0.777322832630269,399.97342,53.3191573333333,154.008028485009,137.579264999148,2.6,2.4,2.40224886796286,2.25989709292424,1.5193826646423,1.36507672357122,3,0.933333333333333,1.2,1.01980390271856,87.5,bi2sr2ca1cu2o8,45,cuprate_BSCCO,cuprate,304000,2.0008,85.0,ARPES measured,High
5,83.24476,59.2244,59.5060814160275,36.126174653366,1.31151037344354,1.37205026883777,192.981,25.1921866666667,67.2338347072841,64.1963038171721,779.88,1005.86666666667,740.399332713733,945.371395526592,1.55321870407659,1.01920228760579,764.1,661.026666666667,276.063147848459,333.238432490745,149.8,106.133333333333,133.425311183972,86.4573385873277,1.51953736136792,1.57318466329146,171,16.2666666666667,58.6085318021191,66.3192949969229,4584.2858,2953.4288,874.164786339504,64.6228811852236,1.16177435651007,1.09951242220735,9778.571,1303.23786666667,4004.27323147741,3977.06081745709,73.1,105.475333333333,33.1487827641917,68.5472871662888,1.20088590631532,0.827671215145129,138.63,75.742,57.6456725175446,52.6707822695742,8.1524,4.9544,4.6464334920886,1.32187528238585,1.3929374917507,1.39581372668179,12.878,1.62826666666667,4.36102637460495,5.2534095696668,128.605316,72.414176,14.2876432915522,0.969156077634558,0.87197627698413,0.777322832630269,399.97342,53.3191573333333,154.008028485009,137.579264999148,2.6,2.4,2.40224886796286,2.25989709292424,1.5193826646423,1.36507672357122,3,0.933333333333333,1.2,1.01980390271856,83.5,bi2sr2ca1cu2o8,45,cuprate_BSCCO,cuprate,304000,2.0008,85.0,ARPES measured,High
4,97.9598,57.8657384615385,70.3033263954757,36.8028446101478,1.15307517091914,1.33852775623715,158.9674,12.5121692307692,62.0114329850553,54.566241304048,768.4,995.746153846154,708.641979880737,924.525057808176,1.30174309365185,0.87273452838423,810.6,667.592307692308,329.08115260525,352.272024731292,165.75,114.923076923077,139.812941759091,89.8461549351321,1.25570514472447,1.34174907677111,205,22.2307692307692,78.3178619473234,79.7182167565246,5578.10725,3365.46176923077,815.49564606351,70.4918161122723,1.01899345593772,0.930382622333031,9839.571,2066.92284615385,4030.69042076016,4067.58260596263,82.3375,110.738461538462,60.7214928257155,89.9629157631912,1.1640132003214,0.802321609327215,127.05,74.3538461538461,51.12571973821,47.2166412720955,10.8305,6.06569230769231,4.75646422349896,1.406268532004,1.04474296689737,1.10424386222608,21.778,2.90353846153846,7.91296978068285,7.06492357609724,108.506645,96.3220046153846,7.43878255508962,1.09119481211891,0.329500146289958,0.199852625126025,399.97342,92.29338,168.437846600662,166.477287315448,2.25,2.07692307692308,2.21336383940064,2.06336223306145,1.36892236074022,1.20182302376485,1,0.846153846153846,0.433012701892219,0.266469355010596,88.0,lu1ba2cu3o7,19,cuprate_YBCO,cuprate,273400,1.7994,91.85,ARPES measured (canonical vmid),High
5,106.54937,57.6823430384615,80.7918613127991,36.7599676609052,1.42579908623658,1.38854623434085,158.9674,20.3684972692308,58.0642498257542,54.2285510681143,720.04,995.819384615384,667.786556768769,924.655323898345,1.52752105843834,0.883153338647805,810.6,704.218307692308,309.822985590159,352.173062910299,182.0,115.084615384615,156.666914264255,89.9088228331711,1.49954544930429,1.38300337938381,205,37.5930769230769,77.2217585917337,79.9549425629003,5790.4858,3348.22561538462,1240.42620710436,70.3426336166363,1.32377545514855,0.970214205177377,9839.571,2066.92284615385,3630.095151426,4046.83547397562,76.17,110.738461538462,58.7537238728356,89.9629157631911,1.40280858516607,0.811395244897143,127.05,76.4534615384615,47.3626815119246,47.2166412720955,10.0444,5.98438461538462,5.12385941941992,1.39751574196242,1.30140286171171,1.13120184644984,21.778,2.98592307692308,7.25009554695661,6.96728905494439,89.405316,96.3058507692308,8.31744928745208,1.08997547467295,0.451451071230435,0.201933419679236,399.97342,92.29338,155.423581261787,166.485225804312,2.6,2.08230769230769,2.49146187923103,2.06656097629702,1.5649572502428,1.2389963829905,2,1.05538461538462,0.8,0.293772644852963,85.0,lu0.93pr0.07ba2cu3o7,11,cuprate_YBCO,cuprate,273400,1.7994,78.0,ARPES measured (canonical vmid),High
5,92.26674,65.2390533333333,64.8126619740323,38.2432079662367,1.32328660934735,1.38327196628044,188.3839,24.57924,69.2326551521925,67.8973470356623,747.78,984.466666666667,702.115183963558,912.495410008807,1.54100618977138,0.98684371065202,810.6,661.026666666667,293.286136051468,357.05227379506,159.2,112.4,139.74337176418,89.1655702687942,1.50732079160841,1.56195207452127,205,20.8,67.2113085722931,75.4106977380088,5174.2858,3346.76213333333,962.364248380021,68.8996631679477,1.16506544127006,1.10644451182222,11848.571,1579.23786666667,4506.89548007568,4475.40437412919,60.484,97.0646666666667,29.1775463973801,62.9570534333801,1.11263862269811,0.687370134057524,138.63,75.742,58.4343360020459,58.4397919077594,6.8124,4.06106666666667,3.83958497592852,1.16403718539927,1.34550846737517,1.36575380665463,12.878,1.62826666666667,4.34020541449365,4.70773784977692,132.805316,75.214176,17.7474131712332,1.11989343216865,0.949904122208674,0.866400030272894,399.97342,53.3191573333333,151.16463932891,136.631480409064,2.2,2.13333333333333,2.1689435423954,2.11110011888848,1.59416669911802,1.35359135213461,1,0.933333333333333,0.4,0.339934634239519,104.0,tl2ba2ca1cu2o8,54,cuprate_Tl_based,cuprate,320000,2.1061,109.0,ARPES measured,High
5,83.24476,59.2244,59.5060814160275,36.126174653366,1.31151037344354,1.37205026883777,192.981,25.1921866666667,67.2338347072841,64.1963038171721,779.88,1005.86666666667,740.399332713733,945.371395526592,1.55321870407659,1.01920228760579,764.1,661.026666666667,276.063147848459,333.238432490745,149.8,106.133333333333,133.425311183972,86.4573385873277,1.51953736136792,1.57318466329146,171,16.2666666666667,58.6085318021191,66.3192949969229,4584.2858,2953.4288,874.164786339504,64.6228811852236,1.16177435651007,1.09951242220735,9778.571,1303.23786666667,4004.27323147741,3977.06081745709,73.1,105.475333333333,33.1487827641917,68.5472871662888,1.20088590631532,0.827671215145129,138.63,75.742,57.6456725175446,52.6707822695742,8.1524,4.9544,4.6464334920886,1.32187528238585,1.3929374917507,1.39581372668179,12.878,1.62826666666667,4.36102637460495,5.2534095696668,128.605316,72.414176,14.2876432915522,0.969156077634558,0.87197627698413,0.777322832630269,399.97342,53.3191573333333,154.008028485009,137.579264999148,2.6,2.4,2.40224886796286,2.25989709292424,1.5193826646423,1.36507672357122,3,0.933333333333333,1.2,1.01980390271856,86.0,bi2sr2ca1cu2o8,45,cuprate_BSCCO,cuprate,304000,2.0008,85.0,ARPES measured,High
4,76.4445625,52.5969599041534,59.3566724745425,35.9970581411845,1.1995407452483,1.28581747864039,121.3276,14.8361142172524,43.8233541228786,44.4787938085414,794.0,991.758146964856,741.629348855485,925.528475039509,1.31500430814302,0.917404581520654,810.6,634.665495207668,311.743492313793,343.390385157958,164.5,117.08945686901,139.000513752081,91.8605192504605,1.25670056650299,1.33697142692581,205,23.482428115016,77.5258021564434,79.6410777340708,4235.85725,3065.6004057508,669.556587809389,76.8583239600605,1.01540712310099,0.812664563113845,8958.571,2146.22068051118,3194.93894591629,3661.19029620378,77.2375,107.891373801917,53.5279646494387,84.9003675509419,1.10518217403612,0.782993516657314,127.05,71.741214057508,54.8307552268797,49.943840080739,8.1805,5.44308626198083,4.03556899860879,1.43218792711617,1.11209819664271,1.03859006707249,12.878,3.02336741214057,4.9481552875794,5.66770838248165,108.756645,100.093714185304,7.55238461047956,1.26432525805241,0.336261915781173,0.203060178733802,399.97342,95.8328033865815,168.301046773239,168.507409780895,2.25,2.07987220447284,2.21336383940064,2.06583101200372,1.36892236074022,1.22128618974464,1,0.801916932907348,0.433012701892219,0.271095251573117,56.0,y1ba2cu3o6.52,6,cuprate_YBCO,cuprate,273400,1.7994,52.8,ARPES measured (canonical vmid),High
6,82.0245416666667,75.8925025,68.846824246815,66.6477098110514,1.66851138263508,1.54082691958498,124.1166,20.241175,37.301143688503,31.3698838883071,741.233333333333,725.5775,704.48265777601,695.737067050346,1.73551675071112,1.56306596455509,773.0,243.63,265.666675031367,237.439242215245,166.5,166.55,149.929039052106,152.890808118274,1.71561619848356,1.50926520825708,171,50.0,58.0595958190088,54.4490358041352,5505.40483333333,5390.378625,1476.35913433424,1941.27466082596,1.51319688461399,1.23547314443455,10278.571,3135.821375,3553.4376024891,3299.64441029609,70.8216666666667,73.06,48.5625874023697,43.8812560446085,1.53803059147132,1.20266994459699,135.97,40.3325,47.6754130961535,52.7994022219949,12.3703333333333,9.77275,6.11947337802023,6.40606190571827,1.39513942248941,1.38296333684862,35.778,4.55725,11.3557504033077,5.95667843160095,100.337763333333,155.8783225,14.5967634429226,27.6751100711621,0.949778248101673,0.445417519510398,399.97342,139.9966775,141.745076458926,180.406966780383,3.16666666666667,2.45,2.88449914061482,2.3413951556143,1.69441507341845,1.69332573684137,4,0.55,1.46249406456535,0.864580823289529,50.0,mo0.2sr2y1.2ce0.8cu2.8o,79,cuprate_other,cuprate,273400,1.7994,50.0,ARPES estimated (canonical),Medium
5,83.24476,59.2244,59.5060814160275,36.126174653366,1.31151037344354,1.37205026883777,192.981,25.1921866666667,67.2338347072841,64.1963038171721,779.88,1005.86666666667,740.399332713733,945.371395526592,1.55321870407659,1.01920228760579,764.1,661.026666666667,276.063147848459,333.238432490745,149.8,106.133333333333,133.425311183972,86.4573385873277,1.51953736136792,1.57318466329146,171,16.2666666666667,58.6085318021191,66.3192949969229,4584.2858,2953.4288,874.164786339504,64.6228811852236,1.16177435651007,1.09951242220735,9778.571,1303.23786666667,4004.27323147741,3977.06081745709,73.1,105.475333333333,33.1487827641917,68.5472871662888,1.20088590631532,0.827671215145129,138.63,75.742,57.6456725175446,52.6707822695742,8.1524,4.9544,4.6464334920886,1.32187528238585,1.3929374917507,1.39581372668179,12.878,1.62826666666667,4.36102637460495,5.2534095696668,128.605316,72.414176,14.2876432915522,0.969156077634558,0.87197627698413,0.777322832630269,399.97342,53.3191573333333,154.008028485009,137.579264999148,2.6,2.4,2.40224886796286,2.25989709292424,1.5193826646423,1.36507672357122,3,0.933333333333333,1.2,1.01980390271856,99.0,bi2sr2ca1cu2o8,45,cuprate_BSCCO,cuprate,304000,2.0008,85.0,ARPES measured,High
5,88.95048,57.2323953488372,68.2730375863106,36.8345009405897,1.41019396992271,1.36072103382828,146.5006,20.9869147286822,53.4277732723497,52.653496131269,806.68,998.22,759.348436522166,930.040067495491,1.54801892166899,0.908281057580978,810.6,698.142790697675,289.849060029526,346.699236883807,163.2,116.280620155039,141.641523839111,90.6217681024073,1.49729446844007,1.37335224505818,205,38.5643410852713,72.5462611028301,80.9343135684346,5632.4858,3283.07442635659,1223.69305329706,71.7917422480946,1.33421559656022,0.96469508567145,8958.571,2041.2821627907,3408.12035016467,3915.80818137653,66.17,109.941550387597,28.9662452791622,87.834506481777,1.1877244734213,0.804347753997371,141.0,76.2139534883721,56.0055675803754,47.8889383166945,7.9544,5.23928682170543,4.525482762308,1.34922616270311,1.38554765731273,1.07691061156213,12.878,2.95139534883721,4.39384540465411,5.60466430225657,109.805316,95.3785582945736,12.03627996314,1.0848316506802,0.753967773612098,0.220110150143844,399.97342,91.1485734883721,151.36641873097,165.815066932709,2.2,2.07751937984496,2.1689435423954,2.06386117315579,1.59416669911802,1.22781371520243,1,1.06046511627907,0.4,0.2674137722583,62.0,dy1ba2cu2.94zn0.06o6.9,10,cuprate_YBCO,cuprate,273400,1.7994,62.0,ARPES measured (canonical vmid),High
4,76.4445625,51.2456653846154,59.3566724745425,34.93526616493,1.1995407452483,1.29188813799544,121.3276,14.2883192307692,43.8233541228786,44.1921252152174,794.0,1003.62307692308,741.629348855485,937.559192443233,1.31500430814302,0.890516212329374,810.6,659.715384615385,311.743492313793,342.396001400641,164.5,114.538461538462,139.000513752081,89.6851907721419,1.25670056650299,1.339742693422,205,22.6153846153846,77.5258021564434,79.2353994166121,4235.85725,2952.46176923077,669.556587809389,66.3421689582226,1.01540712310099,0.812798145814768,8958.571,2066.92284615385,3194.93894591629,3639.1292471846,77.2375,109.169230769231,53.5279646494387,86.5393772975223,1.10518217403612,0.762761032074798,127.05,74.3538461538461,54.8307552268797,49.4457143606911,8.1805,5.25030769230769,4.03556899860879,1.33691977973836,1.11209819664271,1.04292735932209,12.878,2.90353846153846,4.9481552875794,5.64855656694176,108.756645,96.3989276923077,7.55238461047956,1.09629540931362,0.336261915781173,0.203148213514574,399.97342,92.29338,168.301046773239,166.440382618967,2.25,2.07692307692308,2.21336383940064,2.06336223306145,1.36892236074022,1.20182302376485,1,0.846153846153846,0.433012701892219,0.266469355010596,92.7,y1ba2cu3o7,13,cuprate_YBCO,cuprate,273400,1.7994,86.0,ARPES measured (canonical vmid),High
4,105.313925,76.633,73.0883762545777,42.6054174665645,1.12584817902596,1.15864641056541,188.3839,31.3836909090909,71.6959238182819,75.2194799690394,787.375,982.4,733.513183093207,905.220525559067,1.31211186553251,0.877226855858847,810.6,648.509090909091,315.724764430983,367.154441123029,150.5,113.727272727273,128.740025194666,88.9630381515022,1.25878050352551,1.30036073254033,205,32.8181818181818,72.5827114401219,79.3531701939797,6080.35725,3608.05218181818,854.262665195479,67.4747244434402,0.998141383301719,0.952104272052556,11848.571,2153.766,4613.60013686521,4695.92053361497,74.6375,95.2,48.3485238699581,65.951977310881,1.05768348464572,0.645370390180314,127.05,74.9181818181818,57.1542362275099,58.6627146568337,6.3805,3.53018181818182,3.14406044539472,1.05329884711804,1.04418073353965,1.17877374986123,12.878,1.33345454545455,4.75542224728783,4.24372995923894,116.006645,48.0144981818182,9.6863760659405,0.808664223122662,0.483727931942032,0.700428338207067,399.97342,36.3491381818182,164.780030624066,112.621930629877,2.25,2.18181818181818,2.21336383940064,2.15301268319815,1.36892236074022,1.19884931291362,1,0.909090909090909,0.433012701892219,0.385694607919935,11.0,tl2ba2cu1o6,52,cuprate_Tl_based,cuprate,320000,2.1061,83.0,ARPES measured,High
5,90.062574,57.0529683785714,70.8469648615149,35.8477931999705,1.44087515685239,1.08103422606638,128.2426,34.0546883785714,47.9905976181867,52.8270587477858,735.94,1011.40278571429,688.274127036429,940.053333332359,1.53629988667989,0.806606030045773,781.6,744.268571428571,299.299399264349,354.004320452989,162.6,104.411428571429,143.678252509203,84.1287200615079,1.51816265358845,1.23318580934908,171,47.6492857142857,62.541506217871,67.1604210461939,4949.4858,2983.90514285714,1077.26192960319,53.6698465087487,1.30986654540629,0.864931638348222,8958.571,1575.19342857143,3213.24974504108,3596.71877404906,73.986,111.955535714286,49.0672740582682,99.1713539757392,1.34753491018002,0.800357776925194,135.97,81.3119642857143,49.9154483501851,42.2212286195177,6.9444,3.83778571428571,4.01293967366487,1.03974449107208,1.37253445855171,1.03117515079734,12.878,1.79028571428571,4.11426365708373,4.65960285981804,93.005316,61.3109028571428,9.61645618511727,0.629144459440364,0.545778870808678,0.290983321831343,399.97342,57.1276685714286,153.904552684576,138.443601287352,2.4,2.26785714285714,2.35215804504935,2.22944774305129,1.58902691517397,1.10181487412988,1,1.10857142857143,0.489897948556636,0.44284274170133,29.5,la1.795nd0.08sr0.125cu1o4,31,cuprate_LSCO,cuprate,245000,1.6125,29.5,ARPES measured,High
5,92.26674,65.2390533333333,64.8126619740323,38.2432079662367,1.32328660934735,1.38327196628044,188.3839,24.57924,69.2326551521925,67.8973470356623,747.78,984.466666666667,702.115183963558,912.495410008807,1.54100618977138,0.98684371065202,810.6,661.026666666667,293.286136051468,357.05227379506,159.2,112.4,139.74337176418,89.1655702687942,1.50732079160841,1.56195207452127,205,20.8,67.2113085722931,75.4106977380088,5174.2858,3346.76213333333,962.364248380021,68.8996631679477,1.16506544127006,1.10644451182222,11848.571,1579.23786666667,4506.89548007568,4475.40437412919,60.484,97.0646666666667,29.1775463973801,62.9570534333801,1.11263862269811,0.687370134057524,138.63,75.742,58.4343360020459,58.4397919077594,6.8124,4.06106666666667,3.83958497592852,1.16403718539927,1.34550846737517,1.36575380665463,12.878,1.62826666666667,4.34020541449365,4.70773784977692,132.805316,75.214176,17.7474131712332,1.11989343216865,0.949904122208674,0.866400030272894,399.97342,53.3191573333333,151.16463932891,136.631480409064,2.2,2.13333333333333,2.1689435423954,2.11110011888848,1.59416669911802,1.35359135213461,1,0.933333333333333,0.4,0.339934634239519,103.0,tl2ba2ca1cu2o8,54,cuprate_Tl_based,cuprate,320000,2.1061,109.0,ARPES measured,High
4,76.4445625,51.2456653846154,59.3566724745425,34.93526616493,1.1995407452483,1.29188813799544,121.3276,14.2883192307692,43.8233541228786,44.1921252152174,794.0,1003.62307692308,741.629348855485,937.559192443233,1.31500430814302,0.890516212329374,810.6,659.715384615385,311.743492313793,342.396001400641,164.5,114.538461538462,139.000513752081,89.6851907721419,1.25670056650299,1.339742693422,205,22.6153846153846,77.5258021564434,79.2353994166121,4235.85725,2952.46176923077,669.556587809389,66.3421689582226,1.01540712310099,0.812798145814768,8958.571,2066.92284615385,3194.93894591629,3639.1292471846,77.2375,109.169230769231,53.5279646494387,86.5393772975223,1.10518217403612,0.762761032074798,127.05,74.3538461538461,54.8307552268797,49.4457143606911,8.1805,5.25030769230769,4.03556899860879,1.33691977973836,1.11209819664271,1.04292735932209,12.878,2.90353846153846,4.9481552875794,5.64855656694176,108.756645,96.3989276923077,7.55238461047956,1.09629540931362,0.336261915781173,0.203148213514574,399.97342,92.29338,168.301046773239,166.440382618967,2.25,2.07692307692308,2.21336383940064,2.06336223306145,1.36892236074022,1.20182302376485,1,0.846153846153846,0.433012701892219,0.266469355010596,93.1,y1ba2cu3o7,13,cuprate_YBCO,cuprate,273400,1.7994,86.0,ARPES measured (canonical vmid),High
5,100.561774,59.050944,77.8212398726515,36.4214305496531,1.44078904572759,1.32644559341002,128.2426,27.6886657142857,51.891618942071,55.4301292531294,734.16,1009.33685714286,686.027951316271,936.44315607319,1.535395223864,0.853744553868598,781.6,740.312428571428,300.430208867218,356.756526517707,155.8,105.981428571429,138.910975115885,84.7914360597779,1.52452288989561,1.38261996515283,158,39.8242857142857,57.7006065826002,69.3404927932902,5761.2858,3228.34085714286,1298.38174767612,56.0195330121824,1.37629086870767,1.09365098435449,8958.571,1471.28342857143,3032.34789216649,3788.85852521911,82.98,113.157142857143,74.1601741333456,103.712314577577,1.49741060535708,0.879531880489379,93.0,80.4721428571429,40.0215142142323,39.9873857661158,6.4444,3.95142857142857,3.7232069065059,1.05751868106854,1.35436557199705,1.14487876516286,12.878,1.76928571428571,4.10750111868518,4.72715289900932,88.205316,61.6751885714286,7.62921730781561,0.649915487032624,0.410592041535449,0.309834532011888,399.97342,57.1276685714286,155.99878964479,138.296452092048,2.8,2.30428571428571,2.70192007704123,2.25767838353621,1.57409733684897,1.26521541289515,2,1.06857142857143,0.748331477354788,0.498837423927079,22.0,nd1.47la0.4ce0.13cu1o4,26,cuprate_LSCO,cuprate,245000,1.6125,22.0,ARPES measured,High
5,83.24476,59.2244,59.5060814160275,36.126174653366,1.31151037344354,1.37205026883777,192.981,25.1921866666667,67.2338347072841,64.1963038171721,779.88,1005.86666666667,740.399332713733,945.371395526592,1.55321870407659,1.01920228760579,764.1,661.026666666667,276.063147848459,333.238432490745,149.8,106.133333333333,133.425311183972,86.4573385873277,1.51953736136792,1.57318466329146,171,16.2666666666667,58.6085318021191,66.3192949969229,4584.2858,2953.4288,874.164786339504,64.6228811852236,1.16177435651007,1.09951242220735,9778.571,1303.23786666667,4004.27323147741,3977.06081745709,73.1,105.475333333333,33.1487827641917,68.5472871662888,1.20088590631532,0.827671215145129,138.63,75.742,57.6456725175446,52.6707822695742,8.1524,4.9544,4.6464334920886,1.32187528238585,1.3929374917507,1.39581372668179,12.878,1.62826666666667,4.36102637460495,5.2534095696668,128.605316,72.414176,14.2876432915522,0.969156077634558,0.87197627698413,0.777322832630269,399.97342,53.3191573333333,154.008028485009,137.579264999148,2.6,2.4,2.40224886796286,2.25989709292424,1.5193826646423,1.36507672357122,3,0.933333333333333,1.2,1.01980390271856,89.9,bi2sr2ca1cu2o8,45,cuprate_BSCCO,cuprate,304000,2.0008,85.0,ARPES measured,High
4,104.3656,71.9750314465409,72.7468648584653,43.265484895768,1.12946266492502,1.21670022124863,184.5906,26.4976603773585,70.3924962121674,65.770707877173,891.65,996.094339622642,838.584884977272,924.918199847837,1.32808458174503,1.00726716327012,810.6,559.446540880503,301.512839693437,347.827980915255,154.25,125.981132075472,131.729022092529,97.2346131995171,1.26017526380072,1.23200802961024,205,46.440251572327,73.1552287946665,85.8762801538238,6501.35725,3541.75044025157,883.11727808008,90.6490605887919,0.97786159649685,1.0834173803112,13532.571,1361.19295597484,5164.79122698901,4538.78607505344,69.8375,93.0798742138365,25.0849620053422,50.258729816436,0.894571101965202,0.657156210267714,141.0,71.5471698113208,62.0767808343023,60.769598676103,5.903,4.24968553459119,2.70170194138684,1.247789030111,0.96371978217008,0.96779064411372,12.878,1.90088050314465,5.03790005855614,4.83915230132831,106.581645,63.2385308176101,6.31308143280819,0.981746913844254,0.270717616788772,0.329037445875911,399.97342,57.8482616352201,169.524557588917,138.686641117869,2.0,2.0,2.0,2.0,1.38629436111989,1.20352624334806,0,0.805031446540881,0.0,0.0,93.2,hg0.8ba2cu1.15o4,61,cuprate_Hg_based,cuprate,290000,1.9086,93.2,ARPES measured,High
5,79.171174,53.9571037295495,59.994943314639,35.7187999251886,1.38995323673403,1.40823607191678,122.90607,15.534047065209,50.4249572386324,48.3194471156347,738.22,998.234527409475,690.328114777212,930.717461801503,1.53656957994422,0.919899387962577,810.6,693.073637279987,299.031967521869,345.836592282091,167.0,110.588198805924,146.121196729093,88.2879970046411,1.50875989419117,1.46246184538597,205,30.7203225556331,68.6352679021507,73.1522038955768,4033.4858,3177.62703054974,843.945344498653,70.7514372858674,1.2247501848213,0.895585838851954,8958.571,2083.44143498488,3207.25675766792,3774.85678070762,66.244,111.470225633868,34.7356747059872,91.4988211758136,1.20974090816925,0.823423167439308,138.63,76.1454989532449,55.5785061332166,45.6835026487105,7.2324,4.83749197487788,4.16392151950927,1.28463437946133,1.37811041573788,1.06514287200242,12.878,2.92850011630612,4.16516110612783,5.36114735497254,126.205316,99.4869599333178,13.7839016024086,1.13379074963044,0.835026704071475,0.308648074188835,399.97342,93.0306798278669,155.469670208177,167.310838357138,2.2,2.11630611770179,2.1689435423954,2.09657540306624,1.59416669911802,1.26096460317172,1,1.03853609366519,0.4,0.320591647874564,16.0,la1.5ba1.3ca0.2cu3o6.897,24,cuprate_LSCO,cuprate,245000,1.6125,16.0,ARPES measured,High
4,105.313925,76.633,73.0883762545777,42.6054174665645,1.12584817902596,1.15864641056541,188.3839,31.3836909090909,71.6959238182819,75.2194799690394,787.375,982.4,733.513183093207,905.220525559067,1.31211186553251,0.877226855858847,810.6,648.509090909091,315.724764430983,367.154441123029,150.5,113.727272727273,128.740025194666,88.9630381515022,1.25878050352551,1.30036073254033,205,32.8181818181818,72.5827114401219,79.3531701939797,6080.35725,3608.05218181818,854.262665195479,67.4747244434402,0.998141383301719,0.952104272052556,11848.571,2153.766,4613.60013686521,4695.92053361497,74.6375,95.2,48.3485238699581,65.951977310881,1.05768348464572,0.645370390180314,127.05,74.9181818181818,57.1542362275099,58.6627146568337,6.3805,3.53018181818182,3.14406044539472,1.05329884711804,1.04418073353965,1.17877374986123,12.878,1.33345454545455,4.75542224728783,4.24372995923894,116.006645,48.0144981818182,9.6863760659405,0.808664223122662,0.483727931942032,0.700428338207067,399.97342,36.3491381818182,164.780030624066,112.621930629877,2.25,2.18181818181818,2.21336383940064,2.15301268319815,1.36892236074022,1.19884931291362,1,0.909090909090909,0.433012701892219,0.385694607919935,91.0,tl2ba2cu1o6,52,cuprate_Tl_based,cuprate,320000,2.1061,83.0,ARPES measured,High
5,83.24476,59.2244,59.5060814160275,36.126174653366,1.31151037344354,1.37205026883777,192.981,25.1921866666667,67.2338347072841,64.1963038171721,779.88,1005.86666666667,740.399332713733,945.371395526592,1.55321870407659,1.01920228760579,764.1,661.026666666667,276.063147848459,333.238432490745,149.8,106.133333333333,133.425311183972,86.4573385873277,1.51953736136792,1.57318466329146,171,16.2666666666667,58.6085318021191,66.3192949969229,4584.2858,2953.4288,874.164786339504,64.6228811852236,1.16177435651007,1.09951242220735,9778.571,1303.23786666667,4004.27323147741,3977.06081745709,73.1,105.475333333333,33.1487827641917,68.5472871662888,1.20088590631532,0.827671215145129,138.63,75.742,57.6456725175446,52.6707822695742,8.1524,4.9544,4.6464334920886,1.32187528238585,1.3929374917507,1.39581372668179,12.878,1.62826666666667,4.36102637460495,5.2534095696668,128.605316,72.414176,14.2876432915522,0.969156077634558,0.87197627698413,0.777322832630269,399.97342,53.3191573333333,154.008028485009,137.579264999148,2.6,2.4,2.40224886796286,2.25989709292424,1.5193826646423,1.36507672357122,3,0.933333333333333,1.2,1.01980390271856,78.6,bi2sr2ca1cu2o8,45,cuprate_BSCCO,cuprate,304000,2.0008,85.0,ARPES measured,High
5,83.24476,59.2244,59.5060814160275,36.126174653366,1.31151037344354,1.37205026883777,192.981,25.1921866666667,67.2338347072841,64.1963038171721,779.88,1005.86666666667,740.399332713733,945.371395526592,1.55321870407659,1.01920228760579,764.1,661.026666666667,276.063147848459,333.238432490745,149.8,106.133333333333,133.425311183972,86.4573385873277,1.51953736136792,1.57318466329146,171,16.2666666666667,58.6085318021191,66.3192949969229,4584.2858,2953.4288,874.164786339504,64.6228811852236,1.16177435651007,1.09951242220735,9778.571,1303.23786666667,4004.27323147741,3977.06081745709,73.1,105.475333333333,33.1487827641917,68.5472871662888,1.20088590631532,0.827671215145129,138.63,75.742,57.6456725175446,52.6707822695742,8.1524,4.9544,4.6464334920886,1.32187528238585,1.3929374917507,1.39581372668179,12.878,1.62826666666667,4.36102637460495,5.2534095696668,128.605316,72.414176,14.2876432915522,0.969156077634558,0.87197627698413,0.777322832630269,399.97342,53.3191573333333,154.008028485009,137.579264999148,2.6,2.4,2.40224886796286,2.25989709292424,1.5193826646423,1.36507672357122,3,0.933333333333333,1.2,1.01980390271856,71.4,bi2sr2ca1cu2o8,45,cuprate_BSCCO,cuprate,304000,2.0008,85.0,ARPES measured,High
4,76.4445625,51.2456653846154,59.3566724745425,34.93526616493,1.1995407452483,1.29188813799544,121.3276,14.2883192307692,43.8233541228786,44.1921252152174,794.0,1003.62307692308,741.629348855485,937.559192443233,1.31500430814302,0.890516212329374,810.6,659.715384615385,311.743492313793,342.396001400641,164.5,114.538461538462,139.000513752081,89.6851907721419,1.25670056650299,1.339742693422,205,22.6153846153846,77.5258021564434,79.2353994166121,4235.85725,2952.46176923077,669.556587809389,66.3421689582226,1.01540712310099,0.812798145814768,8958.571,2066.92284615385,3194.93894591629,3639.1292471846,77.2375,109.169230769231,53.5279646494387,86.5393772975223,1.10518217403612,0.762761032074798,127.05,74.3538461538461,54.8307552268797,49.4457143606911,8.1805,5.25030769230769,4.03556899860879,1.33691977973836,1.11209819664271,1.04292735932209,12.878,2.90353846153846,4.9481552875794,5.64855656694176,108.756645,96.3989276923077,7.55238461047956,1.09629540931362,0.336261915781173,0.203148213514574,399.97342,92.29338,168.301046773239,166.440382618967,2.25,2.07692307692308,2.21336383940064,2.06336223306145,1.36892236074022,1.20182302376485,1,0.846153846153846,0.433012701892219,0.266469355010596,72.0,y1ba2cu3o7,13,cuprate_YBCO,cuprate,273400,1.7994,86.0,ARPES measured (canonical vmid),High
4,76.4445625,51.2456653846154,59.3566724745425,34.93526616493,1.1995407452483,1.29188813799544,121.3276,14.2883192307692,43.8233541228786,44.1921252152174,794.0,1003.62307692308,741.629348855485,937.559192443233,1.31500430814302,0.890516212329374,810.6,659.715384615385,311.743492313793,342.396001400641,164.5,114.538461538462,139.000513752081,89.6851907721419,1.25670056650299,1.339742693422,205,22.6153846153846,77.5258021564434,79.2353994166121,4235.85725,2952.46176923077,669.556587809389,66.3421689582226,1.01540712310099,0.812798145814768,8958.571,2066.92284615385,3194.93894591629,3639.1292471846,77.2375,109.169230769231,53.5279646494387,86.5393772975223,1.10518217403612,0.762761032074798,127.05,74.3538461538461,54.8307552268797,49.4457143606911,8.1805,5.25030769230769,4.03556899860879,1.33691977973836,1.11209819664271,1.04292735932209,12.878,2.90353846153846,4.9481552875794,5.64855656694176,108.756645,96.3989276923077,7.55238461047956,1.09629540931362,0.336261915781173,0.203148213514574,399.97342,92.29338,168.301046773239,166.440382618967,2.25,2.07692307692308,2.21336383940064,2.06336223306145,1.36892236074022,1.20182302376485,1,0.846153846153846,0.433012701892219,0.266469355010596,53.0,y1ba2cu3o7,13,cuprate_YBCO,cuprate,273400,1.7994,86.0,ARPES measured (canonical vmid),High
4,76.4445625,51.2456653846154,59.3566724745425,34.93526616493,1.1995407452483,1.29188813799544,121.3276,14.2883192307692,43.8233541228786,44.1921252152174,794.0,1003.62307692308,741.629348855485,937.559192443233,1.31500430814302,0.890516212329374,810.6,659.715384615385,311.743492313793,342.396001400641,164.5,114.538461538462,139.000513752081,89.6851907721419,1.25670056650299,1.339742693422,205,22.6153846153846,77.5258021564434,79.2353994166121,4235.85725,2952.46176923077,669.556587809389,66.3421689582226,1.01540712310099,0.812798145814768,8958.571,2066.92284615385,3194.93894591629,3639.1292471846,77.2375,109.169230769231,53.5279646494387,86.5393772975223,1.10518217403612,0.762761032074798,127.05,74.3538461538461,54.8307552268797,49.4457143606911,8.1805,5.25030769230769,4.03556899860879,1.33691977973836,1.11209819664271,1.04292735932209,12.878,2.90353846153846,4.9481552875794,5.64855656694176,108.756645,96.3989276923077,7.55238461047956,1.09629540931362,0.336261915781173,0.203148213514574,399.97342,92.29338,168.301046773239,166.440382618967,2.25,2.07692307692308,2.21336383940064,2.06336223306145,1.36892236074022,1.20182302376485,1,0.846153846153846,0.433012701892219,0.266469355010596,39.0,y1ba2cu3o7,13,cuprate_YBCO,cuprate,273400,1.7994,86.0,ARPES measured (canonical vmid),High
4,76.4445625,51.2456653846154,59.3566724745425,34.93526616493,1.1995407452483,1.29188813799544,121.3276,14.2883192307692,43.8233541228786,44.1921252152174,794.0,1003.62307692308,741.629348855485,937.559192443233,1.31500430814302,0.890516212329374,810.6,659.715384615385,311.743492313793,342.396001400641,164.5,114.538461538462,139.000513752081,89.6851907721419,1.25670056650299,1.339742693422,205,22.6153846153846,77.5258021564434,79.2353994166121,4235.85725,2952.46176923077,669.556587809389,66.3421689582226,1.01540712310099,0.812798145814768,8958.571,2066.92284615385,3194.93894591629,3639.1292471846,77.2375,109.169230769231,53.5279646494387,86.5393772975223,1.10518217403612,0.762761032074798,127.05,74.3538461538461,54.8307552268797,49.4457143606911,8.1805,5.25030769230769,4.03556899860879,1.33691977973836,1.11209819664271,1.04292735932209,12.878,2.90353846153846,4.9481552875794,5.64855656694176,108.756645,96.3989276923077,7.55238461047956,1.09629540931362,0.336261915781173,0.203148213514574,399.97342,92.29338,168.301046773239,166.440382618967,2.25,2.07692307692308,2.21336383940064,2.06336223306145,1.36892236074022,1.20182302376485,1,0.846153846153846,0.433012701892219,0.266469355010596,57.0,y1ba2cu3o7,13,cuprate_YBCO,cuprate,273400,1.7994,86.0,ARPES measured (canonical vmid),High
4,76.5177175,56.8088170714286,59.3100961333418,35.7734324182576,1.19727303349869,0.981879783570863,122.90607,34.8331599285714,44.2894585275144,52.5332069817455,787.05,1011.54071428571,734.219624171273,940.294344338809,1.31300802421591,0.786865234305601,772.0,738.578571428571,314.505965762178,353.819831451067,151.75,104.371428571429,131.302196551623,84.1108347003322,1.27527399052522,1.16005975115976,171,46.8428571428571,65.5796271718588,67.1114577035996,4434.35725,2961.47371428571,674.484751445268,53.4270174887903,0.995982779568411,0.769628332487839,8958.571,1623.48342857143,3402.85619588643,3581.84892090518,79.6075,111.779214285714,48.4772646848066,98.4119621279586,1.09667176877521,0.777657155958259,135.97,81.2886428571429,54.3730969207199,42.5578923529527,6.9055,3.83471428571429,3.47947484936327,1.03921119227177,1.08857534188499,0.96403104867923,12.878,1.74457142857143,4.59906411675245,4.6583013524026,112.006645,61.34376,8.33981834610162,0.629441022509672,0.403693221013522,0.283412116654505,399.97342,57.1276685714286,166.742351106334,138.437713993087,2.25,2.26428571428571,2.21336383940064,2.2262216392083,1.36892236074022,1.04883427304761,1,1.1,0.433012701892219,0.440952123830019,42.0,la1.85sr0.15cu1o4,29,cuprate_LSCO,cuprate,245000,1.6125,31.6,ARPES measured,High
4,105.313925,76.633,73.0883762545777,42.6054174665645,1.12584817902596,1.15864641056541,188.3839,31.3836909090909,71.6959238182819,75.2194799690394,787.375,982.4,733.513183093207,905.220525559067,1.31211186553251,0.877226855858847,810.6,648.509090909091,315.724764430983,367.154441123029,150.5,113.727272727273,128.740025194666,88.9630381515022,1.25878050352551,1.30036073254033,205,32.8181818181818,72.5827114401219,79.3531701939797,6080.35725,3608.05218181818,854.262665195479,67.4747244434402,0.998141383301719,0.952104272052556,11848.571,2153.766,4613.60013686521,4695.92053361497,74.6375,95.2,48.3485238699581,65.951977310881,1.05768348464572,0.645370390180314,127.05,74.9181818181818,57.1542362275099,58.6627146568337,6.3805,3.53018181818182,3.14406044539472,1.05329884711804,1.04418073353965,1.17877374986123,12.878,1.33345454545455,4.75542224728783,4.24372995923894,116.006645,48.0144981818182,9.6863760659405,0.808664223122662,0.483727931942032,0.700428338207067,399.97342,36.3491381818182,164.780030624066,112.621930629877,2.25,2.18181818181818,2.21336383940064,2.15301268319815,1.36892236074022,1.19884931291362,1,0.909090909090909,0.433012701892219,0.385694607919935,24.0,tl2ba2cu1o6,52,cuprate_Tl_based,cuprate,320000,2.1061,83.0,ARPES measured,High
4,105.313925,76.633,73.0883762545777,42.6054174665645,1.12584817902596,1.15864641056541,188.3839,31.3836909090909,71.6959238182819,75.2194799690394,787.375,982.4,733.513183093207,905.220525559067,1.31211186553251,0.877226855858847,810.6,648.509090909091,315.724764430983,367.154441123029,150.5,113.727272727273,128.740025194666,88.9630381515022,1.25878050352551,1.30036073254033,205,32.8181818181818,72.5827114401219,79.3531701939797,6080.35725,3608.05218181818,854.262665195479,67.4747244434402,0.998141383301719,0.952104272052556,11848.571,2153.766,4613.60013686521,4695.92053361497,74.6375,95.2,48.3485238699581,65.951977310881,1.05768348464572,0.645370390180314,127.05,74.9181818181818,57.1542362275099,58.6627146568337,6.3805,3.53018181818182,3.14406044539472,1.05329884711804,1.04418073353965,1.17877374986123,12.878,1.33345454545455,4.75542224728783,4.24372995923894,116.006645,48.0144981818182,9.6863760659405,0.808664223122662,0.483727931942032,0.700428338207067,399.97342,36.3491381818182,164.780030624066,112.621930629877,2.25,2.18181818181818,2.21336383940064,2.15301268319815,1.36892236074022,1.19884931291362,1,0.909090909090909,0.433012701892219,0.385694607919935,25.0,tl2ba2cu1o6,52,cuprate_Tl_based,cuprate,320000,2.1061,83.0,ARPES measured,High
5,83.24476,59.2244,59.5060814160275,36.126174653366,1.31151037344354,1.37205026883777,192.981,25.1921866666667,67.2338347072841,64.1963038171721,779.88,1005.86666666667,740.399332713733,945.371395526592,1.55321870407659,1.01920228760579,764.1,661.026666666667,276.063147848459,333.238432490745,149.8,106.133333333333,133.425311183972,86.4573385873277,1.51953736136792,1.57318466329146,171,16.2666666666667,58.6085318021191,66.3192949969229,4584.2858,2953.4288,874.164786339504,64.6228811852236,1.16177435651007,1.09951242220735,9778.571,1303.23786666667,4004.27323147741,3977.06081745709,73.1,105.475333333333,33.1487827641917,68.5472871662888,1.20088590631532,0.827671215145129,138.63,75.742,57.6456725175446,52.6707822695742,8.1524,4.9544,4.6464334920886,1.32187528238585,1.3929374917507,1.39581372668179,12.878,1.62826666666667,4.36102637460495,5.2534095696668,128.605316,72.414176,14.2876432915522,0.969156077634558,0.87197627698413,0.777322832630269,399.97342,53.3191573333333,154.008028485009,137.579264999148,2.6,2.4,2.40224886796286,2.25989709292424,1.5193826646423,1.36507672357122,3,0.933333333333333,1.2,1.01980390271856,77.0,bi2sr2ca1cu2o8,45,cuprate_BSCCO,cuprate,304000,2.0008,85.0,ARPES measured,High
4,105.313925,76.633,73.0883762545777,42.6054174665645,1.12584817902596,1.15864641056541,188.3839,31.3836909090909,71.6959238182819,75.2194799690394,787.375,982.4,733.513183093207,905.220525559067,1.31211186553251,0.877226855858847,810.6,648.509090909091,315.724764430983,367.154441123029,150.5,113.727272727273,128.740025194666,88.9630381515022,1.25878050352551,1.30036073254033,205,32.8181818181818,72.5827114401219,79.3531701939797,6080.35725,3608.05218181818,854.262665195479,67.4747244434402,0.998141383301719,0.952104272052556,11848.571,2153.766,4613.60013686521,4695.92053361497,74.6375,95.2,48.3485238699581,65.951977310881,1.05768348464572,0.645370390180314,127.05,74.9181818181818,57.1542362275099,58.6627146568337,6.3805,3.53018181818182,3.14406044539472,1.05329884711804,1.04418073353965,1.17877374986123,12.878,1.33345454545455,4.75542224728783,4.24372995923894,116.006645,48.0144981818182,9.6863760659405,0.808664223122662,0.483727931942032,0.700428338207067,399.97342,36.3491381818182,164.780030624066,112.621930629877,2.25,2.18181818181818,2.21336383940064,2.15301268319815,1.36892236074022,1.19884931291362,1,0.909090909090909,0.433012701892219,0.385694607919935,38.0,tl2ba2cu1o6,52,cuprate_Tl_based,cuprate,320000,2.1061,83.0,ARPES measured,High
4,105.313925,76.633,73.0883762545777,42.6054174665645,1.12584817902596,1.15864641056541,188.3839,31.3836909090909,71.6959238182819,75.2194799690394,787.375,982.4,733.513183093207,905.220525559067,1.31211186553251,0.877226855858847,810.6,648.509090909091,315.724764430983,367.154441123029,150.5,113.727272727273,128.740025194666,88.9630381515022,1.25878050352551,1.30036073254033,205,32.8181818181818,72.5827114401219,79.3531701939797,6080.35725,3608.05218181818,854.262665195479,67.4747244434402,0.998141383301719,0.952104272052556,11848.571,2153.766,4613.60013686521,4695.92053361497,74.6375,95.2,48.3485238699581,65.951977310881,1.05768348464572,0.645370390180314,127.05,74.9181818181818,57.1542362275099,58.6627146568337,6.3805,3.53018181818182,3.14406044539472,1.05329884711804,1.04418073353965,1.17877374986123,12.878,1.33345454545455,4.75542224728783,4.24372995923894,116.006645,48.0144981818182,9.6863760659405,0.808664223122662,0.483727931942032,0.700428338207067,399.97342,36.3491381818182,164.780030624066,112.621930629877,2.25,2.18181818181818,2.21336383940064,2.15301268319815,1.36892236074022,1.19884931291362,1,0.909090909090909,0.433012701892219,0.385694607919935,68.0,tl2ba2cu1o6,52,cuprate_Tl_based,cuprate,320000,2.1061,83.0,ARPES measured,High
4,105.313925,76.633,73.0883762545777,42.6054174665645,1.12584817902596,1.15864641056541,188.3839,31.3836909090909,71.6959238182819,75.2194799690394,787.375,982.4,733.513183093207,905.220525559067,1.31211186553251,0.877226855858847,810.6,648.509090909091,315.724764430983,367.154441123029,150.5,113.727272727273,128.740025194666,88.9630381515022,1.25878050352551,1.30036073254033,205,32.8181818181818,72.5827114401219,79.3531701939797,6080.35725,3608.05218181818,854.262665195479,67.4747244434402,0.998141383301719,0.952104272052556,11848.571,2153.766,4613.60013686521,4695.92053361497,74.6375,95.2,48.3485238699581,65.951977310881,1.05768348464572,0.645370390180314,127.05,74.9181818181818,57.1542362275099,58.6627146568337,6.3805,3.53018181818182,3.14406044539472,1.05329884711804,1.04418073353965,1.17877374986123,12.878,1.33345454545455,4.75542224728783,4.24372995923894,116.006645,48.0144981818182,9.6863760659405,0.808664223122662,0.483727931942032,0.700428338207067,399.97342,36.3491381818182,164.780030624066,112.621930629877,2.25,2.18181818181818,2.21336383940064,2.15301268319815,1.36892236074022,1.19884931291362,1,0.909090909090909,0.433012701892219,0.385694607919935,79.0,tl2ba2cu1o6,52,cuprate_Tl_based,cuprate,320000,2.1061,83.0,ARPES measured,High
4,105.313925,76.633,73.0883762545777,42.6054174665645,1.12584817902596,1.15864641056541,188.3839,31.3836909090909,71.6959238182819,75.2194799690394,787.375,982.4,733.513183093207,905.220525559067,1.31211186553251,0.877226855858847,810.6,648.509090909091,315.724764430983,367.154441123029,150.5,113.727272727273,128.740025194666,88.9630381515022,1.25878050352551,1.30036073254033,205,32.8181818181818,72.5827114401219,79.3531701939797,6080.35725,3608.05218181818,854.262665195479,67.4747244434402,0.998141383301719,0.952104272052556,11848.571,2153.766,4613.60013686521,4695.92053361497,74.6375,95.2,48.3485238699581,65.951977310881,1.05768348464572,0.645370390180314,127.05,74.9181818181818,57.1542362275099,58.6627146568337,6.3805,3.53018181818182,3.14406044539472,1.05329884711804,1.04418073353965,1.17877374986123,12.878,1.33345454545455,4.75542224728783,4.24372995923894,116.006645,48.0144981818182,9.6863760659405,0.808664223122662,0.483727931942032,0.700428338207067,399.97342,36.3491381818182,164.780030624066,112.621930629877,2.25,2.18181818181818,2.21336383940064,2.15301268319815,1.36892236074022,1.19884931291362,1,0.909090909090909,0.433012701892219,0.385694607919935,90.0,tl2ba2cu1o6,52,cuprate_Tl_based,cuprate,320000,2.1061,83.0,ARPES measured,High
5,56.25108,41.0111295454545,42.3360078228979,30.0618134942113,1.33843451130106,1.34279698531071,121.3276,14.2765568181818,43.6551003859297,36.0832250816213,777.46,1012.6175,734.393629834029,949.853183887643,1.54903442023158,0.905018612224013,810.6,711.209318181818,283.035775830548,336.009625860663,157.0,108.256818181818,137.714572594477,86.6636731867105,1.50519651099019,1.41635955921334,205,31.9659090909091,67.4596175500573,71.788039956424,3151.8858,2568.87945454545,655.549914436072,55.0173565359288,1.12761958208642,0.669734904141966,8958.571,2035.58418181818,3109.75643936411,3619.18706191425,56.644,106.893386363636,17.2612781570872,68.027941099468,0.954578304986785,0.663074411579593,141.0,77.7170454545454,61.4743454133511,54.2297987535517,7.7124,4.99127272727273,4.44158805103421,1.27809044866284,1.39253509699223,1.06570666830573,12.878,2.91795454545455,4.1683405619023,5.46795745629039,155.605316,119.559952727273,22.7723311329962,1.44303003796439,1.10398462136239,0.642378922414674,399.97342,90.8945927272727,144.816386413415,165.695119525798,2.0,2.0,2.0,2.0,1.6094379124341,1.18410359623499,0,1.07727272727273,0.0,0.0,116.6,ba2ca2.85mg0.15cu5o12,80,cuprate_other,cuprate,273400,1.7994,116.6,ARPES estimated (canonical),Medium
5,83.24476,59.2244,59.5060814160275,36.126174653366,1.31151037344354,1.37205026883777,192.981,25.1921866666667,67.2338347072841,64.1963038171721,779.88,1005.86666666667,740.399332713733,945.371395526592,1.55321870407659,1.01920228760579,764.1,661.026666666667,276.063147848459,333.238432490745,149.8,106.133333333333,133.425311183972,86.4573385873277,1.51953736136792,1.57318466329146,171,16.2666666666667,58.6085318021191,66.3192949969229,4584.2858,2953.4288,874.164786339504,64.6228811852236,1.16177435651007,1.09951242220735,9778.571,1303.23786666667,4004.27323147741,3977.06081745709,73.1,105.475333333333,33.1487827641917,68.5472871662888,1.20088590631532,0.827671215145129,138.63,75.742,57.6456725175446,52.6707822695742,8.1524,4.9544,4.6464334920886,1.32187528238585,1.3929374917507,1.39581372668179,12.878,1.62826666666667,4.36102637460495,5.2534095696668,128.605316,72.414176,14.2876432915522,0.969156077634558,0.87197627698413,0.777322832630269,399.97342,53.3191573333333,154.008028485009,137.579264999148,2.6,2.4,2.40224886796286,2.25989709292424,1.5193826646423,1.36507672357122,3,0.933333333333333,1.2,1.01980390271856,78.0,bi2sr2ca1cu2o8,45,cuprate_BSCCO,cuprate,304000,2.0008,85.0,ARPES measured,High
5,83.24476,59.2244,59.5060814160275,36.126174653366,1.31151037344354,1.37205026883777,192.981,25.1921866666667,67.2338347072841,64.1963038171721,779.88,1005.86666666667,740.399332713733,945.371395526592,1.55321870407659,1.01920228760579,764.1,661.026666666667,276.063147848459,333.238432490745,149.8,106.133333333333,133.425311183972,86.4573385873277,1.51953736136792,1.57318466329146,171,16.2666666666667,58.6085318021191,66.3192949969229,4584.2858,2953.4288,874.164786339504,64.6228811852236,1.16177435651007,1.09951242220735,9778.571,1303.23786666667,4004.27323147741,3977.06081745709,73.1,105.475333333333,33.1487827641917,68.5472871662888,1.20088590631532,0.827671215145129,138.63,75.742,57.6456725175446,52.6707822695742,8.1524,4.9544,4.6464334920886,1.32187528238585,1.3929374917507,1.39581372668179,12.878,1.62826666666667,4.36102637460495,5.2534095696668,128.605316,72.414176,14.2876432915522,0.969156077634558,0.87197627698413,0.777322832630269,399.97342,53.3191573333333,154.008028485009,137.579264999148,2.6,2.4,2.40224886796286,2.25989709292424,1.5193826646423,1.36507672357122,3,0.933333333333333,1.2,1.01980390271856,76.0,bi2sr2ca1cu2o8,45,cuprate_BSCCO,cuprate,304000,2.0008,85.0,ARPES measured,High
5,83.24476,59.2244,59.5060814160275,36.126174653366,1.31151037344354,1.37205026883777,192.981,25.1921866666667,67.2338347072841,64.1963038171721,779.88,1005.86666666667,740.399332713733,945.371395526592,1.55321870407659,1.01920228760579,764.1,661.026666666667,276.063147848459,333.238432490745,149.8,106.133333333333,133.425311183972,86.4573385873277,1.51953736136792,1.57318466329146,171,16.2666666666667,58.6085318021191,66.3192949969229,4584.2858,2953.4288,874.164786339504,64.6228811852236,1.16177435651007,1.09951242220735,9778.571,1303.23786666667,4004.27323147741,3977.06081745709,73.1,105.475333333333,33.1487827641917,68.5472871662888,1.20088590631532,0.827671215145129,138.63,75.742,57.6456725175446,52.6707822695742,8.1524,4.9544,4.6464334920886,1.32187528238585,1.3929374917507,1.39581372668179,12.878,1.62826666666667,4.36102637460495,5.2534095696668,128.605316,72.414176,14.2876432915522,0.969156077634558,0.87197627698413,0.777322832630269,399.97342,53.3191573333333,154.008028485009,137.579264999148,2.6,2.4,2.40224886796286,2.25989709292424,1.5193826646423,1.36507672357122,3,0.933333333333333,1.2,1.01980390271856,73.0,bi2sr2ca1cu2o8,45,cuprate_BSCCO,cuprate,304000,2.0008,85.0,ARPES measured,High
5,104.607374,90.624805,79.8383105520182,73.69181177626,1.43058242118953,1.32584075596519,151.2596,36.9506571428571,56.0527769988277,48.1557552943783,736.54,730.592857142857,688.349119619304,693.144298045766,1.53587611544256,1.34899716169231,810.6,280.635714285714,299.885715565113,259.981525344414,173.4,171.357142857143,150.651882293434,153.041163515481,1.50475361855898,1.28728312765159,205,65.4285714285714,72.2512283632604,68.0384420150604,5536.6858,5929.63271428571,1201.52033428243,1915.24768722527,1.32717679813783,1.01685522773338,9064.571,3839.79585714286,3443.62964914733,3366.72857656359,75.77,83.3714285714286,58.2901256971925,60.4810567505235,1.39956160761746,1.06984301217697,127.05,47.85,47.577301310604,50.4371876491858,9.5044,9.80314285714286,4.93152883243976,6.21368298990354,1.31261714183301,1.09869011950437,19.678,5.58257142857143,6.62859241770076,5.1826360482059,89.205316,178.575225714286,8.21078002079374,25.8421225046639,0.444928183942616,0.199642720742755,399.97342,171.424774285714,155.518525387297,191.841162734078,2.4,2.14285714285714,2.35215804504935,2.1192680453341,1.58902691517397,1.44815527141606,1,0.642857142857143,0.489897948556636,0.349927106111883,87.0,la0.5er0.5ba2cu3o,32,cuprate_LSCO,cuprate,245000,1.6125,87.0,ARPES measured,High
4,76.4445625,51.518892248062,59.3566724745425,35.147400203827,1.1995407452483,1.29069116588067,121.3276,14.3990813953488,43.8233541228786,44.2535665434991,794.0,1001.22403100775,741.629348855485,935.114076729286,1.31500430814302,0.895987109708696,810.6,654.650387596899,311.743492313793,342.630435927781,164.5,115.054263565891,139.000513752081,90.120839474344,1.25670056650299,1.33924280475906,205,22.7906976744186,77.5258021564434,79.3242106093641,4235.85725,2975.33799224806,669.556587809389,68.3455537043014,1.01540712310099,0.81277042040323,8958.571,2082.95658139535,3194.93894591629,3643.8840288369,77.2375,108.910852713178,53.5279646494387,86.205442920185,1.10518217403612,0.766899508925827,127.05,73.8255813953488,54.8307552268797,49.5494956369642,8.1805,5.28928682170543,4.03556899860879,1.35565737416138,1.11209819664271,1.04203375695533,12.878,2.92776744186047,4.9481552875794,5.65296450346393,108.756645,97.1460001550387,7.55238461047956,1.12836566846972,0.336261915781173,0.203129932293431,399.97342,93.0090386046512,168.301046773239,166.866991991426,2.25,2.07751937984496,2.21336383940064,2.0638611731558,1.36892236074022,1.20586465999055,1,0.837209302325582,0.433012701892219,0.2674137722583,92.6,y1ba2cu3o6.9,20,cuprate_YBCO,cuprate,273400,1.7994,88.0,ARPES measured (canonical vmid),High
4,76.5177175,56.8088170714286,59.3100961333418,35.7734324182576,1.19727303349869,0.981879783570863,122.90607,34.8331599285714,44.2894585275144,52.5332069817455,787.05,1011.54071428571,734.219624171273,940.294344338809,1.31300802421591,0.786865234305601,772.0,738.578571428571,314.505965762178,353.819831451067,151.75,104.371428571429,131.302196551623,84.1108347003322,1.27527399052522,1.16005975115976,171,46.8428571428571,65.5796271718588,67.1114577035996,4434.35725,2961.47371428571,674.484751445268,53.4270174887903,0.995982779568411,0.769628332487839,8958.571,1623.48342857143,3402.85619588643,3581.84892090518,79.6075,111.779214285714,48.4772646848066,98.4119621279586,1.09667176877521,0.777657155958259,135.97,81.2886428571429,54.3730969207199,42.5578923529527,6.9055,3.83471428571429,3.47947484936327,1.03921119227177,1.08857534188499,0.96403104867923,12.878,1.74457142857143,4.59906411675245,4.6583013524026,112.006645,61.34376,8.33981834610162,0.629441022509672,0.403693221013522,0.283412116654505,399.97342,57.1276685714286,166.742351106334,138.437713993087,2.25,2.26428571428571,2.21336383940064,2.2262216392083,1.36892236074022,1.04883427304761,1,1.1,0.433012701892219,0.440952123830019,30.5,la1.85sr0.15cu1o4,29,cuprate_LSCO,cuprate,245000,1.6125,31.6,ARPES measured,High
4,76.5177175,56.8088170714286,59.3100961333418,35.7734324182576,1.19727303349869,0.981879783570863,122.90607,34.8331599285714,44.2894585275144,52.5332069817455,787.05,1011.54071428571,734.219624171273,940.294344338809,1.31300802421591,0.786865234305601,772.0,738.578571428571,314.505965762178,353.819831451067,151.75,104.371428571429,131.302196551623,84.1108347003322,1.27527399052522,1.16005975115976,171,46.8428571428571,65.5796271718588,67.1114577035996,4434.35725,2961.47371428571,674.484751445268,53.4270174887903,0.995982779568411,0.769628332487839,8958.571,1623.48342857143,3402.85619588643,3581.84892090518,79.6075,111.779214285714,48.4772646848066,98.4119621279586,1.09667176877521,0.777657155958259,135.97,81.2886428571429,54.3730969207199,42.5578923529527,6.9055,3.83471428571429,3.47947484936327,1.03921119227177,1.08857534188499,0.96403104867923,12.878,1.74457142857143,4.59906411675245,4.6583013524026,112.006645,61.34376,8.33981834610162,0.629441022509672,0.403693221013522,0.283412116654505,399.97342,57.1276685714286,166.742351106334,138.437713993087,2.25,2.26428571428571,2.21336383940064,2.2262216392083,1.36892236074022,1.04883427304761,1,1.1,0.433012701892219,0.440952123830019,27.5,la1.85sr0.15cu1o4,29,cuprate_LSCO,cuprate,245000,1.6125,31.6,ARPES measured,High
4,76.5177175,56.8088170714286,59.3100961333418,35.7734324182576,1.19727303349869,0.981879783570863,122.90607,34.8331599285714,44.2894585275144,52.5332069817455,787.05,1011.54071428571,734.219624171273,940.294344338809,1.31300802421591,0.786865234305601,772.0,738.578571428571,314.505965762178,353.819831451067,151.75,104.371428571429,131.302196551623,84.1108347003322,1.27527399052522,1.16005975115976,171,46.8428571428571,65.5796271718588,67.1114577035996,4434.35725,2961.47371428571,674.484751445268,53.4270174887903,0.995982779568411,0.769628332487839,8958.571,1623.48342857143,3402.85619588643,3581.84892090518,79.6075,111.779214285714,48.4772646848066,98.4119621279586,1.09667176877521,0.777657155958259,135.97,81.2886428571429,54.3730969207199,42.5578923529527,6.9055,3.83471428571429,3.47947484936327,1.03921119227177,1.08857534188499,0.96403104867923,12.878,1.74457142857143,4.59906411675245,4.6583013524026,112.006645,61.34376,8.33981834610162,0.629441022509672,0.403693221013522,0.283412116654505,399.97342,57.1276685714286,166.742351106334,138.437713993087,2.25,2.26428571428571,2.21336383940064,2.2262216392083,1.36892236074022,1.04883427304761,1,1.1,0.433012701892219,0.440952123830019,27.0,la1.85sr0.15cu1o4,29,cuprate_LSCO,cuprate,245000,1.6125,31.6,ARPES measured,High
4,76.5177175,56.8088170714286,59.3100961333418,35.7734324182576,1.19727303349869,0.981879783570863,122.90607,34.8331599285714,44.2894585275144,52.5332069817455,787.05,1011.54071428571,734.219624171273,940.294344338809,1.31300802421591,0.786865234305601,772.0,738.578571428571,314.505965762178,353.819831451067,151.75,104.371428571429,131.302196551623,84.1108347003322,1.27527399052522,1.16005975115976,171,46.8428571428571,65.5796271718588,67.1114577035996,4434.35725,2961.47371428571,674.484751445268,53.4270174887903,0.995982779568411,0.769628332487839,8958.571,1623.48342857143,3402.85619588643,3581.84892090518,79.6075,111.779214285714,48.4772646848066,98.4119621279586,1.09667176877521,0.777657155958259,135.97,81.2886428571429,54.3730969207199,42.5578923529527,6.9055,3.83471428571429,3.47947484936327,1.03921119227177,1.08857534188499,0.96403104867923,12.878,1.74457142857143,4.59906411675245,4.6583013524026,112.006645,61.34376,8.33981834610162,0.629441022509672,0.403693221013522,0.283412116654505,399.97342,57.1276685714286,166.742351106334,138.437713993087,2.25,2.26428571428571,2.21336383940064,2.2262216392083,1.36892236074022,1.04883427304761,1,1.1,0.433012701892219,0.440952123830019,23.0,la1.85sr0.15cu1o4,29,cuprate_LSCO,cuprate,245000,1.6125,31.6,ARPES measured,High
4,76.5177175,56.8088170714286,59.3100961333418,35.7734324182576,1.19727303349869,0.981879783570863,122.90607,34.8331599285714,44.2894585275144,52.5332069817455,787.05,1011.54071428571,734.219624171273,940.294344338809,1.31300802421591,0.786865234305601,772.0,738.578571428571,314.505965762178,353.819831451067,151.75,104.371428571429,131.302196551623,84.1108347003322,1.27527399052522,1.16005975115976,171,46.8428571428571,65.5796271718588,67.1114577035996,4434.35725,2961.47371428571,674.484751445268,53.4270174887903,0.995982779568411,0.769628332487839,8958.571,1623.48342857143,3402.85619588643,3581.84892090518,79.6075,111.779214285714,48.4772646848066,98.4119621279586,1.09667176877521,0.777657155958259,135.97,81.2886428571429,54.3730969207199,42.5578923529527,6.9055,3.83471428571429,3.47947484936327,1.03921119227177,1.08857534188499,0.96403104867923,12.878,1.74457142857143,4.59906411675245,4.6583013524026,112.006645,61.34376,8.33981834610162,0.629441022509672,0.403693221013522,0.283412116654505,399.97342,57.1276685714286,166.742351106334,138.437713993087,2.25,2.26428571428571,2.21336383940064,2.2262216392083,1.36892236074022,1.04883427304761,1,1.1,0.433012701892219,0.440952123830019,25.0,la1.85sr0.15cu1o4,29,cuprate_LSCO,cuprate,245000,1.6125,31.6,ARPES measured,High
5,92.26674,58.3233153846154,64.8126619740323,35.9479624028138,1.32328660934735,1.45851168804021,188.3839,18.0443076923077,69.2326551521925,59.9636585893854,747.78,989.615384615385,702.115183963558,917.701862877112,1.54100618977138,0.971476090603845,810.6,661.753846153846,293.286136051468,355.990213448356,159.2,114.0,139.74337176418,89.5775927754325,1.50732079160841,1.52571974103777,205,26.9230769230769,67.2113085722931,78.0630908550651,5174.2858,2950.00023076923,962.364248380021,62.4785904769994,1.16506544127006,1.16106312928267,11848.571,1377.69207692308,4506.89548007568,4065.76605133348,60.484,99.4438461538462,29.1775463973801,64.404156934178,1.11263862269811,0.685418164357085,138.63,76.4330769230769,58.4343360020459,57.6852340176291,6.8124,4.34569230769231,3.83958497592852,1.19799191823469,1.34550846737517,1.29131248415919,12.878,1.89584615384615,4.34020541449365,4.93520357906985,132.805316,83.2450815384615,17.7474131712332,1.12208556015168,0.949904122208674,0.784326087765539,399.97342,61.5241492307692,151.16463932891,144.828104513589,2.2,2.07692307692308,2.1689435423954,2.06336223306145,1.59416669911802,1.34327061671926,1,0.923076923076923,0.4,0.266469355010596,93.0,tl1ba2ca1cu2o7,58,cuprate_Tl_based,cuprate,320000,2.1061,93.0,ARPES measured,High
5,92.26674,58.3233153846154,64.8126619740323,35.9479624028138,1.32328660934735,1.45851168804021,188.3839,18.0443076923077,69.2326551521925,59.9636585893854,747.78,989.615384615385,702.115183963558,917.701862877112,1.54100618977138,0.971476090603845,810.6,661.753846153846,293.286136051468,355.990213448356,159.2,114.0,139.74337176418,89.5775927754325,1.50732079160841,1.52571974103777,205,26.9230769230769,67.2113085722931,78.0630908550651,5174.2858,2950.00023076923,962.364248380021,62.4785904769994,1.16506544127006,1.16106312928267,11848.571,1377.69207692308,4506.89548007568,4065.76605133348,60.484,99.4438461538462,29.1775463973801,64.404156934178,1.11263862269811,0.685418164357085,138.63,76.4330769230769,58.4343360020459,57.6852340176291,6.8124,4.34569230769231,3.83958497592852,1.19799191823469,1.34550846737517,1.29131248415919,12.878,1.89584615384615,4.34020541449365,4.93520357906985,132.805316,83.2450815384615,17.7474131712332,1.12208556015168,0.949904122208674,0.784326087765539,399.97342,61.5241492307692,151.16463932891,144.828104513589,2.2,2.07692307692308,2.1689435423954,2.06336223306145,1.59416669911802,1.34327061671926,1,0.923076923076923,0.4,0.266469355010596,92.0,tl1ba2ca1cu2o7,58,cuprate_Tl_based,cuprate,320000,2.1061,93.0,ARPES measured,High
4,76.5177175,56.8088170714286,59.3100961333418,35.7734324182576,1.19727303349869,0.981879783570863,122.90607,34.8331599285714,44.2894585275144,52.5332069817455,787.05,1011.54071428571,734.219624171273,940.294344338809,1.31300802421591,0.786865234305601,772.0,738.578571428571,314.505965762178,353.819831451067,151.75,104.371428571429,131.302196551623,84.1108347003322,1.27527399052522,1.16005975115976,171,46.8428571428571,65.5796271718588,67.1114577035996,4434.35725,2961.47371428571,674.484751445268,53.4270174887903,0.995982779568411,0.769628332487839,8958.571,1623.48342857143,3402.85619588643,3581.84892090518,79.6075,111.779214285714,48.4772646848066,98.4119621279586,1.09667176877521,0.777657155958259,135.97,81.2886428571429,54.3730969207199,42.5578923529527,6.9055,3.83471428571429,3.47947484936327,1.03921119227177,1.08857534188499,0.96403104867923,12.878,1.74457142857143,4.59906411675245,4.6583013524026,112.006645,61.34376,8.33981834610162,0.629441022509672,0.403693221013522,0.283412116654505,399.97342,57.1276685714286,166.742351106334,138.437713993087,2.25,2.26428571428571,2.21336383940064,2.2262216392083,1.36892236074022,1.04883427304761,1,1.1,0.433012701892219,0.440952123830019,43.0,la1.85sr0.15cu1o4,29,cuprate_LSCO,cuprate,245000,1.6125,31.6,ARPES measured,High
5,89.33718,51.7960086666667,70.560646546108,35.1540321744147,1.444537168109,1.4127562971477,124.90825,15.939444,46.917666579537,45.2768628041014,740.52,1003.46133333333,692.541331131983,938.401607143246,1.53695955961142,0.900747781325192,810.6,683.909333333333,298.643006949769,339.884006446644,181.0,113.533333333333,155.938199338429,89.3688901229265,1.49986114126876,1.42514101361511,205,33.0133333333333,76.7932288681756,78.2243497185428,4716.6858,3242.9488,1059.40848225352,72.3725227011361,1.32393024336346,0.832780408516233,8958.571,2388.5712,3015.11065675649,3851.13953824065,72.09,112.922666666667,53.1160816531692,93.2945069498459,1.35742892856008,0.805944228762295,127.05,75.1706666666667,50.1110406996303,45.5607647677497,7.9244,5.2584,4.49255745351485,1.35355951608839,1.38083030099626,1.00020031035483,12.878,3.37493333333333,4.4553048649896,5.66052243525277,89.605316,110.054176,8.41891159935983,1.25425167944304,0.457810241617619,0.162804526088917,399.97342,106.652490666667,155.329609173008,174.964030746586,2.6,2.10666666666667,2.49146187923103,2.07858104427927,1.5649572502428,1.27397863415119,2,0.986666666666667,0.8,0.418675159149536,32.0,y0.4pr0.6ba2cu4o8,1,cuprate_YBCO,cuprate,273400,1.7994,40.5,ARPES measured (canonical vmid),High
4,76.5177175,56.8088170714286,59.3100961333418,35.7734324182576,1.19727303349869,0.981879783570863,122.90607,34.8331599285714,44.2894585275144,52.5332069817455,787.05,1011.54071428571,734.219624171273,940.294344338809,1.31300802421591,0.786865234305601,772.0,738.578571428571,314.505965762178,353.819831451067,151.75,104.371428571429,131.302196551623,84.1108347003322,1.27527399052522,1.16005975115976,171,46.8428571428571,65.5796271718588,67.1114577035996,4434.35725,2961.47371428571,674.484751445268,53.4270174887903,0.995982779568411,0.769628332487839,8958.571,1623.48342857143,3402.85619588643,3581.84892090518,79.6075,111.779214285714,48.4772646848066,98.4119621279586,1.09667176877521,0.777657155958259,135.97,81.2886428571429,54.3730969207199,42.5578923529527,6.9055,3.83471428571429,3.47947484936327,1.03921119227177,1.08857534188499,0.96403104867923,12.878,1.74457142857143,4.59906411675245,4.6583013524026,112.006645,61.34376,8.33981834610162,0.629441022509672,0.403693221013522,0.283412116654505,399.97342,57.1276685714286,166.742351106334,138.437713993087,2.25,2.26428571428571,2.21336383940064,2.2262216392083,1.36892236074022,1.04883427304761,1,1.1,0.433012701892219,0.440952123830019,38.9,la1.85sr0.15cu1o4,29,cuprate_LSCO,cuprate,245000,1.6125,31.6,ARPES measured,High
5,83.24476,59.2244,59.5060814160275,36.126174653366,1.31151037344354,1.37205026883777,192.981,25.1921866666667,67.2338347072841,64.1963038171721,779.88,1005.86666666667,740.399332713733,945.371395526592,1.55321870407659,1.01920228760579,764.1,661.026666666667,276.063147848459,333.238432490745,149.8,106.133333333333,133.425311183972,86.4573385873277,1.51953736136792,1.57318466329146,171,16.2666666666667,58.6085318021191,66.3192949969229,4584.2858,2953.4288,874.164786339504,64.6228811852236,1.16177435651007,1.09951242220735,9778.571,1303.23786666667,4004.27323147741,3977.06081745709,73.1,105.475333333333,33.1487827641917,68.5472871662888,1.20088590631532,0.827671215145129,138.63,75.742,57.6456725175446,52.6707822695742,8.1524,4.9544,4.6464334920886,1.32187528238585,1.3929374917507,1.39581372668179,12.878,1.62826666666667,4.36102637460495,5.2534095696668,128.605316,72.414176,14.2876432915522,0.969156077634558,0.87197627698413,0.777322832630269,399.97342,53.3191573333333,154.008028485009,137.579264999148,2.6,2.4,2.40224886796286,2.25989709292424,1.5193826646423,1.36507672357122,3,0.933333333333333,1.2,1.01980390271856,82.5,bi2sr2ca1cu2o8,45,cuprate_BSCCO,cuprate,304000,2.0008,85.0,ARPES measured,High
4,76.4445625,51.2456653846154,59.3566724745425,34.93526616493,1.1995407452483,1.29188813799544,121.3276,14.2883192307692,43.8233541228786,44.1921252152174,794.0,1003.62307692308,741.629348855485,937.559192443233,1.31500430814302,0.890516212329374,810.6,659.715384615385,311.743492313793,342.396001400641,164.5,114.538461538462,139.000513752081,89.6851907721419,1.25670056650299,1.339742693422,205,22.6153846153846,77.5258021564434,79.2353994166121,4235.85725,2952.46176923077,669.556587809389,66.3421689582226,1.01540712310099,0.812798145814768,8958.571,2066.92284615385,3194.93894591629,3639.1292471846,77.2375,109.169230769231,53.5279646494387,86.5393772975223,1.10518217403612,0.762761032074798,127.05,74.3538461538461,54.8307552268797,49.4457143606911,8.1805,5.25030769230769,4.03556899860879,1.33691977973836,1.11209819664271,1.04292735932209,12.878,2.90353846153846,4.9481552875794,5.64855656694176,108.756645,96.3989276923077,7.55238461047956,1.09629540931362,0.336261915781173,0.203148213514574,399.97342,92.29338,168.301046773239,166.440382618967,2.25,2.07692307692308,2.21336383940064,2.06336223306145,1.36892236074022,1.20182302376485,1,0.846153846153846,0.433012701892219,0.266469355010596,86.6,y1ba2cu3o7,13,cuprate_YBCO,cuprate,273400,1.7994,86.0,ARPES measured (canonical vmid),High
4,97.9598,57.8657384615385,70.3033263954757,36.8028446101478,1.15307517091914,1.33852775623715,158.9674,12.5121692307692,62.0114329850553,54.566241304048,768.4,995.746153846154,708.641979880737,924.525057808176,1.30174309365185,0.87273452838423,810.6,667.592307692308,329.08115260525,352.272024731292,165.75,114.923076923077,139.812941759091,89.8461549351321,1.25570514472447,1.34174907677111,205,22.2307692307692,78.3178619473234,79.7182167565246,5578.10725,3365.46176923077,815.49564606351,70.4918161122723,1.01899345593772,0.930382622333031,9839.571,2066.92284615385,4030.69042076016,4067.58260596263,82.3375,110.738461538462,60.7214928257155,89.9629157631912,1.1640132003214,0.802321609327215,127.05,74.3538461538461,51.12571973821,47.2166412720955,10.8305,6.06569230769231,4.75646422349896,1.406268532004,1.04474296689737,1.10424386222608,21.778,2.90353846153846,7.91296978068285,7.06492357609724,108.506645,96.3220046153846,7.43878255508962,1.09119481211891,0.329500146289958,0.199852625126025,399.97342,92.29338,168.437846600662,166.477287315448,2.25,2.07692307692308,2.21336383940064,2.06336223306145,1.36892236074022,1.20182302376485,1,0.846153846153846,0.433012701892219,0.266469355010596,87.0,lu1ba2cu3o7,19,cuprate_YBCO,cuprate,273400,1.7994,91.85,ARPES measured (canonical vmid),High
4,97.9598,57.8657384615385,70.3033263954757,36.8028446101478,1.15307517091914,1.33852775623715,158.9674,12.5121692307692,62.0114329850553,54.566241304048,768.4,995.746153846154,708.641979880737,924.525057808176,1.30174309365185,0.87273452838423,810.6,667.592307692308,329.08115260525,352.272024731292,165.75,114.923076923077,139.812941759091,89.8461549351321,1.25570514472447,1.34174907677111,205,22.2307692307692,78.3178619473234,79.7182167565246,5578.10725,3365.46176923077,815.49564606351,70.4918161122723,1.01899345593772,0.930382622333031,9839.571,2066.92284615385,4030.69042076016,4067.58260596263,82.3375,110.738461538462,60.7214928257155,89.9629157631912,1.1640132003214,0.802321609327215,127.05,74.3538461538461,51.12571973821,47.2166412720955,10.8305,6.06569230769231,4.75646422349896,1.406268532004,1.04474296689737,1.10424386222608,21.778,2.90353846153846,7.91296978068285,7.06492357609724,108.506645,96.3220046153846,7.43878255508962,1.09119481211891,0.329500146289958,0.199852625126025,399.97342,92.29338,168.437846600662,166.477287315448,2.25,2.07692307692308,2.21336383940064,2.06336223306145,1.36892236074022,1.20182302376485,1,0.846153846153846,0.433012701892219,0.266469355010596,85.0,lu1ba2cu3o7,19,cuprate_YBCO,cuprate,273400,1.7994,91.85,ARPES measured (canonical vmid),High
4,97.9598,57.8657384615385,70.3033263954757,36.8028446101478,1.15307517091914,1.33852775623715,158.9674,12.5121692307692,62.0114329850553,54.566241304048,768.4,995.746153846154,708.641979880737,924.525057808176,1.30174309365185,0.87273452838423,810.6,667.592307692308,329.08115260525,352.272024731292,165.75,114.923076923077,139.812941759091,89.8461549351321,1.25570514472447,1.34174907677111,205,22.2307692307692,78.3178619473234,79.7182167565246,5578.10725,3365.46176923077,815.49564606351,70.4918161122723,1.01899345593772,0.930382622333031,9839.571,2066.92284615385,4030.69042076016,4067.58260596263,82.3375,110.738461538462,60.7214928257155,89.9629157631912,1.1640132003214,0.802321609327215,127.05,74.3538461538461,51.12571973821,47.2166412720955,10.8305,6.06569230769231,4.75646422349896,1.406268532004,1.04474296689737,1.10424386222608,21.778,2.90353846153846,7.91296978068285,7.06492357609724,108.506645,96.3220046153846,7.43878255508962,1.09119481211891,0.329500146289958,0.199852625126025,399.97342,92.29338,168.437846600662,166.477287315448,2.25,2.07692307692308,2.21336383940064,2.06336223306145,1.36892236074022,1.20182302376485,1,0.846153846153846,0.433012701892219,0.266469355010596,86.0,lu1ba2cu3o7,19,cuprate_YBCO,cuprate,273400,1.7994,91.85,ARPES measured (canonical vmid),High
4,76.5177175,56.8088170714286,59.3100961333418,35.7734324182576,1.19727303349869,0.981879783570863,122.90607,34.8331599285714,44.2894585275144,52.5332069817455,787.05,1011.54071428571,734.219624171273,940.294344338809,1.31300802421591,0.786865234305601,772.0,738.578571428571,314.505965762178,353.819831451067,151.75,104.371428571429,131.302196551623,84.1108347003322,1.27527399052522,1.16005975115976,171,46.8428571428571,65.5796271718588,67.1114577035996,4434.35725,2961.47371428571,674.484751445268,53.4270174887903,0.995982779568411,0.769628332487839,8958.571,1623.48342857143,3402.85619588643,3581.84892090518,79.6075,111.779214285714,48.4772646848066,98.4119621279586,1.09667176877521,0.777657155958259,135.97,81.2886428571429,54.3730969207199,42.5578923529527,6.9055,3.83471428571429,3.47947484936327,1.03921119227177,1.08857534188499,0.96403104867923,12.878,1.74457142857143,4.59906411675245,4.6583013524026,112.006645,61.34376,8.33981834610162,0.629441022509672,0.403693221013522,0.283412116654505,399.97342,57.1276685714286,166.742351106334,138.437713993087,2.25,2.26428571428571,2.21336383940064,2.2262216392083,1.36892236074022,1.04883427304761,1,1.1,0.433012701892219,0.440952123830019,37.43,la1.85sr0.15cu1o4,29,cuprate_LSCO,cuprate,245000,1.6125,31.6,ARPES measured,High
4,76.5177175,56.8088170714286,59.3100961333418,35.7734324182576,1.19727303349869,0.981879783570863,122.90607,34.8331599285714,44.2894585275144,52.5332069817455,787.05,1011.54071428571,734.219624171273,940.294344338809,1.31300802421591,0.786865234305601,772.0,738.578571428571,314.505965762178,353.819831451067,151.75,104.371428571429,131.302196551623,84.1108347003322,1.27527399052522,1.16005975115976,171,46.8428571428571,65.5796271718588,67.1114577035996,4434.35725,2961.47371428571,674.484751445268,53.4270174887903,0.995982779568411,0.769628332487839,8958.571,1623.48342857143,3402.85619588643,3581.84892090518,79.6075,111.779214285714,48.4772646848066,98.4119621279586,1.09667176877521,0.777657155958259,135.97,81.2886428571429,54.3730969207199,42.5578923529527,6.9055,3.83471428571429,3.47947484936327,1.03921119227177,1.08857534188499,0.96403104867923,12.878,1.74457142857143,4.59906411675245,4.6583013524026,112.006645,61.34376,8.33981834610162,0.629441022509672,0.403693221013522,0.283412116654505,399.97342,57.1276685714286,166.742351106334,138.437713993087,2.25,2.26428571428571,2.21336383940064,2.2262216392083,1.36892236074022,1.04883427304761,1,1.1,0.433012701892219,0.440952123830019,37.57,la1.85sr0.15cu1o4,29,cuprate_LSCO,cuprate,245000,1.6125,31.6,ARPES measured,High
5,88.936744,50.7188164145235,70.3589754653339,34.4990915533841,1.44582439252613,1.52589931057468,122.90607,10.3281214069592,46.4823352229548,44.1725317399956,743.42,1010.23313161876,696.313849401554,945.472635743107,1.53852655655114,0.925447651617841,810.6,696.6741301059,296.615154029594,339.746056906754,170.6,111.237518910741,148.737352419316,87.887244089375,1.50699778198989,1.50961210075912,205,25.5295007564297,70.4062497225921,75.8703579112286,4617.8858,3003.04972617247,1043.15379207048,63.5702351009657,1.32454830505054,0.978131388719044,8958.571,2032.50246747353,2958.0214919041,3679.56679012324,71.69,111.011724659607,52.6969674774445,91.1892756181082,1.35405196166708,0.809657500502228,127.05,76.07223903177,50.2814916246525,47.1354246307313,7.8044,5.1023328290469,4.41155737208488,1.28589402754112,1.37461505205449,1.15430468004482,12.878,2.85152496217852,4.4892312749512,5.61514048019919,89.605316,94.6060444478064,8.41891159935983,1.01788841373894,0.457810241617619,0.209608144832226,399.97342,90.757041785174,155.329609173008,165.599925019347,2.4,2.11346444780635,2.35215804504935,2.0941611242288,1.58902691517397,1.30768072044409,1,0.978819969742814,0.489897948556636,0.317159686735804,36.6,y1ba1.5la0.5cu3o7.22,4,cuprate_YBCO,cuprate,273400,1.7994,36.6,ARPES measured (canonical vmid),High
6,84.188275,99.4876675,63.6242754788069,76.6702161933892,1.54595952023815,1.28753366013492,192.981,50.245175,61.41206350532,67.0591090382624,752.466666666667,738.3375,717.928615900725,710.691955781597,1.73970675652369,1.63714864163421,764.1,155.48,259.357871589731,230.218537141886,160.166666666667,157.9,144.130036670764,145.32626637682,1.7119928218524,1.56670087747186,171,48.75,58.3078515772581,52.7658980782096,4565.5715,5682.528625,1147.47893711504,1913.50520956895,1.41713512335629,1.18656636735376,9778.571,2444.821375,3655.62414443752,3821.08889994864,66.1,74.44025,32.7981780734071,40.10017099125,1.38160146504613,1.25798619488612,138.63,29.68475,54.9016056231509,52.9093509924049,8.69366666666667,9.23825,5.3961487492115,6.38918774273517,1.61357762387019,1.43337742901748,12.878,3.24725,4.16096630069934,3.90304591793384,110.00443,126.6033225,14.7076059645993,19.9284523924806,0.969184034079201,0.723108506664716,399.97342,99.9966775,146.612955878592,165.252227882934,2.66666666666667,2.8,2.49288287167843,2.5663717190536,1.71707598019888,1.50459346259649,3,1.1,1.10554159678513,1.28840987267251,53.1,bi2sr2ca0.6y0.4cu2o,42,cuprate_BSCCO,cuprate,304000,2.0008,53.1,ARPES measured,High
4,76.5177175,56.8088170714286,59.3100961333418,35.7734324182576,1.19727303349869,0.981879783570863,122.90607,34.8331599285714,44.2894585275144,52.5332069817455,787.05,1011.54071428571,734.219624171273,940.294344338809,1.31300802421591,0.786865234305601,772.0,738.578571428571,314.505965762178,353.819831451067,151.75,104.371428571429,131.302196551623,84.1108347003322,1.27527399052522,1.16005975115976,171,46.8428571428571,65.5796271718588,67.1114577035996,4434.35725,2961.47371428571,674.484751445268,53.4270174887903,0.995982779568411,0.769628332487839,8958.571,1623.48342857143,3402.85619588643,3581.84892090518,79.6075,111.779214285714,48.4772646848066,98.4119621279586,1.09667176877521,0.777657155958259,135.97,81.2886428571429,54.3730969207199,42.5578923529527,6.9055,3.83471428571429,3.47947484936327,1.03921119227177,1.08857534188499,0.96403104867923,12.878,1.74457142857143,4.59906411675245,4.6583013524026,112.006645,61.34376,8.33981834610162,0.629441022509672,0.403693221013522,0.283412116654505,399.97342,57.1276685714286,166.742351106334,138.437713993087,2.25,2.26428571428571,2.21336383940064,2.2262216392083,1.36892236074022,1.04883427304761,1,1.1,0.433012701892219,0.440952123830019,39.2,la1.85sr0.15cu1o4,29,cuprate_LSCO,cuprate,245000,1.6125,31.6,ARPES measured,High
6,84.188275,99.4876675,63.6242754788069,76.6702161933892,1.54595952023815,1.28753366013492,192.981,50.245175,61.41206350532,67.0591090382624,752.466666666667,738.3375,717.928615900725,710.691955781597,1.73970675652369,1.63714864163421,764.1,155.48,259.357871589731,230.218537141886,160.166666666667,157.9,144.130036670764,145.32626637682,1.7119928218524,1.56670087747186,171,48.75,58.3078515772581,52.7658980782096,4565.5715,5682.528625,1147.47893711504,1913.50520956895,1.41713512335629,1.18656636735376,9778.571,2444.821375,3655.62414443752,3821.08889994864,66.1,74.44025,32.7981780734071,40.10017099125,1.38160146504613,1.25798619488612,138.63,29.68475,54.9016056231509,52.9093509924049,8.69366666666667,9.23825,5.3961487492115,6.38918774273517,1.61357762387019,1.43337742901748,12.878,3.24725,4.16096630069934,3.90304591793384,110.00443,126.6033225,14.7076059645993,19.9284523924806,0.969184034079201,0.723108506664716,399.97342,99.9966775,146.612955878592,165.252227882934,2.66666666666667,2.8,2.49288287167843,2.5663717190536,1.71707598019888,1.50459346259649,3,1.1,1.10554159678513,1.28840987267251,79.0,bi2sr2ca0.6y0.4cu2o,42,cuprate_BSCCO,cuprate,304000,2.0008,53.1,ARPES measured,High
4,76.4445625,51.518892248062,59.3566724745425,35.147400203827,1.1995407452483,1.29069116588067,121.3276,14.3990813953488,43.8233541228786,44.2535665434991,794.0,1001.22403100775,741.629348855485,935.114076729286,1.31500430814302,0.895987109708696,810.6,654.650387596899,311.743492313793,342.630435927781,164.5,115.054263565891,139.000513752081,90.120839474344,1.25670056650299,1.33924280475906,205,22.7906976744186,77.5258021564434,79.3242106093641,4235.85725,2975.33799224806,669.556587809389,68.3455537043014,1.01540712310099,0.81277042040323,8958.571,2082.95658139535,3194.93894591629,3643.8840288369,77.2375,108.910852713178,53.5279646494387,86.205442920185,1.10518217403612,0.766899508925827,127.05,73.8255813953488,54.8307552268797,49.5494956369642,8.1805,5.28928682170543,4.03556899860879,1.35565737416138,1.11209819664271,1.04203375695533,12.878,2.92776744186047,4.9481552875794,5.65296450346393,108.756645,97.1460001550387,7.55238461047956,1.12836566846972,0.336261915781173,0.203129932293431,399.97342,93.0090386046512,168.301046773239,166.866991991426,2.25,2.07751937984496,2.21336383940064,2.0638611731558,1.36892236074022,1.20586465999055,1,0.837209302325582,0.433012701892219,0.2674137722583,93.0,y1ba2cu3o6.9,20,cuprate_YBCO,cuprate,273400,1.7994,88.0,ARPES measured (canonical vmid),High
4,76.4445625,51.2456653846154,59.3566724745425,34.93526616493,1.1995407452483,1.29188813799544,121.3276,14.2883192307692,43.8233541228786,44.1921252152174,794.0,1003.62307692308,741.629348855485,937.559192443233,1.31500430814302,0.890516212329374,810.6,659.715384615385,311.743492313793,342.396001400641,164.5,114.538461538462,139.000513752081,89.6851907721419,1.25670056650299,1.339742693422,205,22.6153846153846,77.5258021564434,79.2353994166121,4235.85725,2952.46176923077,669.556587809389,66.3421689582226,1.01540712310099,0.812798145814768,8958.571,2066.92284615385,3194.93894591629,3639.1292471846,77.2375,109.169230769231,53.5279646494387,86.5393772975223,1.10518217403612,0.762761032074798,127.05,74.3538461538461,54.8307552268797,49.4457143606911,8.1805,5.25030769230769,4.03556899860879,1.33691977973836,1.11209819664271,1.04292735932209,12.878,2.90353846153846,4.9481552875794,5.64855656694176,108.756645,96.3989276923077,7.55238461047956,1.09629540931362,0.336261915781173,0.203148213514574,399.97342,92.29338,168.301046773239,166.440382618967,2.25,2.07692307692308,2.21336383940064,2.06336223306145,1.36892236074022,1.20182302376485,1,0.846153846153846,0.433012701892219,0.266469355010596,88.2,y1ba2cu3o7,13,cuprate_YBCO,cuprate,273400,1.7994,86.0,ARPES measured (canonical vmid),High
3,72.8169566666667,44.4081783333333,52.0759363693326,28.8649222473836,0.838545020838729,1.02402980826387,122.90607,12.5599116666667,50.6026250231325,45.6877611183602,866.4,1089.75,808.929243833275,1030.63329563792,1.02982179619193,0.629645678824158,772.0,785.216666666666,326.649118576289,321.302109911114,129.333333333333,88.6666666666667,110.717078369674,72.9000669529485,0.972142053297261,1.08998856828855,147,8.33333333333334,61.0264059422003,59.2949313929014,5035.80966666667,2518.61933333333,428.526415481517,24.7459945793877,0.676601754113298,0.678797809041472,8958.571,1492.38066666667,3740.62298934998,3651.35281073379,103.966666666667,123.233333333333,94.5684814775723,116.086211974351,1.0175329482683,0.676598210075621,93.0,86.75,39.603479083984,33.9915022060253,6.54066666666667,3.38133333333333,2.63626020060439,0.76501618579882,0.685215466214195,0.782545197036452,12.878,2.03533333333333,5.26017498652743,4.8801749513266,137.675526666667,68.8510533333333,5.17034401171819,0.37071248135377,0.14051589852333,0.142187941469947,399.97342,66.6489466666667,185.567012853097,148.17005857872,2.33333333333333,2.16666666666667,2.28942848510666,2.13982638786733,1.07899220787758,0.925129083572082,1,1.0,0.471404520791032,0.372677996249965,23.0,la1cu1o4,37,cuprate_LSCO,cuprate,245000,1.6125,23.0,ARPES measured,High
4,76.5177175,56.8088170714286,59.3100961333418,35.7734324182576,1.19727303349869,0.981879783570863,122.90607,34.8331599285714,44.2894585275144,52.5332069817455,787.05,1011.54071428571,734.219624171273,940.294344338809,1.31300802421591,0.786865234305601,772.0,738.578571428571,314.505965762178,353.819831451067,151.75,104.371428571429,131.302196551623,84.1108347003322,1.27527399052522,1.16005975115976,171,46.8428571428571,65.5796271718588,67.1114577035996,4434.35725,2961.47371428571,674.484751445268,53.4270174887903,0.995982779568411,0.769628332487839,8958.571,1623.48342857143,3402.85619588643,3581.84892090518,79.6075,111.779214285714,48.4772646848066,98.4119621279586,1.09667176877521,0.777657155958259,135.97,81.2886428571429,54.3730969207199,42.5578923529527,6.9055,3.83471428571429,3.47947484936327,1.03921119227177,1.08857534188499,0.96403104867923,12.878,1.74457142857143,4.59906411675245,4.6583013524026,112.006645,61.34376,8.33981834610162,0.629441022509672,0.403693221013522,0.283412116654505,399.97342,57.1276685714286,166.742351106334,138.437713993087,2.25,2.26428571428571,2.21336383940064,2.2262216392083,1.36892236074022,1.04883427304761,1,1.1,0.433012701892219,0.440952123830019,38.4,la1.85sr0.15cu1o4,29,cuprate_LSCO,cuprate,245000,1.6125,31.6,ARPES measured,High
5,72.89433,51.3989506573859,59.2234210415793,35.0617329956089,1.44775574440681,1.33049422642132,121.3276,20.7876767208043,39.8347297779162,44.2269890283959,782.44,1001.87958236659,740.540285254181,935.764911470898,1.55112003835201,0.91926297118984,810.6,698.079118329466,279.788738872743,342.61342410452,161.4,114.92962103635,140.945228496831,90.0081560815793,1.50301899461572,1.38305896472646,205,37.9814385150812,69.6178138122708,79.3103032638301,5170.2858,2968.0358058778,1123.53310024957,67.7319457101589,1.30954321277507,0.914742791346027,8958.571,2008.8242095901,3414.48894488276,3641.80691688404,84.49,108.939288476411,62.210509235202,86.2694222745569,1.39018429137881,0.801143500458425,127.05,75.4969064191802,51.1421978409219,49.5106243267659,9.9844,5.30923897911833,5.39298870946592,1.35282413009149,1.37293807218046,1.14251941257032,16.978,2.81914462490333,5.70995739388658,5.70669718519051,105.205316,94.5308738901779,12.4244037881723,1.10585903512318,0.738693887594424,0.250727622550147,399.97342,89.6995978808971,150.700503073611,164.5781387594,2.2,2.07733952049497,2.1689435423954,2.06371066807818,1.59416669911802,1.23729717905716,1,1.05645784996133,0.4,0.267129405091578,70.0,y1ba2cu2.9ni0.1o6.93,8,cuprate_YBCO,cuprate,273400,1.7994,70.0,ARPES measured (canonical vmid),High
5,72.89433,51.3989506573859,59.2234210415793,35.0617329956089,1.44775574440681,1.33049422642132,121.3276,20.7876767208043,39.8347297779162,44.2269890283959,782.44,1001.87958236659,740.540285254181,935.764911470898,1.55112003835201,0.91926297118984,810.6,698.079118329466,279.788738872743,342.61342410452,161.4,114.92962103635,140.945228496831,90.0081560815793,1.50301899461572,1.38305896472646,205,37.9814385150812,69.6178138122708,79.3103032638301,5170.2858,2968.0358058778,1123.53310024957,67.7319457101589,1.30954321277507,0.914742791346027,8958.571,2008.8242095901,3414.48894488276,3641.80691688404,84.49,108.939288476411,62.210509235202,86.2694222745569,1.39018429137881,0.801143500458425,127.05,75.4969064191802,51.1421978409219,49.5106243267659,9.9844,5.30923897911833,5.39298870946592,1.35282413009149,1.37293807218046,1.14251941257032,16.978,2.81914462490333,5.70995739388658,5.70669718519051,105.205316,94.5308738901779,12.4244037881723,1.10585903512318,0.738693887594424,0.250727622550147,399.97342,89.6995978808971,150.700503073611,164.5781387594,2.2,2.07733952049497,2.1689435423954,2.06371066807818,1.59416669911802,1.23729717905716,1,1.05645784996133,0.4,0.267129405091578,75.0,y1ba2cu2.9ni0.1o6.93,8,cuprate_YBCO,cuprate,273400,1.7994,70.0,ARPES measured (canonical vmid),High
4,88.9444675,57.8401427142857,66.3615924315719,36.1107157375382,1.1817952393305,1.12922373013507,122.90607,27.8487427142857,51.9688277861034,53.5887706050743,775.425,1009.71714285714,718.15289995213,937.025572960086,1.30596703599158,0.805229640813357,810.6,728.807142857143,323.811807806633,356.31928137213,160.25,106.342857142857,136.126003095455,84.8434418389765,1.25924397214289,1.26119371912948,205,36.5142857142857,75.2375404967494,70.6344484378724,4654.35725,2923.84514285714,724.953210852388,53.1170285737926,1.03312880053102,0.859810869291435,8958.571,1491.78342857143,3306.1628967555,3552.66866358032,81.8375,111.240714285714,60.1231785550982,97.7747186271033,1.15968659338134,0.787396182520174,127.05,80.7664285714286,51.4337118896741,43.4520592088545,6.9055,3.87114285714286,3.47947484936327,1.04454467078021,1.08857534188499,1.04496953590973,12.878,1.74457142857143,4.59906411675245,4.68401395107631,107.756645,61.0866171428571,7.06248773046785,0.624877733754845,0.308147989812345,0.272819938850094,399.97342,57.1276685714286,168.854243757651,138.493671473918,2.25,2.24285714285714,2.21336383940064,2.20696281450132,1.36892236074022,1.09605191790054,1,1.05714285714286,0.433012701892219,0.428809457708675,16.0,la1.7ba0.3cu1o4,25,cuprate_LSCO,cuprate,245000,1.6125,16.0,ARPES measured,High
4,76.4445625,51.518892248062,59.3566724745425,35.147400203827,1.1995407452483,1.29069116588067,121.3276,14.3990813953488,43.8233541228786,44.2535665434991,794.0,1001.22403100775,741.629348855485,935.114076729286,1.31500430814302,0.895987109708696,810.6,654.650387596899,311.743492313793,342.630435927781,164.5,115.054263565891,139.000513752081,90.120839474344,1.25670056650299,1.33924280475906,205,22.7906976744186,77.5258021564434,79.3242106093641,4235.85725,2975.33799224806,669.556587809389,68.3455537043014,1.01540712310099,0.81277042040323,8958.571,2082.95658139535,3194.93894591629,3643.8840288369,77.2375,108.910852713178,53.5279646494387,86.205442920185,1.10518217403612,0.766899508925827,127.05,73.8255813953488,54.8307552268797,49.5494956369642,8.1805,5.28928682170543,4.03556899860879,1.35565737416138,1.11209819664271,1.04203375695533,12.878,2.92776744186047,4.9481552875794,5.65296450346393,108.756645,97.1460001550387,7.55238461047956,1.12836566846972,0.336261915781173,0.203129932293431,399.97342,93.0090386046512,168.301046773239,166.866991991426,2.25,2.07751937984496,2.21336383940064,2.0638611731558,1.36892236074022,1.20586465999055,1,0.837209302325582,0.433012701892219,0.2674137722583,93.8,y1ba2cu3o6.9,20,cuprate_YBCO,cuprate,273400,1.7994,88.0,ARPES measured (canonical vmid),High
4,76.4445625,51.518892248062,59.3566724745425,35.147400203827,1.1995407452483,1.29069116588067,121.3276,14.3990813953488,43.8233541228786,44.2535665434991,794.0,1001.22403100775,741.629348855485,935.114076729286,1.31500430814302,0.895987109708696,810.6,654.650387596899,311.743492313793,342.630435927781,164.5,115.054263565891,139.000513752081,90.120839474344,1.25670056650299,1.33924280475906,205,22.7906976744186,77.5258021564434,79.3242106093641,4235.85725,2975.33799224806,669.556587809389,68.3455537043014,1.01540712310099,0.81277042040323,8958.571,2082.95658139535,3194.93894591629,3643.8840288369,77.2375,108.910852713178,53.5279646494387,86.205442920185,1.10518217403612,0.766899508925827,127.05,73.8255813953488,54.8307552268797,49.5494956369642,8.1805,5.28928682170543,4.03556899860879,1.35565737416138,1.11209819664271,1.04203375695533,12.878,2.92776744186047,4.9481552875794,5.65296450346393,108.756645,97.1460001550387,7.55238461047956,1.12836566846972,0.336261915781173,0.203129932293431,399.97342,93.0090386046512,168.301046773239,166.866991991426,2.25,2.07751937984496,2.21336383940064,2.0638611731558,1.36892236074022,1.20586465999055,1,0.837209302325582,0.433012701892219,0.2674137722583,93.6,y1ba2cu3o6.9,20,cuprate_YBCO,cuprate,273400,1.7994,88.0,ARPES measured (canonical vmid),High
4,76.5177175,57.2484068142857,59.3100961333418,35.9150018416559,1.19727303349869,0.935318973929482,122.90607,36.7748068142857,44.2894585275144,53.0016766072158,787.05,1011.473,734.219624171273,940.177532083957,1.31300802421591,0.774005177116847,772.0,743.284285714286,314.505965762178,353.909091030249,151.75,104.165714285714,131.302196551623,84.0271940812136,1.27527399052522,1.11330715887899,171,50.3914285714286,65.5796271718588,66.7958165621477,4434.35725,2991.61085714286,674.484751445268,53.8171474962129,0.995982779568411,0.740605487633944,8958.571,1676.16342857143,3402.85619588643,3593.70509331722,79.6075,112.147528571429,48.4772646848066,100.135508626297,1.09667176877521,0.779711931612519,135.97,81.3446142857143,54.3730969207199,41.8250574728395,6.9055,3.82014285714286,3.47947484936327,1.03708543388659,1.08857534188499,0.919302767582771,12.878,1.76857142857143,4.59906411675245,4.64789654201835,112.006645,61.1551885714286,8.33981834610162,0.624120231144624,0.403693221013522,0.266761555299874,399.97342,57.1276685714286,166.742351106334,138.488443665134,2.25,2.27285714285714,2.21336383940064,2.23397214406932,1.36892236074022,1.02489171610421,1,1.11714285714286,0.433012701892219,0.445428021625245,29.0,la1.91sr0.09cu1o4,28,cuprate_LSCO,cuprate,245000,1.6125,27.9,ARPES measured,High
6,97.9399783333333,57.6524547254623,79.1092067988321,35.9763441933056,1.64785313217741,1.14028654153429,128.2426,34.9174160341394,47.2177443158785,53.5811093283605,697.033333333333,1011.82697012802,653.116337899927,939.847381986528,1.71893814722421,0.80755180261607,810.6,751.65106685633,286.738124814651,354.982094170359,177.666666666667,104.904409672831,157.886846731959,84.1929522541806,1.70583774605504,1.27175719373742,205,48.827027027027,66.2914440599657,68.5085657375543,4709.5715,2974.96086344239,1311.65296772807,52.975584151345,1.5224013508469,0.893918087123454,8958.571,1551.85449928876,2981.93549450597,3589.09162695912,64.23,112.103928876245,40.4713809428694,100.265286540402,1.46174285215126,0.804405027677324,135.97,81.6761849217639,50.5192141664931,42.071391096598,7.12033333333333,3.82771834992888,4.50194851166659,1.03368840894073,1.59773883924358,1.05787422600219,12.878,1.8475106685633,3.77633868831821,4.65951446078764,80.50443,60.7953225320057,10.6755755539168,0.614793585740134,0.684593070763241,0.276208747798809,399.97342,56.883767083926,143.248747061854,138.267766494679,2.33333333333333,2.26315789473684,2.28942848510666,2.22520383976378,1.77213938843753,1.11188439732039,1,1.1425320056899,0.471404520791032,0.440347382386356,30.0,la1.776nd0.074sr0.014ba0.136cu1o4.03,30,cuprate_LSCO,cuprate,245000,1.6125,30.0,ARPES measured,High
5,83.24476,59.2244,59.5060814160275,36.126174653366,1.31151037344354,1.37205026883777,192.981,25.1921866666667,67.2338347072841,64.1963038171721,779.88,1005.86666666667,740.399332713733,945.371395526592,1.55321870407659,1.01920228760579,764.1,661.026666666667,276.063147848459,333.238432490745,149.8,106.133333333333,133.425311183972,86.4573385873277,1.51953736136792,1.57318466329146,171,16.2666666666667,58.6085318021191,66.3192949969229,4584.2858,2953.4288,874.164786339504,64.6228811852236,1.16177435651007,1.09951242220735,9778.571,1303.23786666667,4004.27323147741,3977.06081745709,73.1,105.475333333333,33.1487827641917,68.5472871662888,1.20088590631532,0.827671215145129,138.63,75.742,57.6456725175446,52.6707822695742,8.1524,4.9544,4.6464334920886,1.32187528238585,1.3929374917507,1.39581372668179,12.878,1.62826666666667,4.36102637460495,5.2534095696668,128.605316,72.414176,14.2876432915522,0.969156077634558,0.87197627698413,0.777322832630269,399.97342,53.3191573333333,154.008028485009,137.579264999148,2.6,2.4,2.40224886796286,2.25989709292424,1.5193826646423,1.36507672357122,3,0.933333333333333,1.2,1.01980390271856,81.1,bi2sr2ca1cu2o8,45,cuprate_BSCCO,cuprate,304000,2.0008,85.0,ARPES measured,High
5,83.24476,59.2244,59.5060814160275,36.126174653366,1.31151037344354,1.37205026883777,192.981,25.1921866666667,67.2338347072841,64.1963038171721,779.88,1005.86666666667,740.399332713733,945.371395526592,1.55321870407659,1.01920228760579,764.1,661.026666666667,276.063147848459,333.238432490745,149.8,106.133333333333,133.425311183972,86.4573385873277,1.51953736136792,1.57318466329146,171,16.2666666666667,58.6085318021191,66.3192949969229,4584.2858,2953.4288,874.164786339504,64.6228811852236,1.16177435651007,1.09951242220735,9778.571,1303.23786666667,4004.27323147741,3977.06081745709,73.1,105.475333333333,33.1487827641917,68.5472871662888,1.20088590631532,0.827671215145129,138.63,75.742,57.6456725175446,52.6707822695742,8.1524,4.9544,4.6464334920886,1.32187528238585,1.3929374917507,1.39581372668179,12.878,1.62826666666667,4.36102637460495,5.2534095696668,128.605316,72.414176,14.2876432915522,0.969156077634558,0.87197627698413,0.777322832630269,399.97342,53.3191573333333,154.008028485009,137.579264999148,2.6,2.4,2.40224886796286,2.25989709292424,1.5193826646423,1.36507672357122,3,0.933333333333333,1.2,1.01980390271856,72.6,bi2sr2ca1cu2o8,45,cuprate_BSCCO,cuprate,304000,2.0008,85.0,ARPES measured,High
4,76.4445625,51.2456653846154,59.3566724745425,34.93526616493,1.1995407452483,1.29188813799544,121.3276,14.2883192307692,43.8233541228786,44.1921252152174,794.0,1003.62307692308,741.629348855485,937.559192443233,1.31500430814302,0.890516212329374,810.6,659.715384615385,311.743492313793,342.396001400641,164.5,114.538461538462,139.000513752081,89.6851907721419,1.25670056650299,1.339742693422,205,22.6153846153846,77.5258021564434,79.2353994166121,4235.85725,2952.46176923077,669.556587809389,66.3421689582226,1.01540712310099,0.812798145814768,8958.571,2066.92284615385,3194.93894591629,3639.1292471846,77.2375,109.169230769231,53.5279646494387,86.5393772975223,1.10518217403612,0.762761032074798,127.05,74.3538461538461,54.8307552268797,49.4457143606911,8.1805,5.25030769230769,4.03556899860879,1.33691977973836,1.11209819664271,1.04292735932209,12.878,2.90353846153846,4.9481552875794,5.64855656694176,108.756645,96.3989276923077,7.55238461047956,1.09629540931362,0.336261915781173,0.203148213514574,399.97342,92.29338,168.301046773239,166.440382618967,2.25,2.07692307692308,2.21336383940064,2.06336223306145,1.36892236074022,1.20182302376485,1,0.846153846153846,0.433012701892219,0.266469355010596,91.26,y1ba2cu3o7,13,cuprate_YBCO,cuprate,273400,1.7994,86.0,ARPES measured (canonical vmid),High
4,76.5177175,57.2484068142857,59.3100961333418,35.9150018416559,1.19727303349869,0.935318973929482,122.90607,36.7748068142857,44.2894585275144,53.0016766072158,787.05,1011.473,734.219624171273,940.177532083957,1.31300802421591,0.774005177116847,772.0,743.284285714286,314.505965762178,353.909091030249,151.75,104.165714285714,131.302196551623,84.0271940812136,1.27527399052522,1.11330715887899,171,50.3914285714286,65.5796271718588,66.7958165621477,4434.35725,2991.61085714286,674.484751445268,53.8171474962129,0.995982779568411,0.740605487633944,8958.571,1676.16342857143,3402.85619588643,3593.70509331722,79.6075,112.147528571429,48.4772646848066,100.135508626297,1.09667176877521,0.779711931612519,135.97,81.3446142857143,54.3730969207199,41.8250574728395,6.9055,3.82014285714286,3.47947484936327,1.03708543388659,1.08857534188499,0.919302767582771,12.878,1.76857142857143,4.59906411675245,4.64789654201835,112.006645,61.1551885714286,8.33981834610162,0.624120231144624,0.403693221013522,0.266761555299874,399.97342,57.1276685714286,166.742351106334,138.488443665134,2.25,2.27285714285714,2.21336383940064,2.23397214406932,1.36892236074022,1.02489171610421,1,1.11714285714286,0.433012701892219,0.445428021625245,26.7,la1.91sr0.09cu1o4,28,cuprate_LSCO,cuprate,245000,1.6125,27.9,ARPES measured,High
4,76.5177175,56.8088170714286,59.3100961333418,35.7734324182576,1.19727303349869,0.981879783570863,122.90607,34.8331599285714,44.2894585275144,52.5332069817455,787.05,1011.54071428571,734.219624171273,940.294344338809,1.31300802421591,0.786865234305601,772.0,738.578571428571,314.505965762178,353.819831451067,151.75,104.371428571429,131.302196551623,84.1108347003322,1.27527399052522,1.16005975115976,171,46.8428571428571,65.5796271718588,67.1114577035996,4434.35725,2961.47371428571,674.484751445268,53.4270174887903,0.995982779568411,0.769628332487839,8958.571,1623.48342857143,3402.85619588643,3581.84892090518,79.6075,111.779214285714,48.4772646848066,98.4119621279586,1.09667176877521,0.777657155958259,135.97,81.2886428571429,54.3730969207199,42.5578923529527,6.9055,3.83471428571429,3.47947484936327,1.03921119227177,1.08857534188499,0.96403104867923,12.878,1.74457142857143,4.59906411675245,4.6583013524026,112.006645,61.34376,8.33981834610162,0.629441022509672,0.403693221013522,0.283412116654505,399.97342,57.1276685714286,166.742351106334,138.437713993087,2.25,2.26428571428571,2.21336383940064,2.2262216392083,1.36892236074022,1.04883427304761,1,1.1,0.433012701892219,0.440952123830019,37.4,la1.85sr0.15cu1o4,29,cuprate_LSCO,cuprate,245000,1.6125,31.6,ARPES measured,High
5,83.24476,59.2244,59.5060814160275,36.126174653366,1.31151037344354,1.37205026883777,192.981,25.1921866666667,67.2338347072841,64.1963038171721,779.88,1005.86666666667,740.399332713733,945.371395526592,1.55321870407659,1.01920228760579,764.1,661.026666666667,276.063147848459,333.238432490745,149.8,106.133333333333,133.425311183972,86.4573385873277,1.51953736136792,1.57318466329146,171,16.2666666666667,58.6085318021191,66.3192949969229,4584.2858,2953.4288,874.164786339504,64.6228811852236,1.16177435651007,1.09951242220735,9778.571,1303.23786666667,4004.27323147741,3977.06081745709,73.1,105.475333333333,33.1487827641917,68.5472871662888,1.20088590631532,0.827671215145129,138.63,75.742,57.6456725175446,52.6707822695742,8.1524,4.9544,4.6464334920886,1.32187528238585,1.3929374917507,1.39581372668179,12.878,1.62826666666667,4.36102637460495,5.2534095696668,128.605316,72.414176,14.2876432915522,0.969156077634558,0.87197627698413,0.777322832630269,399.97342,53.3191573333333,154.008028485009,137.579264999148,2.6,2.4,2.40224886796286,2.25989709292424,1.5193826646423,1.36507672357122,3,0.933333333333333,1.2,1.01980390271856,86.2,bi2sr2ca1cu2o8,45,cuprate_BSCCO,cuprate,304000,2.0008,85.0,ARPES measured,High
5,83.24476,59.2244,59.5060814160275,36.126174653366,1.31151037344354,1.37205026883777,192.981,25.1921866666667,67.2338347072841,64.1963038171721,779.88,1005.86666666667,740.399332713733,945.371395526592,1.55321870407659,1.01920228760579,764.1,661.026666666667,276.063147848459,333.238432490745,149.8,106.133333333333,133.425311183972,86.4573385873277,1.51953736136792,1.57318466329146,171,16.2666666666667,58.6085318021191,66.3192949969229,4584.2858,2953.4288,874.164786339504,64.6228811852236,1.16177435651007,1.09951242220735,9778.571,1303.23786666667,4004.27323147741,3977.06081745709,73.1,105.475333333333,33.1487827641917,68.5472871662888,1.20088590631532,0.827671215145129,138.63,75.742,57.6456725175446,52.6707822695742,8.1524,4.9544,4.6464334920886,1.32187528238585,1.3929374917507,1.39581372668179,12.878,1.62826666666667,4.36102637460495,5.2534095696668,128.605316,72.414176,14.2876432915522,0.969156077634558,0.87197627698413,0.777322832630269,399.97342,53.3191573333333,154.008028485009,137.579264999148,2.6,2.4,2.40224886796286,2.25989709292424,1.5193826646423,1.36507672357122,3,0.933333333333333,1.2,1.01980390271856,89.7,bi2sr2ca1cu2o8,45,cuprate_BSCCO,cuprate,304000,2.0008,85.0,ARPES measured,High
5,105.45428,62.2418964131994,80.4415672332983,37.295582125596,1.43185520514774,1.42617602809647,141.2506,21.8016642754663,55.9629066807077,60.0734531115089,746.5,1018.32381635581,701.240539540203,952.393735793822,1.54114760128272,0.897376978970629,773.0,736.297274031564,293.064846066532,343.700939756429,169.8,114.506456241033,148.164025596102,88.2751969309264,1.50766077779701,1.46835594264015,190,32.7905308464849,69.7521325838859,81.3425565606024,6180.8858,3468.41795265423,1378.38206131188,58.7287315977584,1.3809868168238,1.20681216163623,8958.571,1284.6953902439,3178.04929725241,4015.08615178626,83.38,113.1456241033,74.7499913797896,103.806278827255,1.50034236502283,0.906890346636616,91.0,80.0573888091822,39.6935460748974,39.8470077966888,7.4644,4.61712195121951,4.23332076699308,1.15279468596502,1.36998163748884,1.24596713326396,12.878,1.76111908177905,4.37202349490485,5.24774305721965,87.005316,60.7755412625538,6.99308388973478,0.606181690885069,0.368658283015843,0.266191691017343,399.97342,57.3736696413199,156.563964976106,138.930712522171,2.8,2.30846484935438,2.70192007704123,2.26072176759844,1.57409733684897,1.33038394454296,2,1.05308464849354,0.748331477354788,0.506316001084121,9.6,sm0.75gd1.1ce0.15cu1o3.97,70,cuprate_electron_doped,cuprate,230000,1.5137,9.6,ARPES measured,High
4,76.4445625,51.2456653846154,59.3566724745425,34.93526616493,1.1995407452483,1.29188813799544,121.3276,14.2883192307692,43.8233541228786,44.1921252152174,794.0,1003.62307692308,741.629348855485,937.559192443233,1.31500430814302,0.890516212329374,810.6,659.715384615385,311.743492313793,342.396001400641,164.5,114.538461538462,139.000513752081,89.6851907721419,1.25670056650299,1.339742693422,205,22.6153846153846,77.5258021564434,79.2353994166121,4235.85725,2952.46176923077,669.556587809389,66.3421689582226,1.01540712310099,0.812798145814768,8958.571,2066.92284615385,3194.93894591629,3639.1292471846,77.2375,109.169230769231,53.5279646494387,86.5393772975223,1.10518217403612,0.762761032074798,127.05,74.3538461538461,54.8307552268797,49.4457143606911,8.1805,5.25030769230769,4.03556899860879,1.33691977973836,1.11209819664271,1.04292735932209,12.878,2.90353846153846,4.9481552875794,5.64855656694176,108.756645,96.3989276923077,7.55238461047956,1.09629540931362,0.336261915781173,0.203148213514574,399.97342,92.29338,168.301046773239,166.440382618967,2.25,2.07692307692308,2.21336383940064,2.06336223306145,1.36892236074022,1.20182302376485,1,0.846153846153846,0.433012701892219,0.266469355010596,85.49,y1ba2cu3o7,13,cuprate_YBCO,cuprate,273400,1.7994,86.0,ARPES measured (canonical vmid),High
6,80.5793116666667,52.8535155911886,63.9042017440865,35.5296152058056,1.61130540887194,1.53150283738919,122.90607,15.7221685996731,46.1390418792987,46.3768922561151,706.683333333333,996.339666848291,664.469460140029,928.307102933911,1.72301085260891,0.951170463064965,810.6,695.248361485172,281.938949754887,346.840728037378,175.666666666667,112.676578189461,156.315377157927,89.2630069405628,1.70627022679518,1.55779317018441,205,32.3499649723671,65.5837039379618,75.7541319122643,3799.5715,3047.88544897641,1019.97116185966,69.6391037902488,1.4410431785515,0.942447613959946,8958.571,2091.5556656807,2974.16533222257,3718.89249976412,56.2916666666667,109.502179497159,26.2904879142397,84.5615851975378,1.28178702754694,0.795794287087486,138.63,75.9173737059236,55.4020455147842,48.889072608153,7.36033333333333,4.93064793336966,4.64266246882215,1.30728874810566,1.6015986863952,1.14934942921479,12.878,2.99260527749669,3.81300064108163,5.39449047944809,111.00443,99.3525331408111,16.099836942343,1.17645954635721,0.997103177628971,0.307791282348187,399.97342,93.3928548875224,145.937258110433,167.034683205639,2.16666666666667,2.07005526582081,2.13982638786733,2.05762446794848,1.77823330579971,1.31622350208677,1,1.05036195220674,0.372677996249965,0.255240133113093,68.0,la0.9ca0.1ba1.5sr0.5cu3o6.847,36,cuprate_LSCO,cuprate,245000,1.6125,68.0,ARPES measured,High
5,83.24476,59.2244,59.5060814160275,36.126174653366,1.31151037344354,1.37205026883777,192.981,25.1921866666667,67.2338347072841,64.1963038171721,779.88,1005.86666666667,740.399332713733,945.371395526592,1.55321870407659,1.01920228760579,764.1,661.026666666667,276.063147848459,333.238432490745,149.8,106.133333333333,133.425311183972,86.4573385873277,1.51953736136792,1.57318466329146,171,16.2666666666667,58.6085318021191,66.3192949969229,4584.2858,2953.4288,874.164786339504,64.6228811852236,1.16177435651007,1.09951242220735,9778.571,1303.23786666667,4004.27323147741,3977.06081745709,73.1,105.475333333333,33.1487827641917,68.5472871662888,1.20088590631532,0.827671215145129,138.63,75.742,57.6456725175446,52.6707822695742,8.1524,4.9544,4.6464334920886,1.32187528238585,1.3929374917507,1.39581372668179,12.878,1.62826666666667,4.36102637460495,5.2534095696668,128.605316,72.414176,14.2876432915522,0.969156077634558,0.87197627698413,0.777322832630269,399.97342,53.3191573333333,154.008028485009,137.579264999148,2.6,2.4,2.40224886796286,2.25989709292424,1.5193826646423,1.36507672357122,3,0.933333333333333,1.2,1.01980390271856,69.4,bi2sr2ca1cu2o8,45,cuprate_BSCCO,cuprate,304000,2.0008,85.0,ARPES measured,High
5,83.24476,59.2244,59.5060814160275,36.126174653366,1.31151037344354,1.37205026883777,192.981,25.1921866666667,67.2338347072841,64.1963038171721,779.88,1005.86666666667,740.399332713733,945.371395526592,1.55321870407659,1.01920228760579,764.1,661.026666666667,276.063147848459,333.238432490745,149.8,106.133333333333,133.425311183972,86.4573385873277,1.51953736136792,1.57318466329146,171,16.2666666666667,58.6085318021191,66.3192949969229,4584.2858,2953.4288,874.164786339504,64.6228811852236,1.16177435651007,1.09951242220735,9778.571,1303.23786666667,4004.27323147741,3977.06081745709,73.1,105.475333333333,33.1487827641917,68.5472871662888,1.20088590631532,0.827671215145129,138.63,75.742,57.6456725175446,52.6707822695742,8.1524,4.9544,4.6464334920886,1.32187528238585,1.3929374917507,1.39581372668179,12.878,1.62826666666667,4.36102637460495,5.2534095696668,128.605316,72.414176,14.2876432915522,0.969156077634558,0.87197627698413,0.777322832630269,399.97342,53.3191573333333,154.008028485009,137.579264999148,2.6,2.4,2.40224886796286,2.25989709292424,1.5193826646423,1.36507672357122,3,0.933333333333333,1.2,1.01980390271856,65.0,bi2sr2ca1cu2o8,45,cuprate_BSCCO,cuprate,304000,2.0008,85.0,ARPES measured,High
5,83.24476,59.2244,59.5060814160275,36.126174653366,1.31151037344354,1.37205026883777,192.981,25.1921866666667,67.2338347072841,64.1963038171721,779.88,1005.86666666667,740.399332713733,945.371395526592,1.55321870407659,1.01920228760579,764.1,661.026666666667,276.063147848459,333.238432490745,149.8,106.133333333333,133.425311183972,86.4573385873277,1.51953736136792,1.57318466329146,171,16.2666666666667,58.6085318021191,66.3192949969229,4584.2858,2953.4288,874.164786339504,64.6228811852236,1.16177435651007,1.09951242220735,9778.571,1303.23786666667,4004.27323147741,3977.06081745709,73.1,105.475333333333,33.1487827641917,68.5472871662888,1.20088590631532,0.827671215145129,138.63,75.742,57.6456725175446,52.6707822695742,8.1524,4.9544,4.6464334920886,1.32187528238585,1.3929374917507,1.39581372668179,12.878,1.62826666666667,4.36102637460495,5.2534095696668,128.605316,72.414176,14.2876432915522,0.969156077634558,0.87197627698413,0.777322832630269,399.97342,53.3191573333333,154.008028485009,137.579264999148,2.6,2.4,2.40224886796286,2.25989709292424,1.5193826646423,1.36507672357122,3,0.933333333333333,1.2,1.01980390271856,87.3,bi2sr2ca1cu2o8,45,cuprate_BSCCO,cuprate,304000,2.0008,85.0,ARPES measured,High
5,83.24476,59.2244,59.5060814160275,36.126174653366,1.31151037344354,1.37205026883777,192.981,25.1921866666667,67.2338347072841,64.1963038171721,779.88,1005.86666666667,740.399332713733,945.371395526592,1.55321870407659,1.01920228760579,764.1,661.026666666667,276.063147848459,333.238432490745,149.8,106.133333333333,133.425311183972,86.4573385873277,1.51953736136792,1.57318466329146,171,16.2666666666667,58.6085318021191,66.3192949969229,4584.2858,2953.4288,874.164786339504,64.6228811852236,1.16177435651007,1.09951242220735,9778.571,1303.23786666667,4004.27323147741,3977.06081745709,73.1,105.475333333333,33.1487827641917,68.5472871662888,1.20088590631532,0.827671215145129,138.63,75.742,57.6456725175446,52.6707822695742,8.1524,4.9544,4.6464334920886,1.32187528238585,1.3929374917507,1.39581372668179,12.878,1.62826666666667,4.36102637460495,5.2534095696668,128.605316,72.414176,14.2876432915522,0.969156077634558,0.87197627698413,0.777322832630269,399.97342,53.3191573333333,154.008028485009,137.579264999148,2.6,2.4,2.40224886796286,2.25989709292424,1.5193826646423,1.36507672357122,3,0.933333333333333,1.2,1.01980390271856,56.0,bi2sr2ca1cu2o8,45,cuprate_BSCCO,cuprate,304000,2.0008,85.0,ARPES measured,High
6,79.7408166666667,57.3191,61.5806232547039,37.9030392294396,1.55568012372192,1.41910752747725,184.5906,21.53816625,58.0296044835857,53.7117018999363,833.616666666667,999.36,798.648525385944,936.053916071458,1.74751620877278,1.09287671127243,764.1,651.94875,255.215375821198,335.494292648921,149.666666666667,118.0875,136.423955341291,94.3230259530671,1.72104624801335,1.41604801002087,171,53.81875,51.4576416957568,73.6546321947914,6870.5715,3231.7395,1754.70942839999,85.6357049985878,1.5089802586269,1.3366579571593,13532.571,1183.5105,4438.23736826471,4390.94336392082,74.955,90.42875,32.8203625230781,42.0659484993711,1.42577795001868,0.697140224308833,141.0,71.11875,55.1203663963391,62.7427288491463,10.2186666666667,4.74325,5.1559101590685,1.31832770085445,1.46150075709603,1.33205707123275,20.278,1.8925,7.42143846493986,5.65439145156223,104.721096666667,61.08329,17.2579176276851,1.18561793320028,1.06997935583747,0.736613286839381,399.97342,47.48671,136.998687453615,126.349579188156,2.66666666666667,2.15,2.40187391035201,2.08411674372706,1.66746193342929,1.40891805937523,4,0.9875,1.49071198499986,0.759934207678533,39.0,hg0.7cr0.3sr2cu0.95ni0.05o4,60,cuprate_Hg_based,cuprate,290000,1.9086,39.0,ARPES measured,High
6,79.7807825,57.33213073125,61.6224838685994,37.9111468566058,1.5559510071594,1.4109348353925,184.5906,21.68400051875,58.0151758401831,53.7125837435106,837.266666666667,999.464125,802.559933900649,936.184627857604,1.74819616037296,1.08740514944269,764.1,653.707125,253.949520355698,335.415561096208,150.166666666667,118.08875,136.877959849529,94.3236599848694,1.72126882009208,1.40640744307742,171,54.18,51.4633094759968,73.6556574435223,6869.23816666667,3231.8395,1754.44668833214,85.6366625756737,1.50897571103239,1.31460589921744,13532.571,1183.5105,4437.62624420799,4391.0734299554,66.905,90.263625,29.9239322538444,41.9843504117556,1.40808746704332,0.677288796760773,141.0,71.11875,52.361176377796,62.7523243741567,10.052,4.72925,5.10469465443028,1.31713467862033,1.46430259029486,1.30366317022541,20.278,1.93925,7.27251859170306,5.62751567634422,106.221096666667,61.88954,17.5313284514183,1.19043558616117,1.08157949060093,0.71575062812027,399.97342,48.48671,136.889470281733,127.478676910441,3.0,2.1575,2.69601230919456,2.0895410390319,1.67698777432242,1.41496353099516,4,0.985,1.52752523165195,0.7682406849419,46.0,hg0.7cr0.3sr2cu0.97co0.03o4,59,cuprate_Hg_based,cuprate,290000,1.9086,46.0,ARPES measured,High
5,83.24476,59.2244,59.5060814160275,36.126174653366,1.31151037344354,1.37205026883777,192.981,25.1921866666667,67.2338347072841,64.1963038171721,779.88,1005.86666666667,740.399332713733,945.371395526592,1.55321870407659,1.01920228760579,764.1,661.026666666667,276.063147848459,333.238432490745,149.8,106.133333333333,133.425311183972,86.4573385873277,1.51953736136792,1.57318466329146,171,16.2666666666667,58.6085318021191,66.3192949969229,4584.2858,2953.4288,874.164786339504,64.6228811852236,1.16177435651007,1.09951242220735,9778.571,1303.23786666667,4004.27323147741,3977.06081745709,73.1,105.475333333333,33.1487827641917,68.5472871662888,1.20088590631532,0.827671215145129,138.63,75.742,57.6456725175446,52.6707822695742,8.1524,4.9544,4.6464334920886,1.32187528238585,1.3929374917507,1.39581372668179,12.878,1.62826666666667,4.36102637460495,5.2534095696668,128.605316,72.414176,14.2876432915522,0.969156077634558,0.87197627698413,0.777322832630269,399.97342,53.3191573333333,154.008028485009,137.579264999148,2.6,2.4,2.40224886796286,2.25989709292424,1.5193826646423,1.36507672357122,3,0.933333333333333,1.2,1.01980390271856,74.0,bi2sr2ca1cu2o8,45,cuprate_BSCCO,cuprate,304000,2.0008,85.0,ARPES measured,High
4,76.5177175,56.8088170714286,59.3100961333418,35.7734324182576,1.19727303349869,0.981879783570863,122.90607,34.8331599285714,44.2894585275144,52.5332069817455,787.05,1011.54071428571,734.219624171273,940.294344338809,1.31300802421591,0.786865234305601,772.0,738.578571428571,314.505965762178,353.819831451067,151.75,104.371428571429,131.302196551623,84.1108347003322,1.27527399052522,1.16005975115976,171,46.8428571428571,65.5796271718588,67.1114577035996,4434.35725,2961.47371428571,674.484751445268,53.4270174887903,0.995982779568411,0.769628332487839,8958.571,1623.48342857143,3402.85619588643,3581.84892090518,79.6075,111.779214285714,48.4772646848066,98.4119621279586,1.09667176877521,0.777657155958259,135.97,81.2886428571429,54.3730969207199,42.5578923529527,6.9055,3.83471428571429,3.47947484936327,1.03921119227177,1.08857534188499,0.96403104867923,12.878,1.74457142857143,4.59906411675245,4.6583013524026,112.006645,61.34376,8.33981834610162,0.629441022509672,0.403693221013522,0.283412116654505,399.97342,57.1276685714286,166.742351106334,138.437713993087,2.25,2.26428571428571,2.21336383940064,2.2262216392083,1.36892236074022,1.04883427304761,1,1.1,0.433012701892219,0.440952123830019,37.9,la1.85sr0.15cu1o4,29,cuprate_LSCO,cuprate,245000,1.6125,31.6,ARPES measured,High
4,76.5177175,57.2484068142857,59.3100961333418,35.9150018416559,1.19727303349869,0.935318973929482,122.90607,36.7748068142857,44.2894585275144,53.0016766072158,787.05,1011.473,734.219624171273,940.177532083957,1.31300802421591,0.774005177116847,772.0,743.284285714286,314.505965762178,353.909091030249,151.75,104.165714285714,131.302196551623,84.0271940812136,1.27527399052522,1.11330715887899,171,50.3914285714286,65.5796271718588,66.7958165621477,4434.35725,2991.61085714286,674.484751445268,53.8171474962129,0.995982779568411,0.740605487633944,8958.571,1676.16342857143,3402.85619588643,3593.70509331722,79.6075,112.147528571429,48.4772646848066,100.135508626297,1.09667176877521,0.779711931612519,135.97,81.3446142857143,54.3730969207199,41.8250574728395,6.9055,3.82014285714286,3.47947484936327,1.03708543388659,1.08857534188499,0.919302767582771,12.878,1.76857142857143,4.59906411675245,4.64789654201835,112.006645,61.1551885714286,8.33981834610162,0.624120231144624,0.403693221013522,0.266761555299874,399.97342,57.1276685714286,166.742351106334,138.488443665134,2.25,2.27285714285714,2.21336383940064,2.23397214406932,1.36892236074022,1.02489171610421,1,1.11714285714286,0.433012701892219,0.445428021625245,27.3,la1.91sr0.09cu1o4,28,cuprate_LSCO,cuprate,245000,1.6125,27.9,ARPES measured,High
4,90.1422625,58.4628789285714,66.9350441753246,36.2720549072903,1.1786487477301,1.01913418487134,124.90825,34.2373932142857,53.101375326838,54.5281324904717,781.2,1007.51785714286,726.276975830068,933.241464598721,1.30963661341067,0.781677838067417,786.5,738.769285714286,319.052668065948,359.181808374028,156.25,117.385714285714,133.542493259005,89.2100968068677,1.26330558899854,1.08656171415207,199,61.3142857142857,72.2958332132634,86.0112605347434,5572.60725,3179.00942857143,868.395128395836,55.6316218883793,1.08892790263583,0.836141109574179,8958.571,1754.04057142857,3350.30285164755,3738.1444917717,91.35,113.271428571429,82.046890506221,103.94732073931,1.28520320008435,0.822660771041162,91.0,80.325,40.6431728584273,39.8077420426054,6.4305,3.93971428571429,3.24122375040231,1.05598644860201,1.06747319560728,0.925773552258418,12.878,1.75357142857143,4.58568323698879,4.71734936815416,106.006645,60.8294742857143,6.24435738721919,0.614021288835698,0.257209773933062,0.244639046719328,399.97342,57.1276685714286,169.808985016895,138.579130686535,3.0,2.57142857142857,2.82842712474619,2.43802730840895,1.32966134885476,1.08335601779317,2,1.05714285714286,1.0,0.903507902905251,22.0,pr1.85ce0.15cu1o4,76,cuprate_electron_doped,cuprate,230000,1.5137,23.2,ARPES measured,High
5,83.24476,59.2244,59.5060814160275,36.126174653366,1.31151037344354,1.37205026883777,192.981,25.1921866666667,67.2338347072841,64.1963038171721,779.88,1005.86666666667,740.399332713733,945.371395526592,1.55321870407659,1.01920228760579,764.1,661.026666666667,276.063147848459,333.238432490745,149.8,106.133333333333,133.425311183972,86.4573385873277,1.51953736136792,1.57318466329146,171,16.2666666666667,58.6085318021191,66.3192949969229,4584.2858,2953.4288,874.164786339504,64.6228811852236,1.16177435651007,1.09951242220735,9778.571,1303.23786666667,4004.27323147741,3977.06081745709,73.1,105.475333333333,33.1487827641917,68.5472871662888,1.20088590631532,0.827671215145129,138.63,75.742,57.6456725175446,52.6707822695742,8.1524,4.9544,4.6464334920886,1.32187528238585,1.3929374917507,1.39581372668179,12.878,1.62826666666667,4.36102637460495,5.2534095696668,128.605316,72.414176,14.2876432915522,0.969156077634558,0.87197627698413,0.777322832630269,399.97342,53.3191573333333,154.008028485009,137.579264999148,2.6,2.4,2.40224886796286,2.25989709292424,1.5193826646423,1.36507672357122,3,0.933333333333333,1.2,1.01980390271856,93.1,bi2sr2ca1cu2o8,45,cuprate_BSCCO,cuprate,304000,2.0008,85.0,ARPES measured,High
4,51.81085,41.2288302325581,43.4685647784106,32.5157501913689,1.24192665430033,1.27556106749758,71.6206,13.0735348837209,26.6464288858282,26.7932711956083,799.125,972.675581395349,750.082680232553,913.510322904261,1.31923718326218,0.990088918705328,764.1,557.477906976744,305.633320950122,331.294518004065,151.5,113.918604651163,131.133535707003,93.3419864255677,1.27550171401872,1.35570292657198,171,17.906976744186,65.415976641796,67.0763561983185,3285.35725,3017.77429069767,477.976914356794,96.6685920669565,0.836208343992794,0.570573459334019,8958.571,2499.78384883721,3406.85753303285,3802.79988670899,68.2,102.681744186047,25.6338918942268,60.1902110330303,0.85024710456818,0.701612743733082,138.63,67.4860465116279,63.5116481442578,56.1823048197988,7.4655,5.77793023255814,3.75442153209509,1.67492276803941,1.10876665449026,0.972108566192091,12.878,3.54997674418605,4.62752965954839,5.58539577784175,158.756645,139.373136976744,16.5168890692794,2.75505786056843,0.815178381050393,0.587857541952198,399.97342,111.615235116279,158.437930575251,173.30360831208,2.0,2.0,2.0,2.0,1.38629436111989,1.22257467306804,0,0.72093023255814,0.0,0.0,3.0,sr11ca10cu24o41,77,cuprate_other,cuprate,273400,1.7994,3.0,ARPES estimated (canonical),Medium
5,92.26674,65.2390533333333,64.8126619740323,38.2432079662367,1.32328660934735,1.38327196628044,188.3839,24.57924,69.2326551521925,67.8973470356623,747.78,984.466666666667,702.115183963558,912.495410008807,1.54100618977138,0.98684371065202,810.6,661.026666666667,293.286136051468,357.05227379506,159.2,112.4,139.74337176418,89.1655702687942,1.50732079160841,1.56195207452127,205,20.8,67.2113085722931,75.4106977380088,5174.2858,3346.76213333333,962.364248380021,68.8996631679477,1.16506544127006,1.10644451182222,11848.571,1579.23786666667,4506.89548007568,4475.40437412919,60.484,97.0646666666667,29.1775463973801,62.9570534333801,1.11263862269811,0.687370134057524,138.63,75.742,58.4343360020459,58.4397919077594,6.8124,4.06106666666667,3.83958497592852,1.16403718539927,1.34550846737517,1.36575380665463,12.878,1.62826666666667,4.34020541449365,4.70773784977692,132.805316,75.214176,17.7474131712332,1.11989343216865,0.949904122208674,0.866400030272894,399.97342,53.3191573333333,151.16463932891,136.631480409064,2.2,2.13333333333333,2.1689435423954,2.11110011888848,1.59416669911802,1.35359135213461,1,0.933333333333333,0.4,0.339934634239519,108.0,tl2ba2ca1cu2o8,54,cuprate_Tl_based,cuprate,320000,2.1061,109.0,ARPES measured,High
6,93.82315,55.2060354166667,71.2926324339287,37.3023101220259,1.57097537679997,1.62123098739111,184.5906,16.7683729166667,61.6330235440317,49.7472982280047,799.116666666667,990.690416666667,755.993344876742,926.47662430313,1.73451041709567,1.10238929643446,781.6,637.58875,278.774457322681,338.910284145858,160.0,116.625,144.705642520474,93.5266300997502,1.71730601665049,1.54664114683059,171,40.6375,55.6896160278856,72.4677011387372,6374.23816666667,3245.34783333333,1640.89288244441,87.7354148558105,1.49607160999607,1.37148111859169,13532.571,1492.61883333333,4340.78304782484,4164.97606976308,62.3383333333333,96.3404166666667,27.6724263354503,52.9771860887576,1.3727250984858,0.765709451709114,141.0,71.16875,52.8794290238547,58.8756051971136,8.91866666666667,5.045875,4.52852902729024,1.38707114301827,1.41773628166473,1.33681001366329,22.578,2.07233333333333,7.45986699315447,5.83483158006367,81.8877633333333,76.0337066666667,10.8458090320577,1.29474769708573,0.71580629651109,0.468222334032805,399.97342,66.6533766666667,142.776197831945,145.549143517836,2.66666666666667,2.12916666666667,2.49288287167843,2.08916968348522,1.71707598019888,1.46608367128912,3,0.891666666666667,1.10554159678513,0.536174075174181,82.0,hg0.65v0.35sr2.5nd0.5cu2o6,62,cuprate_Hg_based,cuprate,290000,1.9086,82.0,ARPES measured,High
5,83.24476,59.2244,59.5060814160275,36.126174653366,1.31151037344354,1.37205026883777,192.981,25.1921866666667,67.2338347072841,64.1963038171721,779.88,1005.86666666667,740.399332713733,945.371395526592,1.55321870407659,1.01920228760579,764.1,661.026666666667,276.063147848459,333.238432490745,149.8,106.133333333333,133.425311183972,86.4573385873277,1.51953736136792,1.57318466329146,171,16.2666666666667,58.6085318021191,66.3192949969229,4584.2858,2953.4288,874.164786339504,64.6228811852236,1.16177435651007,1.09951242220735,9778.571,1303.23786666667,4004.27323147741,3977.06081745709,73.1,105.475333333333,33.1487827641917,68.5472871662888,1.20088590631532,0.827671215145129,138.63,75.742,57.6456725175446,52.6707822695742,8.1524,4.9544,4.6464334920886,1.32187528238585,1.3929374917507,1.39581372668179,12.878,1.62826666666667,4.36102637460495,5.2534095696668,128.605316,72.414176,14.2876432915522,0.969156077634558,0.87197627698413,0.777322832630269,399.97342,53.3191573333333,154.008028485009,137.579264999148,2.6,2.4,2.40224886796286,2.25989709292424,1.5193826646423,1.36507672357122,3,0.933333333333333,1.2,1.01980390271856,57.0,bi2sr2ca1cu2o8,45,cuprate_BSCCO,cuprate,304000,2.0008,85.0,ARPES measured,High
5,83.24476,59.2244,59.5060814160275,36.126174653366,1.31151037344354,1.37205026883777,192.981,25.1921866666667,67.2338347072841,64.1963038171721,779.88,1005.86666666667,740.399332713733,945.371395526592,1.55321870407659,1.01920228760579,764.1,661.026666666667,276.063147848459,333.238432490745,149.8,106.133333333333,133.425311183972,86.4573385873277,1.51953736136792,1.57318466329146,171,16.2666666666667,58.6085318021191,66.3192949969229,4584.2858,2953.4288,874.164786339504,64.6228811852236,1.16177435651007,1.09951242220735,9778.571,1303.23786666667,4004.27323147741,3977.06081745709,73.1,105.475333333333,33.1487827641917,68.5472871662888,1.20088590631532,0.827671215145129,138.63,75.742,57.6456725175446,52.6707822695742,8.1524,4.9544,4.6464334920886,1.32187528238585,1.3929374917507,1.39581372668179,12.878,1.62826666666667,4.36102637460495,5.2534095696668,128.605316,72.414176,14.2876432915522,0.969156077634558,0.87197627698413,0.777322832630269,399.97342,53.3191573333333,154.008028485009,137.579264999148,2.6,2.4,2.40224886796286,2.25989709292424,1.5193826646423,1.36507672357122,3,0.933333333333333,1.2,1.01980390271856,74.3,bi2sr2ca1cu2o8,45,cuprate_BSCCO,cuprate,304000,2.0008,85.0,ARPES measured,High
5,83.24476,59.2244,59.5060814160275,36.126174653366,1.31151037344354,1.37205026883777,192.981,25.1921866666667,67.2338347072841,64.1963038171721,779.88,1005.86666666667,740.399332713733,945.371395526592,1.55321870407659,1.01920228760579,764.1,661.026666666667,276.063147848459,333.238432490745,149.8,106.133333333333,133.425311183972,86.4573385873277,1.51953736136792,1.57318466329146,171,16.2666666666667,58.6085318021191,66.3192949969229,4584.2858,2953.4288,874.164786339504,64.6228811852236,1.16177435651007,1.09951242220735,9778.571,1303.23786666667,4004.27323147741,3977.06081745709,73.1,105.475333333333,33.1487827641917,68.5472871662888,1.20088590631532,0.827671215145129,138.63,75.742,57.6456725175446,52.6707822695742,8.1524,4.9544,4.6464334920886,1.32187528238585,1.3929374917507,1.39581372668179,12.878,1.62826666666667,4.36102637460495,5.2534095696668,128.605316,72.414176,14.2876432915522,0.969156077634558,0.87197627698413,0.777322832630269,399.97342,53.3191573333333,154.008028485009,137.579264999148,2.6,2.4,2.40224886796286,2.25989709292424,1.5193826646423,1.36507672357122,3,0.933333333333333,1.2,1.01980390271856,92.2,bi2sr2ca1cu2o8,45,cuprate_BSCCO,cuprate,304000,2.0008,85.0,ARPES measured,High
5,71.42825,43.5743397163121,60.3489271073596,31.663437496473,1.49441927490194,1.56952809730344,85.0706,6.69390070921986,30.2680025448327,33.2795498407388,786.56,1032.39361702128,748.385121902915,972.05036486155,1.5556257130848,0.930481185192095,764.1,714.033333333333,272.219651017336,330.931983801083,160.4,106.397163120567,141.893285089865,84.6649799642035,1.51802567496523,1.53862089535122,171,20.9645390070922,62.0921895249314,71.2171665727242,5686.6858,2790.89183687943,1132.48770644492,48.0756727897867,1.23760929613356,1.2119513236722,12368.571,1397.19326950355,4438.96855367174,3977.23710529771,80.566,109.534042553191,51.3405062151194,78.9347718368806,1.34139632030113,0.794646273547991,135.97,80.9354609929078,52.5462636540411,50.8418138208496,11.6844,5.5729219858156,5.84400321728236,1.20747606175259,1.30878944678014,1.40925671024186,25.478,1.91643971631206,8.28834443299746,7.1775014025763,114.405316,75.4053402836879,14.9990114252601,0.841787834946912,0.853653738137043,0.620632805118219,399.97342,62.3960781560284,148.641258781805,142.442446852747,3.0,2.29787234042553,2.70192007704123,2.19073298314185,1.49436508345339,1.37918889129217,4,0.936170212765957,1.54919333848297,0.943395713931718,65.0,ru0.8sr2y1cu2.2o8.1,81,cuprate_other,cuprate,273400,1.7994,65.0,ARPES estimated (canonical),Medium
4,90.1422625,58.4628789285714,66.9350441753246,36.2720549072903,1.1786487477301,1.01913418487134,124.90825,34.2373932142857,53.101375326838,54.5281324904717,781.2,1007.51785714286,726.276975830068,933.241464598721,1.30963661341067,0.781677838067417,786.5,738.769285714286,319.052668065948,359.181808374028,156.25,117.385714285714,133.542493259005,89.2100968068677,1.26330558899854,1.08656171415207,199,61.3142857142857,72.2958332132634,86.0112605347434,5572.60725,3179.00942857143,868.395128395836,55.6316218883793,1.08892790263583,0.836141109574179,8958.571,1754.04057142857,3350.30285164755,3738.1444917717,91.35,113.271428571429,82.046890506221,103.94732073931,1.28520320008435,0.822660771041162,91.0,80.325,40.6431728584273,39.8077420426054,6.4305,3.93971428571429,3.24122375040231,1.05598644860201,1.06747319560728,0.925773552258418,12.878,1.75357142857143,4.58568323698879,4.71734936815416,106.006645,60.8294742857143,6.24435738721919,0.614021288835698,0.257209773933062,0.244639046719328,399.97342,57.1276685714286,169.808985016895,138.579130686535,3.0,2.57142857142857,2.82842712474619,2.43802730840895,1.32966134885476,1.08335601779317,2,1.05714285714286,1.0,0.903507902905251,15.9,pr1.85ce0.15cu1o4,76,cuprate_electron_doped,cuprate,230000,1.5137,23.2,ARPES measured,High
4,90.1422625,58.4628789285714,66.9350441753246,36.2720549072903,1.1786487477301,1.01913418487134,124.90825,34.2373932142857,53.101375326838,54.5281324904717,781.2,1007.51785714286,726.276975830068,933.241464598721,1.30963661341067,0.781677838067417,786.5,738.769285714286,319.052668065948,359.181808374028,156.25,117.385714285714,133.542493259005,89.2100968068677,1.26330558899854,1.08656171415207,199,61.3142857142857,72.2958332132634,86.0112605347434,5572.60725,3179.00942857143,868.395128395836,55.6316218883793,1.08892790263583,0.836141109574179,8958.571,1754.04057142857,3350.30285164755,3738.1444917717,91.35,113.271428571429,82.046890506221,103.94732073931,1.28520320008435,0.822660771041162,91.0,80.325,40.6431728584273,39.8077420426054,6.4305,3.93971428571429,3.24122375040231,1.05598644860201,1.06747319560728,0.925773552258418,12.878,1.75357142857143,4.58568323698879,4.71734936815416,106.006645,60.8294742857143,6.24435738721919,0.614021288835698,0.257209773933062,0.244639046719328,399.97342,57.1276685714286,169.808985016895,138.579130686535,3.0,2.57142857142857,2.82842712474619,2.43802730840895,1.32966134885476,1.08335601779317,2,1.05714285714286,1.0,0.903507902905251,24.0,pr1.85ce0.15cu1o4,76,cuprate_electron_doped,cuprate,230000,1.5137,23.2,ARPES measured,High
4,90.1422625,58.4628789285714,66.9350441753246,36.2720549072903,1.1786487477301,1.01913418487134,124.90825,34.2373932142857,53.101375326838,54.5281324904717,781.2,1007.51785714286,726.276975830068,933.241464598721,1.30963661341067,0.781677838067417,786.5,738.769285714286,319.052668065948,359.181808374028,156.25,117.385714285714,133.542493259005,89.2100968068677,1.26330558899854,1.08656171415207,199,61.3142857142857,72.2958332132634,86.0112605347434,5572.60725,3179.00942857143,868.395128395836,55.6316218883793,1.08892790263583,0.836141109574179,8958.571,1754.04057142857,3350.30285164755,3738.1444917717,91.35,113.271428571429,82.046890506221,103.94732073931,1.28520320008435,0.822660771041162,91.0,80.325,40.6431728584273,39.8077420426054,6.4305,3.93971428571429,3.24122375040231,1.05598644860201,1.06747319560728,0.925773552258418,12.878,1.75357142857143,4.58568323698879,4.71734936815416,106.006645,60.8294742857143,6.24435738721919,0.614021288835698,0.257209773933062,0.244639046719328,399.97342,57.1276685714286,169.808985016895,138.579130686535,3.0,2.57142857142857,2.82842712474619,2.43802730840895,1.32966134885476,1.08335601779317,2,1.05714285714286,1.0,0.903507902905251,24.2,pr1.85ce0.15cu1o4,76,cuprate_electron_doped,cuprate,230000,1.5137,23.2,ARPES measured,High
4,90.1422625,58.4628789285714,66.9350441753246,36.2720549072903,1.1786487477301,1.01913418487134,124.90825,34.2373932142857,53.101375326838,54.5281324904717,781.2,1007.51785714286,726.276975830068,933.241464598721,1.30963661341067,0.781677838067417,786.5,738.769285714286,319.052668065948,359.181808374028,156.25,117.385714285714,133.542493259005,89.2100968068677,1.26330558899854,1.08656171415207,199,61.3142857142857,72.2958332132634,86.0112605347434,5572.60725,3179.00942857143,868.395128395836,55.6316218883793,1.08892790263583,0.836141109574179,8958.571,1754.04057142857,3350.30285164755,3738.1444917717,91.35,113.271428571429,82.046890506221,103.94732073931,1.28520320008435,0.822660771041162,91.0,80.325,40.6431728584273,39.8077420426054,6.4305,3.93971428571429,3.24122375040231,1.05598644860201,1.06747319560728,0.925773552258418,12.878,1.75357142857143,4.58568323698879,4.71734936815416,106.006645,60.8294742857143,6.24435738721919,0.614021288835698,0.257209773933062,0.244639046719328,399.97342,57.1276685714286,169.808985016895,138.579130686535,3.0,2.57142857142857,2.82842712474619,2.43802730840895,1.32966134885476,1.08335601779317,2,1.05714285714286,1.0,0.903507902905251,23.9,pr1.85ce0.15cu1o4,76,cuprate_electron_doped,cuprate,230000,1.5137,23.2,ARPES measured,High
4,90.1422625,58.4628789285714,66.9350441753246,36.2720549072903,1.1786487477301,1.01913418487134,124.90825,34.2373932142857,53.101375326838,54.5281324904717,781.2,1007.51785714286,726.276975830068,933.241464598721,1.30963661341067,0.781677838067417,786.5,738.769285714286,319.052668065948,359.181808374028,156.25,117.385714285714,133.542493259005,89.2100968068677,1.26330558899854,1.08656171415207,199,61.3142857142857,72.2958332132634,86.0112605347434,5572.60725,3179.00942857143,868.395128395836,55.6316218883793,1.08892790263583,0.836141109574179,8958.571,1754.04057142857,3350.30285164755,3738.1444917717,91.35,113.271428571429,82.046890506221,103.94732073931,1.28520320008435,0.822660771041162,91.0,80.325,40.6431728584273,39.8077420426054,6.4305,3.93971428571429,3.24122375040231,1.05598644860201,1.06747319560728,0.925773552258418,12.878,1.75357142857143,4.58568323698879,4.71734936815416,106.006645,60.8294742857143,6.24435738721919,0.614021288835698,0.257209773933062,0.244639046719328,399.97342,57.1276685714286,169.808985016895,138.579130686535,3.0,2.57142857142857,2.82842712474619,2.43802730840895,1.32966134885476,1.08335601779317,2,1.05714285714286,1.0,0.903507902905251,23.6,pr1.85ce0.15cu1o4,76,cuprate_electron_doped,cuprate,230000,1.5137,23.2,ARPES measured,High
5,87.04348,55.0485937869822,66.1541512107314,35.2791069463217,1.39763905999279,1.44752260828672,146.5006,18.2493713017751,54.3964278566304,52.124184733647,777.34,1012.4676035503,732.983904448881,944.70339466535,1.54753354449392,0.930033191651508,810.6,702.290088757396,285.726194808946,344.995556528536,166.0,113.569526627219,144.330408638141,88.2654725258231,1.50087157747117,1.48155005009822,205,31.6568047337278,71.941643017101,80.5294585028247,5779.2858,3100.4989704142,1247.8774430305,59.7627487398355,1.33424749203944,1.18268044559853,8958.571,1656.00990532544,3484.83736354031,3841.29236309747,69.31,108.161982248521,47.1823579896103,85.2235221878382,1.30367131498743,0.782229766349461,127.05,78.6242603550296,52.6301662547251,49.9629487416252,9.2444,5.06060946745562,5.13314183431322,1.24765442822175,1.39002758284573,1.30948070956682,13.578,2.29885798816568,4.93993172422454,5.63682386397871,101.605316,80.3772101775148,11.0708623223116,0.866488727972626,0.679486976722325,0.357946251014326,399.97342,73.9497128994083,151.702207966263,153.013032794114,2.4,2.11094674556213,2.35215804504935,2.09202441072991,1.58902691517397,1.30976737429876,1,1.00147928994083,0.489897948556636,0.314066179668079,75.0,fe0.5ba2dy1cu2.5o7.52,9,cuprate_YBCO,cuprate,273400,1.7994,75.0,ARPES measured (canonical vmid),High
7,68.3261785714286,43.1109765384615,58.9971343220939,32.2962630639101,1.83434261536486,1.64680617690101,96.4116,13.04765,30.0002344451775,30.7924107008137,751.114285714286,998.494230769231,717.361580110548,932.644857543725,1.89579812625936,1.02630787066606,764.1,703.718461538461,251.988652967727,344.92633684793,159.285714285714,108.296153846154,145.381103629572,87.1625919726083,1.87630592576352,1.64822135002814,171,33.0730769230769,54.3578468135382,69.7545751505797,4595.347,2525.131,1424.80683848951,60.0603665658679,1.64597635179744,1.2696653125106,8958.571,1377.69207692308,3195.06323856884,3317.56013128733,47.9714285714286,100.172769230769,18.0004493434774,64.2568067014006,1.32151578927483,0.721624595303127,141.0,76.725,54.1488584310672,56.901445385392,7.59314285714286,4.60934615384615,5.01488910427695,1.24439831537706,1.76669476451452,1.45463976683588,12.878,1.99115384615385,3.88951438131407,5.11323868045043,111.003797142857,74.95662,23.1117602070178,1.05535020986379,1.29583334098825,0.705170551709231,399.97342,61.5241492307692,133.800544439191,142.20018973312,2.28571428571429,2.12692307692308,2.2456485239871,2.10562020862903,1.92739212613927,1.43740760219456,1,1.06923076923077,0.451753951452626,0.332886781755382,27.5,ga0.95cd0.05sr2y0.7ca0.3cu2o7,78,cuprate_other,cuprate,273400,1.7994,27.5,ARPES estimated (canonical),Medium
4,76.4445625,51.2456653846154,59.3566724745425,34.93526616493,1.1995407452483,1.29188813799544,121.3276,14.2883192307692,43.8233541228786,44.1921252152174,794.0,1003.62307692308,741.629348855485,937.559192443233,1.31500430814302,0.890516212329374,810.6,659.715384615385,311.743492313793,342.396001400641,164.5,114.538461538462,139.000513752081,89.6851907721419,1.25670056650299,1.339742693422,205,22.6153846153846,77.5258021564434,79.2353994166121,4235.85725,2952.46176923077,669.556587809389,66.3421689582226,1.01540712310099,0.812798145814768,8958.571,2066.92284615385,3194.93894591629,3639.1292471846,77.2375,109.169230769231,53.5279646494387,86.5393772975223,1.10518217403612,0.762761032074798,127.05,74.3538461538461,54.8307552268797,49.4457143606911,8.1805,5.25030769230769,4.03556899860879,1.33691977973836,1.11209819664271,1.04292735932209,12.878,2.90353846153846,4.9481552875794,5.64855656694176,108.756645,96.3989276923077,7.55238461047956,1.09629540931362,0.336261915781173,0.203148213514574,399.97342,92.29338,168.301046773239,166.440382618967,2.25,2.07692307692308,2.21336383940064,2.06336223306145,1.36892236074022,1.20182302376485,1,0.846153846153846,0.433012701892219,0.266469355010596,44.7,y1ba2cu3o7,13,cuprate_YBCO,cuprate,273400,1.7994,86.0,ARPES measured (canonical vmid),High
5,83.24476,59.2244,59.5060814160275,36.126174653366,1.31151037344354,1.37205026883777,192.981,25.1921866666667,67.2338347072841,64.1963038171721,779.88,1005.86666666667,740.399332713733,945.371395526592,1.55321870407659,1.01920228760579,764.1,661.026666666667,276.063147848459,333.238432490745,149.8,106.133333333333,133.425311183972,86.4573385873277,1.51953736136792,1.57318466329146,171,16.2666666666667,58.6085318021191,66.3192949969229,4584.2858,2953.4288,874.164786339504,64.6228811852236,1.16177435651007,1.09951242220735,9778.571,1303.23786666667,4004.27323147741,3977.06081745709,73.1,105.475333333333,33.1487827641917,68.5472871662888,1.20088590631532,0.827671215145129,138.63,75.742,57.6456725175446,52.6707822695742,8.1524,4.9544,4.6464334920886,1.32187528238585,1.3929374917507,1.39581372668179,12.878,1.62826666666667,4.36102637460495,5.2534095696668,128.605316,72.414176,14.2876432915522,0.969156077634558,0.87197627698413,0.777322832630269,399.97342,53.3191573333333,154.008028485009,137.579264999148,2.6,2.4,2.40224886796286,2.25989709292424,1.5193826646423,1.36507672357122,3,0.933333333333333,1.2,1.01980390271856,48.0,bi2sr2ca1cu2o8,45,cuprate_BSCCO,cuprate,304000,2.0008,85.0,ARPES measured,High
4,76.5177175,56.8088170714286,59.3100961333418,35.7734324182576,1.19727303349869,0.981879783570863,122.90607,34.8331599285714,44.2894585275144,52.5332069817455,787.05,1011.54071428571,734.219624171273,940.294344338809,1.31300802421591,0.786865234305601,772.0,738.578571428571,314.505965762178,353.819831451067,151.75,104.371428571429,131.302196551623,84.1108347003322,1.27527399052522,1.16005975115976,171,46.8428571428571,65.5796271718588,67.1114577035996,4434.35725,2961.47371428571,674.484751445268,53.4270174887903,0.995982779568411,0.769628332487839,8958.571,1623.48342857143,3402.85619588643,3581.84892090518,79.6075,111.779214285714,48.4772646848066,98.4119621279586,1.09667176877521,0.777657155958259,135.97,81.2886428571429,54.3730969207199,42.5578923529527,6.9055,3.83471428571429,3.47947484936327,1.03921119227177,1.08857534188499,0.96403104867923,12.878,1.74457142857143,4.59906411675245,4.6583013524026,112.006645,61.34376,8.33981834610162,0.629441022509672,0.403693221013522,0.283412116654505,399.97342,57.1276685714286,166.742351106334,138.437713993087,2.25,2.26428571428571,2.21336383940064,2.2262216392083,1.36892236074022,1.04883427304761,1,1.1,0.433012701892219,0.440952123830019,36.1,la1.85sr0.15cu1o4,29,cuprate_LSCO,cuprate,245000,1.6125,31.6,ARPES measured,High
4,76.5177175,57.2484068142857,59.3100961333418,35.9150018416559,1.19727303349869,0.935318973929482,122.90607,36.7748068142857,44.2894585275144,53.0016766072158,787.05,1011.473,734.219624171273,940.177532083957,1.31300802421591,0.774005177116847,772.0,743.284285714286,314.505965762178,353.909091030249,151.75,104.165714285714,131.302196551623,84.0271940812136,1.27527399052522,1.11330715887899,171,50.3914285714286,65.5796271718588,66.7958165621477,4434.35725,2991.61085714286,674.484751445268,53.8171474962129,0.995982779568411,0.740605487633944,8958.571,1676.16342857143,3402.85619588643,3593.70509331722,79.6075,112.147528571429,48.4772646848066,100.135508626297,1.09667176877521,0.779711931612519,135.97,81.3446142857143,54.3730969207199,41.8250574728395,6.9055,3.82014285714286,3.47947484936327,1.03708543388659,1.08857534188499,0.919302767582771,12.878,1.76857142857143,4.59906411675245,4.64789654201835,112.006645,61.1551885714286,8.33981834610162,0.624120231144624,0.403693221013522,0.266761555299874,399.97342,57.1276685714286,166.742351106334,138.488443665134,2.25,2.27285714285714,2.21336383940064,2.23397214406932,1.36892236074022,1.02489171610421,1,1.11714285714286,0.433012701892219,0.445428021625245,24.4,la1.91sr0.09cu1o4,28,cuprate_LSCO,cuprate,245000,1.6125,27.9,ARPES measured,High
5,83.24476,59.2244,59.5060814160275,36.126174653366,1.31151037344354,1.37205026883777,192.981,25.1921866666667,67.2338347072841,64.1963038171721,779.88,1005.86666666667,740.399332713733,945.371395526592,1.55321870407659,1.01920228760579,764.1,661.026666666667,276.063147848459,333.238432490745,149.8,106.133333333333,133.425311183972,86.4573385873277,1.51953736136792,1.57318466329146,171,16.2666666666667,58.6085318021191,66.3192949969229,4584.2858,2953.4288,874.164786339504,64.6228811852236,1.16177435651007,1.09951242220735,9778.571,1303.23786666667,4004.27323147741,3977.06081745709,73.1,105.475333333333,33.1487827641917,68.5472871662888,1.20088590631532,0.827671215145129,138.63,75.742,57.6456725175446,52.6707822695742,8.1524,4.9544,4.6464334920886,1.32187528238585,1.3929374917507,1.39581372668179,12.878,1.62826666666667,4.36102637460495,5.2534095696668,128.605316,72.414176,14.2876432915522,0.969156077634558,0.87197627698413,0.777322832630269,399.97342,53.3191573333333,154.008028485009,137.579264999148,2.6,2.4,2.40224886796286,2.25989709292424,1.5193826646423,1.36507672357122,3,0.933333333333333,1.2,1.01980390271856,72.0,bi2sr2ca1cu2o8,45,cuprate_BSCCO,cuprate,304000,2.0008,85.0,ARPES measured,High
2,17.558,15.309,16.2099153298221,14.1625825206729,0.617382033211245,0.691439830850295,13.494,0.894333333333334,6.747,6.36113260355418,768.75,779.233333333333,768.106411898768,778.658644365361,0.692310109639013,0.623349853826967,62.9000000000001,287.7,31.45,29.6513443577559,116.0,106.333333333333,112.316517040015,103.149905830212,0.661563238157982,0.689009238476659,58,9.66666666666667,29.0,27.3414622058798,2099.0,2219.33333333333,2067.72338575545,2190.9879823189,0.678283686496967,0.574141240874938,722.0,1060.66666666667,361.0,340.354064011125,14.85,19.3,6.50384501660364,10.6054676906229,0.199999657250238,0.120212061577419,26.7,18.3,13.35,12.5865007051205,29.35,36.2333333333333,20.8566536146142,27.9138508582921,0.419593720110814,0.278859237346522,41.3,30.4333333333333,20.65,19.4690067086696,93.5,71.3333333333333,65.7267069006199,48.8595170987083,0.412844414611115,0.564887468517725,133.0,35.3333333333333,66.5,62.6968012652072,2.5,2.66666666666667,2.44948974278318,2.6207413942089,0.673011667009257,0.562335144618808,1,1.33333333333333,0.5,0.471404520791032,38.0,b2mg1,127,MgB2_type,MgB2,560000,3.6856,40.0,DFT calculated,High
2,17.558,15.309,16.2099153298221,14.1625825206729,0.617382033211245,0.691439830850295,13.494,0.894333333333334,6.747,6.36113260355418,768.75,779.233333333333,768.106411898768,778.658644365361,0.692310109639013,0.623349853826967,62.9000000000001,287.7,31.45,29.6513443577559,116.0,106.333333333333,112.316517040015,103.149905830212,0.661563238157982,0.689009238476659,58,9.66666666666667,29.0,27.3414622058798,2099.0,2219.33333333333,2067.72338575545,2190.9879823189,0.678283686496967,0.574141240874938,722.0,1060.66666666667,361.0,340.354064011125,14.85,19.3,6.50384501660364,10.6054676906229,0.199999657250238,0.120212061577419,26.7,18.3,13.35,12.5865007051205,29.35,36.2333333333333,20.8566536146142,27.9138508582921,0.419593720110814,0.278859237346522,41.3,30.4333333333333,20.65,19.4690067086696,93.5,71.3333333333333,65.7267069006199,48.8595170987083,0.412844414611115,0.564887468517725,133.0,35.3333333333333,66.5,62.6968012652072,2.5,2.66666666666667,2.44948974278318,2.6207413942089,0.673011667009257,0.562335144618808,1,1.33333333333333,0.5,0.471404520791032,38.73,b2mg1,127,MgB2_type,MgB2,560000,3.6856,40.0,DFT calculated,High
2,17.558,15.309,16.2099153298221,14.1625825206729,0.617382033211245,0.691439830850295,13.494,0.894333333333334,6.747,6.36113260355418,768.75,779.233333333333,768.106411898768,778.658644365361,0.692310109639013,0.623349853826967,62.9000000000001,287.7,31.45,29.6513443577559,116.0,106.333333333333,112.316517040015,103.149905830212,0.661563238157982,0.689009238476659,58,9.66666666666667,29.0,27.3414622058798,2099.0,2219.33333333333,2067.72338575545,2190.9879823189,0.678283686496967,0.574141240874938,722.0,1060.66666666667,361.0,340.354064011125,14.85,19.3,6.50384501660364,10.6054676906229,0.199999657250238,0.120212061577419,26.7,18.3,13.35,12.5865007051205,29.35,36.2333333333333,20.8566536146142,27.9138508582921,0.419593720110814,0.278859237346522,41.3,30.4333333333333,20.65,19.4690067086696,93.5,71.3333333333333,65.7267069006199,48.8595170987083,0.412844414611115,0.564887468517725,133.0,35.3333333333333,66.5,62.6968012652072,2.5,2.66666666666667,2.44948974278318,2.6207413942089,0.673011667009257,0.562335144618808,1,1.33333333333333,0.5,0.471404520791032,39.0,b2mg1,127,MgB2_type,MgB2,560000,3.6856,40.0,DFT calculated,High
5,101.73261,56.4477345833333,75.8940628802917,38.1070099261998,1.39416612626947,1.54608992164134,184.5906,11.5678333333333,63.7417187685146,48.7374554889507,827.94,976.896666666667,777.716030424252,908.116421124439,1.54684979923155,1.04473416020989,786.5,623.016666666667,297.515697737111,349.627147576132,166.0,122.133333333333,145.127356157905,95.9853384805586,1.50733637872626,1.46360342607162,199,39.925,68.9347517584563,79.3642376780765,6353.0858,3101.7645,1247.89500885476,86.4578656251747,1.25440592983136,1.26004970709038,13532.571,1492.61883333333,4746.55163526602,3917.59246317943,64.386,97.3645833333333,24.3831125521165,57.0080579859931,1.12587286668913,0.76383068767585,141.0,71.2,57.7089523730937,57.6311202085562,6.1024,4.66983333333333,3.25896552300583,1.36905574864827,1.28035436131605,1.15007648586393,12.878,2.107,4.52364797923092,4.96903934098154,91.265316,75.4399566666667,8.3318394241952,1.2600344133091,0.487254237635244,0.422712262390265,399.97342,66.6533766666667,154.800582158852,145.768570999992,2.4,2.18333333333333,2.29739670999407,2.13120100325697,1.56071040904141,1.36683605415937,2,0.933333333333333,0.8,0.57710965643936,74.0,hg0.4pr0.6sr2.5pr0.5cu2o6,67,cuprate_Hg_based,cuprate,290000,1.9086,74.0,ARPES measured,High
2,17.558,15.309,16.2099153298221,14.1625825206729,0.617382033211245,0.691439830850295,13.494,0.894333333333334,6.747,6.36113260355418,768.75,779.233333333333,768.106411898768,778.658644365361,0.692310109639013,0.623349853826967,62.9000000000001,287.7,31.45,29.6513443577559,116.0,106.333333333333,112.316517040015,103.149905830212,0.661563238157982,0.689009238476659,58,9.66666666666667,29.0,27.3414622058798,2099.0,2219.33333333333,2067.72338575545,2190.9879823189,0.678283686496967,0.574141240874938,722.0,1060.66666666667,361.0,340.354064011125,14.85,19.3,6.50384501660364,10.6054676906229,0.199999657250238,0.120212061577419,26.7,18.3,13.35,12.5865007051205,29.35,36.2333333333333,20.8566536146142,27.9138508582921,0.419593720110814,0.278859237346522,41.3,30.4333333333333,20.65,19.4690067086696,93.5,71.3333333333333,65.7267069006199,48.8595170987083,0.412844414611115,0.564887468517725,133.0,35.3333333333333,66.5,62.6968012652072,2.5,2.66666666666667,2.44948974278318,2.6207413942089,0.673011667009257,0.562335144618808,1,1.33333333333333,0.5,0.471404520791032,38.7,b2mg1,127,MgB2_type,MgB2,560000,3.6856,40.0,DFT calculated,High
4,76.5177175,56.8088170714286,59.3100961333418,35.7734324182576,1.19727303349869,0.981879783570863,122.90607,34.8331599285714,44.2894585275144,52.5332069817455,787.05,1011.54071428571,734.219624171273,940.294344338809,1.31300802421591,0.786865234305601,772.0,738.578571428571,314.505965762178,353.819831451067,151.75,104.371428571429,131.302196551623,84.1108347003322,1.27527399052522,1.16005975115976,171,46.8428571428571,65.5796271718588,67.1114577035996,4434.35725,2961.47371428571,674.484751445268,53.4270174887903,0.995982779568411,0.769628332487839,8958.571,1623.48342857143,3402.85619588643,3581.84892090518,79.6075,111.779214285714,48.4772646848066,98.4119621279586,1.09667176877521,0.777657155958259,135.97,81.2886428571429,54.3730969207199,42.5578923529527,6.9055,3.83471428571429,3.47947484936327,1.03921119227177,1.08857534188499,0.96403104867923,12.878,1.74457142857143,4.59906411675245,4.6583013524026,112.006645,61.34376,8.33981834610162,0.629441022509672,0.403693221013522,0.283412116654505,399.97342,57.1276685714286,166.742351106334,138.437713993087,2.25,2.26428571428571,2.21336383940064,2.2262216392083,1.36892236074022,1.04883427304761,1,1.1,0.433012701892219,0.440952123830019,37.94,la1.85sr0.15cu1o4,29,cuprate_LSCO,cuprate,245000,1.6125,31.6,ARPES measured,High
2,17.558,15.309,16.2099153298221,14.1625825206729,0.617382033211245,0.691439830850295,13.494,0.894333333333334,6.747,6.36113260355418,768.75,779.233333333333,768.106411898768,778.658644365361,0.692310109639013,0.623349853826967,62.9000000000001,287.7,31.45,29.6513443577559,116.0,106.333333333333,112.316517040015,103.149905830212,0.661563238157982,0.689009238476659,58,9.66666666666667,29.0,27.3414622058798,2099.0,2219.33333333333,2067.72338575545,2190.9879823189,0.678283686496967,0.574141240874938,722.0,1060.66666666667,361.0,340.354064011125,14.85,19.3,6.50384501660364,10.6054676906229,0.199999657250238,0.120212061577419,26.7,18.3,13.35,12.5865007051205,29.35,36.2333333333333,20.8566536146142,27.9138508582921,0.419593720110814,0.278859237346522,41.3,30.4333333333333,20.65,19.4690067086696,93.5,71.3333333333333,65.7267069006199,48.8595170987083,0.412844414611115,0.564887468517725,133.0,35.3333333333333,66.5,62.6968012652072,2.5,2.66666666666667,2.44948974278318,2.6207413942089,0.673011667009257,0.562335144618808,1,1.33333333333333,0.5,0.471404520791032,36.6,b2mg1,127,MgB2_type,MgB2,560000,3.6856,40.0,DFT calculated,High
2,17.558,15.309,16.2099153298221,14.1625825206729,0.617382033211245,0.691439830850295,13.494,0.894333333333334,6.747,6.36113260355418,768.75,779.233333333333,768.106411898768,778.658644365361,0.692310109639013,0.623349853826967,62.9000000000001,287.7,31.45,29.6513443577559,116.0,106.333333333333,112.316517040015,103.149905830212,0.661563238157982,0.689009238476659,58,9.66666666666667,29.0,27.3414622058798,2099.0,2219.33333333333,2067.72338575545,2190.9879823189,0.678283686496967,0.574141240874938,722.0,1060.66666666667,361.0,340.354064011125,14.85,19.3,6.50384501660364,10.6054676906229,0.199999657250238,0.120212061577419,26.7,18.3,13.35,12.5865007051205,29.35,36.2333333333333,20.8566536146142,27.9138508582921,0.419593720110814,0.278859237346522,41.3,30.4333333333333,20.65,19.4690067086696,93.5,71.3333333333333,65.7267069006199,48.8595170987083,0.412844414611115,0.564887468517725,133.0,35.3333333333333,66.5,62.6968012652072,2.5,2.66666666666667,2.44948974278318,2.6207413942089,0.673011667009257,0.562335144618808,1,1.33333333333333,0.5,0.471404520791032,38.5,b2mg1,127,MgB2_type,MgB2,560000,3.6856,40.0,DFT calculated,High
2,17.558,15.309,16.2099153298221,14.1625825206729,0.617382033211245,0.691439830850295,13.494,0.894333333333334,6.747,6.36113260355418,768.75,779.233333333333,768.106411898768,778.658644365361,0.692310109639013,0.623349853826967,62.9000000000001,287.7,31.45,29.6513443577559,116.0,106.333333333333,112.316517040015,103.149905830212,0.661563238157982,0.689009238476659,58,9.66666666666667,29.0,27.3414622058798,2099.0,2219.33333333333,2067.72338575545,2190.9879823189,0.678283686496967,0.574141240874938,722.0,1060.66666666667,361.0,340.354064011125,14.85,19.3,6.50384501660364,10.6054676906229,0.199999657250238,0.120212061577419,26.7,18.3,13.35,12.5865007051205,29.35,36.2333333333333,20.8566536146142,27.9138508582921,0.419593720110814,0.278859237346522,41.3,30.4333333333333,20.65,19.4690067086696,93.5,71.3333333333333,65.7267069006199,48.8595170987083,0.412844414611115,0.564887468517725,133.0,35.3333333333333,66.5,62.6968012652072,2.5,2.66666666666667,2.44948974278318,2.6207413942089,0.673011667009257,0.562335144618808,1,1.33333333333333,0.5,0.471404520791032,38.8,b2mg1,127,MgB2_type,MgB2,560000,3.6856,40.0,DFT calculated,High
2,52.45854,52.45854,33.4046502491195,33.4046502491195,0.355776504838704,0.355776504838704,80.89568,40.44784,40.44784,40.44784,874.65,874.65,848.805348710763,848.805348710763,0.663745880324919,0.663745880324919,422.1,211.05,211.05,211.05,132.5,132.5,115.178122922715,115.178122922715,0.565423118149571,0.565423118149571,131,65.5,65.5,65.5,5415.0,5415.0,4400.93171953394,4400.93171953394,0.512201968077783,0.512201968077783,6310.0,3155.0,3155.0,3155.0,121.5,121.5,116.674933040478,116.674933040478,0.653701796119879,0.653701796119879,67.8,33.9,33.9,33.9,65.9,65.9,53.0471488394994,53.0471488394994,0.504995733206567,0.504995733206567,78.2,39.1,39.1,39.1,97.0,97.0,86.9482604771366,86.9482604771366,0.591388686487176,0.591388686487176,86.0,43.0,43.0,43.0,4.5,4.5,4.47213595499958,4.47213595499958,0.686961576597323,0.686961576597323,1,0.5,0.5,0.5,9.0,c1nb1,143,conventional_NbTi,conventional,760000,5.0019,12.0,Transport / band structure,High
4,76.4445625,51.2456653846154,59.3566724745425,34.93526616493,1.1995407452483,1.29188813799544,121.3276,14.2883192307692,43.8233541228786,44.1921252152174,794.0,1003.62307692308,741.629348855485,937.559192443233,1.31500430814302,0.890516212329374,810.6,659.715384615385,311.743492313793,342.396001400641,164.5,114.538461538462,139.000513752081,89.6851907721419,1.25670056650299,1.339742693422,205,22.6153846153846,77.5258021564434,79.2353994166121,4235.85725,2952.46176923077,669.556587809389,66.3421689582226,1.01540712310099,0.812798145814768,8958.571,2066.92284615385,3194.93894591629,3639.1292471846,77.2375,109.169230769231,53.5279646494387,86.5393772975223,1.10518217403612,0.762761032074798,127.05,74.3538461538461,54.8307552268797,49.4457143606911,8.1805,5.25030769230769,4.03556899860879,1.33691977973836,1.11209819664271,1.04292735932209,12.878,2.90353846153846,4.9481552875794,5.64855656694176,108.756645,96.3989276923077,7.55238461047956,1.09629540931362,0.336261915781173,0.203148213514574,399.97342,92.29338,168.301046773239,166.440382618967,2.25,2.07692307692308,2.21336383940064,2.06336223306145,1.36892236074022,1.20182302376485,1,0.846153846153846,0.433012701892219,0.266469355010596,84.4,y1ba2cu3o7,13,cuprate_YBCO,cuprate,273400,1.7994,86.0,ARPES measured (canonical vmid),High
4,76.4445625,51.2456653846154,59.3566724745425,34.93526616493,1.1995407452483,1.29188813799544,121.3276,14.2883192307692,43.8233541228786,44.1921252152174,794.0,1003.62307692308,741.629348855485,937.559192443233,1.31500430814302,0.890516212329374,810.6,659.715384615385,311.743492313793,342.396001400641,164.5,114.538461538462,139.000513752081,89.6851907721419,1.25670056650299,1.339742693422,205,22.6153846153846,77.5258021564434,79.2353994166121,4235.85725,2952.46176923077,669.556587809389,66.3421689582226,1.01540712310099,0.812798145814768,8958.571,2066.92284615385,3194.93894591629,3639.1292471846,77.2375,109.169230769231,53.5279646494387,86.5393772975223,1.10518217403612,0.762761032074798,127.05,74.3538461538461,54.8307552268797,49.4457143606911,8.1805,5.25030769230769,4.03556899860879,1.33691977973836,1.11209819664271,1.04292735932209,12.878,2.90353846153846,4.9481552875794,5.64855656694176,108.756645,96.3989276923077,7.55238461047956,1.09629540931362,0.336261915781173,0.203148213514574,399.97342,92.29338,168.301046773239,166.440382618967,2.25,2.07692307692308,2.21336383940064,2.06336223306145,1.36892236074022,1.20182302376485,1,0.846153846153846,0.433012701892219,0.266469355010596,78.6,y1ba2cu3o7,13,cuprate_YBCO,cuprate,273400,1.7994,86.0,ARPES measured (canonical vmid),High
4,76.4445625,51.2456653846154,59.3566724745425,34.93526616493,1.1995407452483,1.29188813799544,121.3276,14.2883192307692,43.8233541228786,44.1921252152174,794.0,1003.62307692308,741.629348855485,937.559192443233,1.31500430814302,0.890516212329374,810.6,659.715384615385,311.743492313793,342.396001400641,164.5,114.538461538462,139.000513752081,89.6851907721419,1.25670056650299,1.339742693422,205,22.6153846153846,77.5258021564434,79.2353994166121,4235.85725,2952.46176923077,669.556587809389,66.3421689582226,1.01540712310099,0.812798145814768,8958.571,2066.92284615385,3194.93894591629,3639.1292471846,77.2375,109.169230769231,53.5279646494387,86.5393772975223,1.10518217403612,0.762761032074798,127.05,74.3538461538461,54.8307552268797,49.4457143606911,8.1805,5.25030769230769,4.03556899860879,1.33691977973836,1.11209819664271,1.04292735932209,12.878,2.90353846153846,4.9481552875794,5.64855656694176,108.756645,96.3989276923077,7.55238461047956,1.09629540931362,0.336261915781173,0.203148213514574,399.97342,92.29338,168.301046773239,166.440382618967,2.25,2.07692307692308,2.21336383940064,2.06336223306145,1.36892236074022,1.20182302376485,1,0.846153846153846,0.433012701892219,0.266469355010596,68.0,y1ba2cu3o7,13,cuprate_YBCO,cuprate,273400,1.7994,86.0,ARPES measured (canonical vmid),High
4,76.4445625,51.2456653846154,59.3566724745425,34.93526616493,1.1995407452483,1.29188813799544,121.3276,14.2883192307692,43.8233541228786,44.1921252152174,794.0,1003.62307692308,741.629348855485,937.559192443233,1.31500430814302,0.890516212329374,810.6,659.715384615385,311.743492313793,342.396001400641,164.5,114.538461538462,139.000513752081,89.6851907721419,1.25670056650299,1.339742693422,205,22.6153846153846,77.5258021564434,79.2353994166121,4235.85725,2952.46176923077,669.556587809389,66.3421689582226,1.01540712310099,0.812798145814768,8958.571,2066.92284615385,3194.93894591629,3639.1292471846,77.2375,109.169230769231,53.5279646494387,86.5393772975223,1.10518217403612,0.762761032074798,127.05,74.3538461538461,54.8307552268797,49.4457143606911,8.1805,5.25030769230769,4.03556899860879,1.33691977973836,1.11209819664271,1.04292735932209,12.878,2.90353846153846,4.9481552875794,5.64855656694176,108.756645,96.3989276923077,7.55238461047956,1.09629540931362,0.336261915781173,0.203148213514574,399.97342,92.29338,168.301046773239,166.440382618967,2.25,2.07692307692308,2.21336383940064,2.06336223306145,1.36892236074022,1.20182302376485,1,0.846153846153846,0.433012701892219,0.266469355010596,58.4,y1ba2cu3o7,13,cuprate_YBCO,cuprate,273400,1.7994,86.0,ARPES measured (canonical vmid),High
4,76.4445625,51.2456653846154,59.3566724745425,34.93526616493,1.1995407452483,1.29188813799544,121.3276,14.2883192307692,43.8233541228786,44.1921252152174,794.0,1003.62307692308,741.629348855485,937.559192443233,1.31500430814302,0.890516212329374,810.6,659.715384615385,311.743492313793,342.396001400641,164.5,114.538461538462,139.000513752081,89.6851907721419,1.25670056650299,1.339742693422,205,22.6153846153846,77.5258021564434,79.2353994166121,4235.85725,2952.46176923077,669.556587809389,66.3421689582226,1.01540712310099,0.812798145814768,8958.571,2066.92284615385,3194.93894591629,3639.1292471846,77.2375,109.169230769231,53.5279646494387,86.5393772975223,1.10518217403612,0.762761032074798,127.05,74.3538461538461,54.8307552268797,49.4457143606911,8.1805,5.25030769230769,4.03556899860879,1.33691977973836,1.11209819664271,1.04292735932209,12.878,2.90353846153846,4.9481552875794,5.64855656694176,108.756645,96.3989276923077,7.55238461047956,1.09629540931362,0.336261915781173,0.203148213514574,399.97342,92.29338,168.301046773239,166.440382618967,2.25,2.07692307692308,2.21336383940064,2.06336223306145,1.36892236074022,1.20182302376485,1,0.846153846153846,0.433012701892219,0.266469355010596,30.3,y1ba2cu3o7,13,cuprate_YBCO,cuprate,273400,1.7994,86.0,ARPES measured (canonical vmid),High
3,15.7089,15.3393924,14.6681926084199,14.2003892412758,1.02764762800081,0.773836179671779,13.494,7.7973956,6.09806097214516,6.34240774737026,874.4,786.466,862.020391904407,784.700739756789,1.08401513576773,0.759314714657174,348.4,485.690533333333,151.602264714834,56.5252767411772,99.6666666666667,105.826666666667,94.5483641463815,102.469569058226,1.04534389287856,0.761694620078244,78,54.0986666666667,33.0790299468141,27.87513746852,2152.66666666667,2214.26666666667,2129.92562944283,2186.28639983044,1.08833378265837,0.686828201268016,722.0,1520.42666666667,304.369658292164,338.21560513311,61.7,22.5224,18.7325597831008,11.0740617331196,0.472512339001072,0.565572305131267,153.9,17.5856,67.1465561291121,24.8049216535751,54.5666666666667,37.6266666666667,35.7458958236972,28.443474252149,0.803057491944628,0.52110398353034,96.3,29.4066666666667,39.4467010309129,22.1832659653372,109.0,74.196,84.5675847847787,50.9397174687047,0.918873488986453,0.722255126082738,133.0,49.7866666666667,58.5548176213253,63.1850635092398,3.0,2.692,2.88449914061482,2.63991098415724,1.06085694715802,0.709162082709295,2,1.82266666666667,0.816496580927726,0.513617237509282,35.4,mg1b1.924c0.076,125,MgB2_type,MgB2,560000,3.6856,36.2,DFT calculated,High
4,90.1422625,58.4628789285714,66.9350441753246,36.2720549072903,1.1786487477301,1.01913418487134,124.90825,34.2373932142857,53.101375326838,54.5281324904717,781.2,1007.51785714286,726.276975830068,933.241464598721,1.30963661341067,0.781677838067417,786.5,738.769285714286,319.052668065948,359.181808374028,156.25,117.385714285714,133.542493259005,89.2100968068677,1.26330558899854,1.08656171415207,199,61.3142857142857,72.2958332132634,86.0112605347434,5572.60725,3179.00942857143,868.395128395836,55.6316218883793,1.08892790263583,0.836141109574179,8958.571,1754.04057142857,3350.30285164755,3738.1444917717,91.35,113.271428571429,82.046890506221,103.94732073931,1.28520320008435,0.822660771041162,91.0,80.325,40.6431728584273,39.8077420426054,6.4305,3.93971428571429,3.24122375040231,1.05598644860201,1.06747319560728,0.925773552258418,12.878,1.75357142857143,4.58568323698879,4.71734936815416,106.006645,60.8294742857143,6.24435738721919,0.614021288835698,0.257209773933062,0.244639046719328,399.97342,57.1276685714286,169.808985016895,138.579130686535,3.0,2.57142857142857,2.82842712474619,2.43802730840895,1.32966134885476,1.08335601779317,2,1.05714285714286,1.0,0.903507902905251,20.0,pr1.85ce0.15cu1o4,76,cuprate_electron_doped,cuprate,230000,1.5137,23.2,ARPES measured,High
4,90.1422625,58.4628789285714,66.9350441753246,36.2720549072903,1.1786487477301,1.01913418487134,124.90825,34.2373932142857,53.101375326838,54.5281324904717,781.2,1007.51785714286,726.276975830068,933.241464598721,1.30963661341067,0.781677838067417,786.5,738.769285714286,319.052668065948,359.181808374028,156.25,117.385714285714,133.542493259005,89.2100968068677,1.26330558899854,1.08656171415207,199,61.3142857142857,72.2958332132634,86.0112605347434,5572.60725,3179.00942857143,868.395128395836,55.6316218883793,1.08892790263583,0.836141109574179,8958.571,1754.04057142857,3350.30285164755,3738.1444917717,91.35,113.271428571429,82.046890506221,103.94732073931,1.28520320008435,0.822660771041162,91.0,80.325,40.6431728584273,39.8077420426054,6.4305,3.93971428571429,3.24122375040231,1.05598644860201,1.06747319560728,0.925773552258418,12.878,1.75357142857143,4.58568323698879,4.71734936815416,106.006645,60.8294742857143,6.24435738721919,0.614021288835698,0.257209773933062,0.244639046719328,399.97342,57.1276685714286,169.808985016895,138.579130686535,3.0,2.57142857142857,2.82842712474619,2.43802730840895,1.32966134885476,1.08335601779317,2,1.05714285714286,1.0,0.903507902905251,21.0,pr1.85ce0.15cu1o4,76,cuprate_electron_doped,cuprate,230000,1.5137,23.2,ARPES measured,High
7,112.3572,53.9087,83.50692814414,35.4502599148303,1.72760925781434,1.64956140879093,191.2006,16.518375,70.0853855628771,53.1231816899647,814.928571428571,993.0721875,778.760431612667,929.081846614665,1.89984781451978,1.11997859524274,810.6,654.315,253.075684412423,337.176685148476,156.857142857143,117.340625,142.55606829422,93.4629140015078,1.86947178994921,1.60429962519662,205,31.14375,57.8061503683489,75.7164915960148,6513.20414285714,3088.136375,1840.7105914191,82.3452059806179,1.62078094143569,1.24720508708086,13532.571,1679.2855,4700.54661861364,4163.81144623497,60.6457142857143,97.3171875,24.8623278429105,52.649397007773,1.46342559504797,0.730735222271686,141.0,71.175,55.4134083457226,59.3023611320818,8.08885714285714,4.94884375,4.58743914860747,1.3938983445098,1.62767224951804,1.31419681017363,19.478,2.44134375,6.17217968974081,5.36642936230283,97.9037971428571,103.012665,15.9865058006301,1.61592108179182,1.09240762631862,0.702247874882264,399.97342,74.98671,138.923317101593,156.337979479863,2.71428571428571,2.034375,2.51699790128365,2.02162873526436,1.86423693641647,1.44232612656145,3,0.9875,1.16057691494799,0.309343432732942,127.0,hg0.8sb0.15pb0.05ba2ca2cu3o8,66,cuprate_Hg_based,cuprate,290000,1.9086,127.0,ARPES measured,High
6,110.790066666667,54.7097,78.4197559326135,35.6273870266119,1.53414769985031,1.65110212979533,191.2006,14.575875,75.5872352509925,54.7591641140093,811.866666666667,991.965,770.024056063059,927.751615723277,1.73786669321016,1.11067026356822,810.6,647.61,273.232914480587,337.892653848822,160.833333333333,117.5375,144.214209469418,93.5914584540764,1.70708019085757,1.59989019334542,205,29.7,61.5451505445844,75.784223910719,6482.5715,3131.6645,1484.23629213862,82.7527985644545,1.41072682359599,1.25468051922608,13532.571,1679.2855,5076.52372078846,4225.12796024691,53.3033333333333,96.67875,19.564750178291,52.1331583872565,1.20103438686753,0.699693563107594,141.0,71.175,56.6131276491789,59.5853429833,6.15366666666667,4.808875,3.59821959976163,1.37548732015063,1.50522002181601,1.23426517675831,12.878,2.396625,4.26970341150556,5.17100613849713,110.221096666667,103.11579,14.9397707821169,1.62164693082554,0.974763502961095,0.705086741846485,399.97342,74.98671,146.472835822938,156.289446879577,2.33333333333333,2.025,2.24492409661875,2.0174039675808,1.74786809746676,1.41717625533206,2,0.95,0.74535599249993,0.22220486043289,130.0,hg0.8pb0.2ba2ca2cu3o8,65,cuprate_Hg_based,cuprate,290000,1.9086,132.0,ARPES measured,High
4,105.313925,76.633,73.0883762545777,42.6054174665645,1.12584817902596,1.15864641056541,188.3839,31.3836909090909,71.6959238182819,75.2194799690394,787.375,982.4,733.513183093207,905.220525559067,1.31211186553251,0.877226855858847,810.6,648.509090909091,315.724764430983,367.154441123029,150.5,113.727272727273,128.740025194666,88.9630381515022,1.25878050352551,1.30036073254033,205,32.8181818181818,72.5827114401219,79.3531701939797,6080.35725,3608.05218181818,854.262665195479,67.4747244434402,0.998141383301719,0.952104272052556,11848.571,2153.766,4613.60013686521,4695.92053361497,74.6375,95.2,48.3485238699581,65.951977310881,1.05768348464572,0.645370390180314,127.05,74.9181818181818,57.1542362275099,58.6627146568337,6.3805,3.53018181818182,3.14406044539472,1.05329884711804,1.04418073353965,1.17877374986123,12.878,1.33345454545455,4.75542224728783,4.24372995923894,116.006645,48.0144981818182,9.6863760659405,0.808664223122662,0.483727931942032,0.700428338207067,399.97342,36.3491381818182,164.780030624066,112.621930629877,2.25,2.18181818181818,2.21336383940064,2.15301268319815,1.36892236074022,1.19884931291362,1,0.909090909090909,0.433012701892219,0.385694607919935,84.0,tl2ba2cu1o6,52,cuprate_Tl_based,cuprate,320000,2.1061,83.0,ARPES measured,High
4,105.313925,76.633,73.0883762545777,42.6054174665645,1.12584817902596,1.15864641056541,188.3839,31.3836909090909,71.6959238182819,75.2194799690394,787.375,982.4,733.513183093207,905.220525559067,1.31211186553251,0.877226855858847,810.6,648.509090909091,315.724764430983,367.154441123029,150.5,113.727272727273,128.740025194666,88.9630381515022,1.25878050352551,1.30036073254033,205,32.8181818181818,72.5827114401219,79.3531701939797,6080.35725,3608.05218181818,854.262665195479,67.4747244434402,0.998141383301719,0.952104272052556,11848.571,2153.766,4613.60013686521,4695.92053361497,74.6375,95.2,48.3485238699581,65.951977310881,1.05768348464572,0.645370390180314,127.05,74.9181818181818,57.1542362275099,58.6627146568337,6.3805,3.53018181818182,3.14406044539472,1.05329884711804,1.04418073353965,1.17877374986123,12.878,1.33345454545455,4.75542224728783,4.24372995923894,116.006645,48.0144981818182,9.6863760659405,0.808664223122662,0.483727931942032,0.700428338207067,399.97342,36.3491381818182,164.780030624066,112.621930629877,2.25,2.18181818181818,2.21336383940064,2.15301268319815,1.36892236074022,1.19884931291362,1,0.909090909090909,0.433012701892219,0.385694607919935,76.0,tl2ba2cu1o6,52,cuprate_Tl_based,cuprate,320000,2.1061,83.0,ARPES measured,High
4,105.313925,76.633,73.0883762545777,42.6054174665645,1.12584817902596,1.15864641056541,188.3839,31.3836909090909,71.6959238182819,75.2194799690394,787.375,982.4,733.513183093207,905.220525559067,1.31211186553251,0.877226855858847,810.6,648.509090909091,315.724764430983,367.154441123029,150.5,113.727272727273,128.740025194666,88.9630381515022,1.25878050352551,1.30036073254033,205,32.8181818181818,72.5827114401219,79.3531701939797,6080.35725,3608.05218181818,854.262665195479,67.4747244434402,0.998141383301719,0.952104272052556,11848.571,2153.766,4613.60013686521,4695.92053361497,74.6375,95.2,48.3485238699581,65.951977310881,1.05768348464572,0.645370390180314,127.05,74.9181818181818,57.1542362275099,58.6627146568337,6.3805,3.53018181818182,3.14406044539472,1.05329884711804,1.04418073353965,1.17877374986123,12.878,1.33345454545455,4.75542224728783,4.24372995923894,116.006645,48.0144981818182,9.6863760659405,0.808664223122662,0.483727931942032,0.700428338207067,399.97342,36.3491381818182,164.780030624066,112.621930629877,2.25,2.18181818181818,2.21336383940064,2.15301268319815,1.36892236074022,1.19884931291362,1,0.909090909090909,0.433012701892219,0.385694607919935,72.0,tl2ba2cu1o6,52,cuprate_Tl_based,cuprate,320000,2.1061,83.0,ARPES measured,High
4,105.313925,76.633,73.0883762545777,42.6054174665645,1.12584817902596,1.15864641056541,188.3839,31.3836909090909,71.6959238182819,75.2194799690394,787.375,982.4,733.513183093207,905.220525559067,1.31211186553251,0.877226855858847,810.6,648.509090909091,315.724764430983,367.154441123029,150.5,113.727272727273,128.740025194666,88.9630381515022,1.25878050352551,1.30036073254033,205,32.8181818181818,72.5827114401219,79.3531701939797,6080.35725,3608.05218181818,854.262665195479,67.4747244434402,0.998141383301719,0.952104272052556,11848.571,2153.766,4613.60013686521,4695.92053361497,74.6375,95.2,48.3485238699581,65.951977310881,1.05768348464572,0.645370390180314,127.05,74.9181818181818,57.1542362275099,58.6627146568337,6.3805,3.53018181818182,3.14406044539472,1.05329884711804,1.04418073353965,1.17877374986123,12.878,1.33345454545455,4.75542224728783,4.24372995923894,116.006645,48.0144981818182,9.6863760659405,0.808664223122662,0.483727931942032,0.700428338207067,399.97342,36.3491381818182,164.780030624066,112.621930629877,2.25,2.18181818181818,2.21336383940064,2.15301268319815,1.36892236074022,1.19884931291362,1,0.909090909090909,0.433012701892219,0.385694607919935,27.0,tl2ba2cu1o6,52,cuprate_Tl_based,cuprate,320000,2.1061,83.0,ARPES measured,High
4,105.313925,76.633,73.0883762545777,42.6054174665645,1.12584817902596,1.15864641056541,188.3839,31.3836909090909,71.6959238182819,75.2194799690394,787.375,982.4,733.513183093207,905.220525559067,1.31211186553251,0.877226855858847,810.6,648.509090909091,315.724764430983,367.154441123029,150.5,113.727272727273,128.740025194666,88.9630381515022,1.25878050352551,1.30036073254033,205,32.8181818181818,72.5827114401219,79.3531701939797,6080.35725,3608.05218181818,854.262665195479,67.4747244434402,0.998141383301719,0.952104272052556,11848.571,2153.766,4613.60013686521,4695.92053361497,74.6375,95.2,48.3485238699581,65.951977310881,1.05768348464572,0.645370390180314,127.05,74.9181818181818,57.1542362275099,58.6627146568337,6.3805,3.53018181818182,3.14406044539472,1.05329884711804,1.04418073353965,1.17877374986123,12.878,1.33345454545455,4.75542224728783,4.24372995923894,116.006645,48.0144981818182,9.6863760659405,0.808664223122662,0.483727931942032,0.700428338207067,399.97342,36.3491381818182,164.780030624066,112.621930629877,2.25,2.18181818181818,2.21336383940064,2.15301268319815,1.36892236074022,1.19884931291362,1,0.909090909090909,0.433012701892219,0.385694607919935,26.0,tl2ba2cu1o6,52,cuprate_Tl_based,cuprate,320000,2.1061,83.0,ARPES measured,High
3,63.4576666666667,68.4327741935484,62.1599308314302,66.7182949451162,1.07838561814079,0.660740969303053,31.093,48.892064516129,12.6938177691172,14.446610169885,781.066666666667,842.935483870968,772.421322946613,831.723452235222,1.08735584573996,0.685346675327301,282.6,582.677419354839,118.156092615752,132.266772333325,141.333333333333,127.903225806452,138.008541094272,123.789877925308,1.07565642323821,0.821710519475778,73,61.7741935483871,29.9146935282461,33.9965414167949,6095.33333333333,4851.93548387097,5794.96518756618,4811.3666700592,1.04617176917616,0.814334356478326,4453.0,2820.0,2029.62596444654,763.854695500178,108.5,133.577419354839,59.8514087031084,71.7820107159635,0.772564407721893,0.236070277854487,187.4,123.838709677419,76.9292315486556,86.940538484932,12.4,9.93870967741936,10.9774690335286,8.29515677893557,0.993427996193498,0.804787586073455,13.3,5.60967741935484,5.45221667458903,6.19467395686341,140.84,20.3354838709677,16.6020610011788,2.15651927518083,0.213971538578306,0.723736106715236,399.48,12.5677419354839,183.463487375554,70.0290075767551,4.0,5.2258064516129,3.63424118566428,5.08108675559667,1.01140426470735,0.621914349679774,4,3.80645161290323,1.63299316185545,1.09867008812428,2.68,cu0.1ti1se2,158,chalcogenide,chalcogenide,95000,0.6252,3.9,DFT estimated,Medium
4,125.5477425,150.68585788,101.619656527468,123.911580270028,1.24022852811111,0.649746391635183,166.9985,116.49477812,60.6729816944612,64.8948315844808,683.825,786.084,668.245439209045,773.970507170199,1.36345175773514,0.880821130248475,328.0,518.6956,146.137185120694,127.026130162262,167.0,165.44,163.164489398182,162.695054895108,1.36516078346081,0.912011621703389,84,105.42,32.9545141065682,27.4117930825402,9153.75,14671.628,6732.62216229007,10895.6395321818,1.09867487680785,0.451010961535491,19120.0,12845.416,7295.25326410948,8414.94375558245,110.725,161.392,91.8659515554127,143.798391500793,1.21290121813026,0.682935538566044,157.3,123.882,65.3464756126909,61.5825489566647,20.5,23.1432,13.6571235387162,18.5809190025063,1.0229366008128,0.853118569946294,44.7,11.9748,18.0899143170995,14.6454106722891,61.25,74.808,35.1294549296652,56.8253344845131,0.954455128780834,0.794345065998114,139.0,42.548,56.623206373359,44.1899890925535,4.25,5.196,4.11953428781424,5.09583071076237,1.35458107521317,0.841694073347526,3,3.588,1.08972473588517,0.986703602912242,0.03,ce0.98la0.02pt3si1,167,heavy_fermion_Ce,heavy-fermion,7595,0.05,0.03,Specific heat / transport,Medium
2,17.558,15.309,16.2099153298221,14.1625825206729,0.617382033211245,0.691439830850295,13.494,0.894333333333334,6.747,6.36113260355418,768.75,779.233333333333,768.106411898768,778.658644365361,0.692310109639013,0.623349853826967,62.9000000000001,287.7,31.45,29.6513443577559,116.0,106.333333333333,112.316517040015,103.149905830212,0.661563238157982,0.689009238476659,58,9.66666666666667,29.0,27.3414622058798,2099.0,2219.33333333333,2067.72338575545,2190.9879823189,0.678283686496967,0.574141240874938,722.0,1060.66666666667,361.0,340.354064011125,14.85,19.3,6.50384501660364,10.6054676906229,0.199999657250238,0.120212061577419,26.7,18.3,13.35,12.5865007051205,29.35,36.2333333333333,20.8566536146142,27.9138508582921,0.419593720110814,0.278859237346522,41.3,30.4333333333333,20.65,19.4690067086696,93.5,71.3333333333333,65.7267069006199,48.8595170987083,0.412844414611115,0.564887468517725,133.0,35.3333333333333,66.5,62.6968012652072,2.5,2.66666666666667,2.44948974278318,2.6207413942089,0.673011667009257,0.562335144618808,1,1.33333333333333,0.5,0.471404520791032,38.6,b2mg1,127,MgB2_type,MgB2,560000,3.6856,40.0,DFT calculated,High
3,20.6991795333333,15.4874359066667,19.2106798606408,14.2615652225077,1.03367060781681,0.970569434810198,16.1705386,5.40856409333333,7.07686538809835,6.64230216504625,704.9,768.56,698.323034681193,766.053760021995,1.08951401494566,0.752111912693838,223.0,494.986666666667,93.877828408345,58.0449802595654,116.666666666667,104.533333333333,114.179925171495,101.742663518708,1.07764405545237,0.889388994357594,58,50.1333333333333,23.6971634495683,25.5678617712854,2299.33333333333,2283.46666666667,2260.04046185423,2256.28658664486,1.08216944077673,0.761659397531522,962.0,1460.0,408.836832435087,334.193131121645,24.5666666666667,22.1333333333333,12.3007336465037,13.2847663256494,0.754800338780251,0.47901239448179,42.5,18.4,17.5397326724846,13.0361889454787,23.1333333333333,36.3666666666667,16.6964578285833,28.3015826343113,0.784790777766936,0.33251427675844,41.3,32.62,19.0151401666029,19.2859764826386,140.666666666667,76.3333333333333,100.504121016134,50.1278443426932,0.869607205876281,0.990831394049634,208.0,27.0,86.0090434521601,71.8857117621823,2.66666666666667,2.73333333333333,2.6207413942089,2.69254881490439,1.08219553003877,0.738760099648023,1,1.8,0.471404520791032,0.442216638714053,33.4,mg0.8al0.2b2,123,MgB2_type,MgB2,560000,3.6856,29.1,DFT calculated,High
3,20.6991795333333,15.44282693,19.2106798606408,14.236754879583,1.03367060781681,0.928743224188254,16.1705386,5.85825640333333,7.07686538809835,6.57359151615243,704.9,771.228333333333,698.323034681193,769.185721468726,1.08951401494566,0.731690584887576,223.0,504.606666666667,93.877828408345,52.6125019732847,116.666666666667,104.983333333333,114.179925171495,102.092663919957,1.07764405545237,0.856748895665889,58,52.1,23.6971634495683,26.0342669486881,2299.33333333333,2267.43333333333,2260.04046185423,2239.78171595817,1.08216944077673,0.733914336164716,962.0,1505.0,408.836832435087,336.89050479677,24.5666666666667,21.425,12.3007336465037,12.5573470210366,0.754800338780251,0.426170728243851,42.5,18.375,17.5397326724846,12.9833306589642,23.1333333333333,36.3333333333333,16.6964578285833,28.204147679516,0.784790777766936,0.323711840768164,41.3,32.7983333333333,19.0151401666029,19.3319827114436,140.666666666667,75.0833333333333,100.504121016134,49.8077088063697,0.869607205876281,0.937285867050364,208.0,33.5833333333333,86.0090434521601,69.7357611910051,2.66666666666667,2.71666666666667,2.6207413942089,2.67441458063778,1.08219553003877,0.71233738996737,1,1.85,0.471404520791032,0.450616861153192,31.5,mg0.85al0.15b2,124,MgB2_type,MgB2,560000,3.6856,31.5,DFT calculated,High
3,20.6991795333333,15.4874359066667,19.2106798606408,14.2615652225077,1.03367060781681,0.970569434810198,16.1705386,5.40856409333333,7.07686538809835,6.64230216504625,704.9,768.56,698.323034681193,766.053760021995,1.08951401494566,0.752111912693838,223.0,494.986666666667,93.877828408345,58.0449802595654,116.666666666667,104.533333333333,114.179925171495,101.742663518708,1.07764405545237,0.889388994357594,58,50.1333333333333,23.6971634495683,25.5678617712854,2299.33333333333,2283.46666666667,2260.04046185423,2256.28658664486,1.08216944077673,0.761659397531522,962.0,1460.0,408.836832435087,334.193131121645,24.5666666666667,22.1333333333333,12.3007336465037,13.2847663256494,0.754800338780251,0.47901239448179,42.5,18.4,17.5397326724846,13.0361889454787,23.1333333333333,36.3666666666667,16.6964578285833,28.3015826343113,0.784790777766936,0.33251427675844,41.3,32.62,19.0151401666029,19.2859764826386,140.666666666667,76.3333333333333,100.504121016134,50.1278443426932,0.869607205876281,0.990831394049634,208.0,27.0,86.0090434521601,71.8857117621823,2.66666666666667,2.73333333333333,2.6207413942089,2.69254881490439,1.08219553003877,0.738760099648023,1,1.8,0.471404520791032,0.442216638714053,29.1,mg0.8al0.2b2,123,MgB2_type,MgB2,560000,3.6856,29.1,DFT calculated,High
3,20.6991795333333,15.4874359066667,19.2106798606408,14.2615652225077,1.03367060781681,0.970569434810198,16.1705386,5.40856409333333,7.07686538809835,6.64230216504625,704.9,768.56,698.323034681193,766.053760021995,1.08951401494566,0.752111912693838,223.0,494.986666666667,93.877828408345,58.0449802595654,116.666666666667,104.533333333333,114.179925171495,101.742663518708,1.07764405545237,0.889388994357594,58,50.1333333333333,23.6971634495683,25.5678617712854,2299.33333333333,2283.46666666667,2260.04046185423,2256.28658664486,1.08216944077673,0.761659397531522,962.0,1460.0,408.836832435087,334.193131121645,24.5666666666667,22.1333333333333,12.3007336465037,13.2847663256494,0.754800338780251,0.47901239448179,42.5,18.4,17.5397326724846,13.0361889454787,23.1333333333333,36.3666666666667,16.6964578285833,28.3015826343113,0.784790777766936,0.33251427675844,41.3,32.62,19.0151401666029,19.2859764826386,140.666666666667,76.3333333333333,100.504121016134,50.1278443426932,0.869607205876281,0.990831394049634,208.0,27.0,86.0090434521601,71.8857117621823,2.66666666666667,2.73333333333333,2.6207413942089,2.69254881490439,1.08219553003877,0.738760099648023,1,1.8,0.471404520791032,0.442216638714053,25.6,mg0.8al0.2b2,123,MgB2_type,MgB2,560000,3.6856,29.1,DFT calculated,High
3,15.7089,15.3393924,14.6681926084199,14.2003892412758,1.02764762800081,0.773836179671779,13.494,7.7973956,6.09806097214516,6.34240774737026,874.4,786.466,862.020391904407,784.700739756789,1.08401513576773,0.759314714657174,348.4,485.690533333333,151.602264714834,56.5252767411772,99.6666666666667,105.826666666667,94.5483641463815,102.469569058226,1.04534389287856,0.761694620078244,78,54.0986666666667,33.0790299468141,27.87513746852,2152.66666666667,2214.26666666667,2129.92562944283,2186.28639983044,1.08833378265837,0.686828201268016,722.0,1520.42666666667,304.369658292164,338.21560513311,61.7,22.5224,18.7325597831008,11.0740617331196,0.472512339001072,0.565572305131267,153.9,17.5856,67.1465561291121,24.8049216535751,54.5666666666667,37.6266666666667,35.7458958236972,28.443474252149,0.803057491944628,0.52110398353034,96.3,29.4066666666667,39.4467010309129,22.1832659653372,109.0,74.196,84.5675847847787,50.9397174687047,0.918873488986453,0.722255126082738,133.0,49.7866666666667,58.5548176213253,63.1850635092398,3.0,2.692,2.88449914061482,2.63991098415724,1.06085694715802,0.709162082709295,2,1.82266666666667,0.816496580927726,0.513617237509282,36.0,mg1b1.924c0.076,125,MgB2_type,MgB2,560000,3.6856,36.2,DFT calculated,High
3,15.7089,15.3393924,14.6681926084199,14.2003892412758,1.02764762800081,0.773836179671779,13.494,7.7973956,6.09806097214516,6.34240774737026,874.4,786.466,862.020391904407,784.700739756789,1.08401513576773,0.759314714657174,348.4,485.690533333333,151.602264714834,56.5252767411772,99.6666666666667,105.826666666667,94.5483641463815,102.469569058226,1.04534389287856,0.761694620078244,78,54.0986666666667,33.0790299468141,27.87513746852,2152.66666666667,2214.26666666667,2129.92562944283,2186.28639983044,1.08833378265837,0.686828201268016,722.0,1520.42666666667,304.369658292164,338.21560513311,61.7,22.5224,18.7325597831008,11.0740617331196,0.472512339001072,0.565572305131267,153.9,17.5856,67.1465561291121,24.8049216535751,54.5666666666667,37.6266666666667,35.7458958236972,28.443474252149,0.803057491944628,0.52110398353034,96.3,29.4066666666667,39.4467010309129,22.1832659653372,109.0,74.196,84.5675847847787,50.9397174687047,0.918873488986453,0.722255126082738,133.0,49.7866666666667,58.5548176213253,63.1850635092398,3.0,2.692,2.88449914061482,2.63991098415724,1.06085694715802,0.709162082709295,2,1.82266666666667,0.816496580927726,0.513617237509282,35.5,mg1b1.924c0.076,125,MgB2_type,MgB2,560000,3.6856,36.2,DFT calculated,High
3,20.6991795333333,15.4874359066667,19.2106798606408,14.2615652225077,1.03367060781681,0.970569434810198,16.1705386,5.40856409333333,7.07686538809835,6.64230216504625,704.9,768.56,698.323034681193,766.053760021995,1.08951401494566,0.752111912693838,223.0,494.986666666667,93.877828408345,58.0449802595654,116.666666666667,104.533333333333,114.179925171495,101.742663518708,1.07764405545237,0.889388994357594,58,50.1333333333333,23.6971634495683,25.5678617712854,2299.33333333333,2283.46666666667,2260.04046185423,2256.28658664486,1.08216944077673,0.761659397531522,962.0,1460.0,408.836832435087,334.193131121645,24.5666666666667,22.1333333333333,12.3007336465037,13.2847663256494,0.754800338780251,0.47901239448179,42.5,18.4,17.5397326724846,13.0361889454787,23.1333333333333,36.3666666666667,16.6964578285833,28.3015826343113,0.784790777766936,0.33251427675844,41.3,32.62,19.0151401666029,19.2859764826386,140.666666666667,76.3333333333333,100.504121016134,50.1278443426932,0.869607205876281,0.990831394049634,208.0,27.0,86.0090434521601,71.8857117621823,2.66666666666667,2.73333333333333,2.6207413942089,2.69254881490439,1.08219553003877,0.738760099648023,1,1.8,0.471404520791032,0.442216638714053,22.9,mg0.8al0.2b2,123,MgB2_type,MgB2,560000,3.6856,29.1,DFT calculated,High
2,17.558,15.309,16.2099153298221,14.1625825206729,0.617382033211245,0.691439830850295,13.494,0.894333333333334,6.747,6.36113260355418,768.75,779.233333333333,768.106411898768,778.658644365361,0.692310109639013,0.623349853826967,62.9000000000001,287.7,31.45,29.6513443577559,116.0,106.333333333333,112.316517040015,103.149905830212,0.661563238157982,0.689009238476659,58,9.66666666666667,29.0,27.3414622058798,2099.0,2219.33333333333,2067.72338575545,2190.9879823189,0.678283686496967,0.574141240874938,722.0,1060.66666666667,361.0,340.354064011125,14.85,19.3,6.50384501660364,10.6054676906229,0.199999657250238,0.120212061577419,26.7,18.3,13.35,12.5865007051205,29.35,36.2333333333333,20.8566536146142,27.9138508582921,0.419593720110814,0.278859237346522,41.3,30.4333333333333,20.65,19.4690067086696,93.5,71.3333333333333,65.7267069006199,48.8595170987083,0.412844414611115,0.564887468517725,133.0,35.3333333333333,66.5,62.6968012652072,2.5,2.66666666666667,2.44948974278318,2.6207413942089,0.673011667009257,0.562335144618808,1,1.33333333333333,0.5,0.471404520791032,30.4,b2mg1,127,MgB2_type,MgB2,560000,3.6856,40.0,DFT calculated,High
2,17.558,15.309,16.2099153298221,14.1625825206729,0.617382033211245,0.691439830850295,13.494,0.894333333333334,6.747,6.36113260355418,768.75,779.233333333333,768.106411898768,778.658644365361,0.692310109639013,0.623349853826967,62.9000000000001,287.7,31.45,29.6513443577559,116.0,106.333333333333,112.316517040015,103.149905830212,0.661563238157982,0.689009238476659,58,9.66666666666667,29.0,27.3414622058798,2099.0,2219.33333333333,2067.72338575545,2190.9879823189,0.678283686496967,0.574141240874938,722.0,1060.66666666667,361.0,340.354064011125,14.85,19.3,6.50384501660364,10.6054676906229,0.199999657250238,0.120212061577419,26.7,18.3,13.35,12.5865007051205,29.35,36.2333333333333,20.8566536146142,27.9138508582921,0.419593720110814,0.278859237346522,41.3,30.4333333333333,20.65,19.4690067086696,93.5,71.3333333333333,65.7267069006199,48.8595170987083,0.412844414611115,0.564887468517725,133.0,35.3333333333333,66.5,62.6968012652072,2.5,2.66666666666667,2.44948974278318,2.6207413942089,0.673011667009257,0.562335144618808,1,1.33333333333333,0.5,0.471404520791032,22.8,b2mg1,127,MgB2_type,MgB2,560000,3.6856,40.0,DFT calculated,High
2,17.558,15.309,16.2099153298221,14.1625825206729,0.617382033211245,0.691439830850295,13.494,0.894333333333334,6.747,6.36113260355418,768.75,779.233333333333,768.106411898768,778.658644365361,0.692310109639013,0.623349853826967,62.9000000000001,287.7,31.45,29.6513443577559,116.0,106.333333333333,112.316517040015,103.149905830212,0.661563238157982,0.689009238476659,58,9.66666666666667,29.0,27.3414622058798,2099.0,2219.33333333333,2067.72338575545,2190.9879823189,0.678283686496967,0.574141240874938,722.0,1060.66666666667,361.0,340.354064011125,14.85,19.3,6.50384501660364,10.6054676906229,0.199999657250238,0.120212061577419,26.7,18.3,13.35,12.5865007051205,29.35,36.2333333333333,20.8566536146142,27.9138508582921,0.419593720110814,0.278859237346522,41.3,30.4333333333333,20.65,19.4690067086696,93.5,71.3333333333333,65.7267069006199,48.8595170987083,0.412844414611115,0.564887468517725,133.0,35.3333333333333,66.5,62.6968012652072,2.5,2.66666666666667,2.44948974278318,2.6207413942089,0.673011667009257,0.562335144618808,1,1.33333333333333,0.5,0.471404520791032,17.1,b2mg1,127,MgB2_type,MgB2,560000,3.6856,40.0,DFT calculated,High
2,17.558,15.309,16.2099153298221,14.1625825206729,0.617382033211245,0.691439830850295,13.494,0.894333333333334,6.747,6.36113260355418,768.75,779.233333333333,768.106411898768,778.658644365361,0.692310109639013,0.623349853826967,62.9000000000001,287.7,31.45,29.6513443577559,116.0,106.333333333333,112.316517040015,103.149905830212,0.661563238157982,0.689009238476659,58,9.66666666666667,29.0,27.3414622058798,2099.0,2219.33333333333,2067.72338575545,2190.9879823189,0.678283686496967,0.574141240874938,722.0,1060.66666666667,361.0,340.354064011125,14.85,19.3,6.50384501660364,10.6054676906229,0.199999657250238,0.120212061577419,26.7,18.3,13.35,12.5865007051205,29.35,36.2333333333333,20.8566536146142,27.9138508582921,0.419593720110814,0.278859237346522,41.3,30.4333333333333,20.65,19.4690067086696,93.5,71.3333333333333,65.7267069006199,48.8595170987083,0.412844414611115,0.564887468517725,133.0,35.3333333333333,66.5,62.6968012652072,2.5,2.66666666666667,2.44948974278318,2.6207413942089,0.673011667009257,0.562335144618808,1,1.33333333333333,0.5,0.471404520791032,13.6,b2mg1,127,MgB2_type,MgB2,560000,3.6856,40.0,DFT calculated,High
2,17.558,15.309,16.2099153298221,14.1625825206729,0.617382033211245,0.691439830850295,13.494,0.894333333333334,6.747,6.36113260355418,768.75,779.233333333333,768.106411898768,778.658644365361,0.692310109639013,0.623349853826967,62.9000000000001,287.7,31.45,29.6513443577559,116.0,106.333333333333,112.316517040015,103.149905830212,0.661563238157982,0.689009238476659,58,9.66666666666667,29.0,27.3414622058798,2099.0,2219.33333333333,2067.72338575545,2190.9879823189,0.678283686496967,0.574141240874938,722.0,1060.66666666667,361.0,340.354064011125,14.85,19.3,6.50384501660364,10.6054676906229,0.199999657250238,0.120212061577419,26.7,18.3,13.35,12.5865007051205,29.35,36.2333333333333,20.8566536146142,27.9138508582921,0.419593720110814,0.278859237346522,41.3,30.4333333333333,20.65,19.4690067086696,93.5,71.3333333333333,65.7267069006199,48.8595170987083,0.412844414611115,0.564887468517725,133.0,35.3333333333333,66.5,62.6968012652072,2.5,2.66666666666667,2.44948974278318,2.6207413942089,0.673011667009257,0.562335144618808,1,1.33333333333333,0.5,0.471404520791032,8.13,b2mg1,127,MgB2_type,MgB2,560000,3.6856,40.0,DFT calculated,High
2,17.558,15.309,16.2099153298221,14.1625825206729,0.617382033211245,0.691439830850295,13.494,0.894333333333334,6.747,6.36113260355418,768.75,779.233333333333,768.106411898768,778.658644365361,0.692310109639013,0.623349853826967,62.9000000000001,287.7,31.45,29.6513443577559,116.0,106.333333333333,112.316517040015,103.149905830212,0.661563238157982,0.689009238476659,58,9.66666666666667,29.0,27.3414622058798,2099.0,2219.33333333333,2067.72338575545,2190.9879823189,0.678283686496967,0.574141240874938,722.0,1060.66666666667,361.0,340.354064011125,14.85,19.3,6.50384501660364,10.6054676906229,0.199999657250238,0.120212061577419,26.7,18.3,13.35,12.5865007051205,29.35,36.2333333333333,20.8566536146142,27.9138508582921,0.419593720110814,0.278859237346522,41.3,30.4333333333333,20.65,19.4690067086696,93.5,71.3333333333333,65.7267069006199,48.8595170987083,0.412844414611115,0.564887468517725,133.0,35.3333333333333,66.5,62.6968012652072,2.5,2.66666666666667,2.44948974278318,2.6207413942089,0.673011667009257,0.562335144618808,1,1.33333333333333,0.5,0.471404520791032,38.2,b2mg1,127,MgB2_type,MgB2,560000,3.6856,40.0,DFT calculated,High
3,29.0373666666667,15.585911,23.9062113316433,14.2706976460094,0.92312820016095,0.815357418629443,41.1851,7.33865566666667,17.1435038465174,7.28268365385858,729.966666666667,778.384333333333,727.420569830952,777.706639230354,1.09514755935963,0.661425124650127,147.8,526.942666666667,60.5615022564299,31.9650484314075,132.666666666667,106.543333333333,127.937673106684,103.289514643227,1.06496865894997,0.757108148843614,79,56.34,33.4099120355355,27.7157257807829,3796.0,2273.85333333333,3132.59744853296,2222.32098176862,0.908262670094019,0.690353808665058,5452.0,1568.1,2417.95340456897,598.019156735152,31.8333333333333,19.943,14.0665875524951,11.0141546867765,0.682093129137128,0.258577751983453,64.3,18.315,26.3757885611449,13.2838492538872,26.4,36.3513333333333,20.737084913253,28.1541292376114,0.882825152853039,0.306701090872719,41.3,33.1283333333333,17.3691297037781,19.3370843602534,93.6666666666667,70.6733333333333,74.0520695133206,48.6003334543984,0.912073120035135,0.634161773637551,133.0,50.7933333333333,54.2975342186201,62.1045351716675,3.66666666666667,2.70666666666667,3.30192724889463,2.6496919170395,0.994923632571775,0.650055798745293,4,1.94,1.69967317119759,0.572091678744665,35.1,mg0.97cr0.03b2,126,MgB2_type,MgB2,560000,3.6856,35.1,DFT calculated,High
2,17.558,15.309,16.2099153298221,14.1625825206729,0.617382033211245,0.691439830850295,13.494,0.894333333333334,6.747,6.36113260355418,768.75,779.233333333333,768.106411898768,778.658644365361,0.692310109639013,0.623349853826967,62.9000000000001,287.7,31.45,29.6513443577559,116.0,106.333333333333,112.316517040015,103.149905830212,0.661563238157982,0.689009238476659,58,9.66666666666667,29.0,27.3414622058798,2099.0,2219.33333333333,2067.72338575545,2190.9879823189,0.678283686496967,0.574141240874938,722.0,1060.66666666667,361.0,340.354064011125,14.85,19.3,6.50384501660364,10.6054676906229,0.199999657250238,0.120212061577419,26.7,18.3,13.35,12.5865007051205,29.35,36.2333333333333,20.8566536146142,27.9138508582921,0.419593720110814,0.278859237346522,41.3,30.4333333333333,20.65,19.4690067086696,93.5,71.3333333333333,65.7267069006199,48.8595170987083,0.412844414611115,0.564887468517725,133.0,35.3333333333333,66.5,62.6968012652072,2.5,2.66666666666667,2.44948974278318,2.6207413942089,0.673011667009257,0.562335144618808,1,1.33333333333333,0.5,0.471404520791032,38.81,b2mg1,127,MgB2_type,MgB2,560000,3.6856,40.0,DFT calculated,High
2,51.85869,51.85869,31.6924419093891,31.6924419093891,0.334290195340569,0.334290195340569,82.09538,41.04769,41.04769,41.04769,731.9,731.9,728.706195939077,728.706195939077,0.688786643343051,0.688786643343051,136.6,68.3,68.3,68.3,142.5,142.5,131.247857125364,131.247857125364,0.615258027986311,0.615258027986311,111,55.5,55.5,55.5,5515.0,5515.0,4591.53569081195,4591.53569081195,0.530713902229333,0.530713902229333,6110.0,3055.0,3055.0,3055.0,57.9,57.9,49.7023138294386,49.7023138294386,0.555107266367114,0.555107266367114,59.4,29.7,29.7,29.7,38.4,38.4,36.6060104354463,36.6060104354463,0.64679942066329,0.64679942066329,23.2,11.6,11.6,11.6,40.5,40.5,38.1837661840736,38.1837661840736,0.636514168294813,0.636514168294813,27.0,13.5,13.5,13.5,4.0,4.0,3.87298334620742,3.87298334620742,0.661563238157982,0.661563238157982,2,1.0,1.0,1.0,8.25,b1nb1,141,conventional_NbTi,conventional,760000,5.0019,8.25,Transport / band structure,High
2,52.45854,52.45854,33.4046502491195,33.4046502491195,0.355776504838704,0.355776504838704,80.89568,40.44784,40.44784,40.44784,874.65,874.65,848.805348710763,848.805348710763,0.663745880324919,0.663745880324919,422.1,211.05,211.05,211.05,132.5,132.5,115.178122922715,115.178122922715,0.565423118149571,0.565423118149571,131,65.5,65.5,65.5,5415.0,5415.0,4400.93171953394,4400.93171953394,0.512201968077783,0.512201968077783,6310.0,3155.0,3155.0,3155.0,121.5,121.5,116.674933040478,116.674933040478,0.653701796119879,0.653701796119879,67.8,33.9,33.9,33.9,65.9,65.9,53.0471488394994,53.0471488394994,0.504995733206567,0.504995733206567,78.2,39.1,39.1,39.1,97.0,97.0,86.9482604771366,86.9482604771366,0.591388686487176,0.591388686487176,86.0,43.0,43.0,43.0,4.5,4.5,4.47213595499958,4.47213595499958,0.686961576597323,0.686961576597323,1,0.5,0.5,0.5,11.1,c1nb1,143,conventional_NbTi,conventional,760000,5.0019,12.0,Transport / band structure,High
2,52.45854,52.45854,33.4046502491195,33.4046502491195,0.355776504838704,0.355776504838704,80.89568,40.44784,40.44784,40.44784,874.65,874.65,848.805348710763,848.805348710763,0.663745880324919,0.663745880324919,422.1,211.05,211.05,211.05,132.5,132.5,115.178122922715,115.178122922715,0.565423118149571,0.565423118149571,131,65.5,65.5,65.5,5415.0,5415.0,4400.93171953394,4400.93171953394,0.512201968077783,0.512201968077783,6310.0,3155.0,3155.0,3155.0,121.5,121.5,116.674933040478,116.674933040478,0.653701796119879,0.653701796119879,67.8,33.9,33.9,33.9,65.9,65.9,53.0471488394994,53.0471488394994,0.504995733206567,0.504995733206567,78.2,39.1,39.1,39.1,97.0,97.0,86.9482604771366,86.9482604771366,0.591388686487176,0.591388686487176,86.0,43.0,43.0,43.0,4.5,4.5,4.47213595499958,4.47213595499958,0.686961576597323,0.686961576597323,1,0.5,0.5,0.5,12.0,c1nb1,143,conventional_NbTi,conventional,760000,5.0019,12.0,Transport / band structure,High
2,72.45124,90.00175012,69.503736770896,89.1555184921724,0.65274502326546,0.171167117656587,40.91028,82.61830392,20.45514,10.5067762395217,658.0,662.8048,657.976169781247,662.798497398612,0.693110964640627,0.253342495093655,11.2,570.164,5.60000000000002,2.87643824199305,182.0,195.728,181.295339156857,195.537309859555,0.689277919986454,0.227562041145152,32,172.156,16.0,8.21839497712297,7880.0,8472.02,7849.73247951801,8463.83005873364,0.689308587397691,0.227671323283787,1380.0,7451.04,690.0,354.418283388428,76.7,86.0522,75.9215384459509,85.838150793479,0.683014985530632,0.21095905880606,21.8,76.7086,10.9,5.59878157816502,23.65,26.3527,23.4392832654926,26.2949135784181,0.684250660161524,0.213640125691922,6.3,23.4417,3.15,1.61799651112108,74.0,56.84,71.2460525222275,56.1676017188665,0.656166003170526,0.361747384682498,40.0,43.492,20.0,10.2729937214037,5.5,5.071,5.47722557505166,5.06514488774367,0.689009238476659,0.288448638895506,1,4.219,0.5,0.256824843035093,6.95,cr0.071nb0.929,138,conventional_NbTi,conventional,760000,5.0019,6.95,Transport / band structure,High
2,135.69819,135.69819,128.77445308057,128.77445308057,0.642567083285836,0.642567083285836,85.58362,42.79181,42.79181,42.79181,619.4,619.4,617.820944934696,617.820944934696,0.690598934744267,0.690598934744267,88.4,44.2,44.2,44.2,203.0,203.0,202.938414303453,202.938414303453,0.692843818085988,0.692843818085988,10,5.0,5.0,5.0,10940.0,10940.0,10680.2013089642,10680.2013089642,0.669494479573777,0.669494479573777,4740.0,2370.0,2370.0,2370.0,44.55,44.55,11.4629839047257,11.4629839047257,0.0854516680131078,0.0854516680131078,86.1,43.05,43.05,43.05,26.15,26.15,26.1419203579232,26.1419203579232,0.692838223544257,0.692838223544257,1.3,0.65,0.65,0.65,38.5,38.5,35.2420203734122,35.2420203734122,0.609759896128473,0.609759896128473,31.0,15.5,15.5,15.5,4.5,4.5,4.47213595499958,4.47213595499958,0.686961576597323,0.686961576597323,1,0.5,0.5,0.5,9.5,hf0.5nb0.5,140,conventional_NbTi,conventional,760000,5.0019,9.5,Transport / band structure,High
2,82.87975,66.910625,76.4787627188097,62.4174886633566,0.616940952792045,0.683030346314108,63.8765,9.501625,31.93825,27.6593358524183,604.05,627.075,602.292121814656,625.739649048794,0.690238440264226,0.530005701786378,92.1,348.075,46.05,39.8804698442734,163.5,167.25,163.327891065795,167.119925120408,0.692094711285992,0.543094903620706,15,89.25,7.5,6.49519052838329,6710.0,6410.0,6683.12052861536,6390.13821680249,0.689143976897549,0.59770709012821,1200.0,2755.0,600.0,519.615242270663,41.25,46.675,39.7974873578722,45.5351412795123,0.658144364539535,0.444329844839923,21.7,31.475,10.85,9.39637563106116,13.03,17.915,8.62136880083435,14.020242817406,0.376956795149067,0.185023252463969,19.54,16.285,9.77,8.46106819497397,56.5,43.75,50.4182506638221,39.5343618966904,0.587524264599878,0.691170367415391,51.0,2.75,25.5,22.0836477965032,4.0,4.5,3.87298334620742,4.40055868396697,0.661563238157982,0.450561208866305,2,3.0,1.0,0.866025403784439,13.9,in1v3,149,conventional_simple_metal,conventional,1800000,11.8467,13.9,Free-electron model,Medium
3,64.4683333333333,61.4641666666667,58.5943129920412,53.7246545333131,1.01230435523762,0.84503962866482,63.895,34.535,26.0929889476507,30.4836190186176,863.2,860.316666666667,852.551295651263,846.617030243494,1.08662126864455,0.895206288680056,314.2,424.016666666667,131.761096939372,150.415434898004,139.666666666667,134.5,132.898597968157,125.486687535061,1.05172289554787,0.890889183142798,103,67.3333333333333,42.0819306696935,49.1553659329274,6460.0,5858.33333333333,5239.81313553856,4354.45043087974,0.935933089239577,0.760346341475167,8320.0,3688.33333333333,3430.49073263093,3985.18471619851,92.1333333333333,131.458333333333,28.0987795132743,87.939735517176,0.610830369440069,0.549769300411264,200.0,100.625,82.7172022952636,72.5591880046138,15.0266666666667,16.4775,7.70688090157408,6.91310317326571,0.600453349257121,0.362605473021377,34.27,14.3875,15.0068125270566,16.5677493568076,86.4016666666667,68.0191666666667,15.0654914198896,5.27308616275131,0.696347237855104,0.428557872332314,138.795,57.8141666666667,61.4418370403172,67.9987547322661,4.66666666666667,5.66666666666667,4.16016764610381,5.47508852856296,1.00424247305408,0.801435681714276,4,2.83333333333333,1.88561808316413,1.10554159678513,3.0,mo5s6zn1,157,chalcogenide,chalcogenide,95000,0.6252,3.0,DFT estimated,Medium
2,141.56819,157.788793333333,132.942019946291,149.807831697193,0.632848539276045,0.495184171782212,97.32362,95.8512066666667,48.66181,45.8787944477485,741.7,767.733333333333,737.576626527712,764.024704837856,0.687592988292164,0.600460558498758,156.2,325.333333333333,78.1,73.6333861475591,191.5,189.333333333333,191.389654892839,189.235617792452,0.692571021251121,0.646570390263972,13,57.3333333333333,6.5,6.12825877028341,15580.0,17916.6666666667,13913.888744704,16353.2632489994,0.5881998851872,0.438743196733432,14020.0,12203.3333333333,7010.0,6609.09138149026,97.6,100.933333333333,97.0863533149742,100.47149925718,0.687889033019728,0.601523604564458,20.0,42.5333333333333,10.0,9.42809041582063,28.9,29.6,28.8236014404862,29.5315376594508,0.690504797745978,0.612383243936793,4.2,11.7333333333333,2.1,1.97989898732233,70.5,76.0,68.5419579527752,74.2125614747677,0.66550354401349,0.547412468525498,33.0,40.0,16.5,15.556349186104,5.5,5.66666666666667,5.47722557505166,5.64621617328617,0.689009238476659,0.605797499372304,1,2.33333333333333,0.5,0.471404520791032,2.52,nb1os2,136,conventional_NbTi,conventional,760000,5.0019,2.52,Transport / band structure,High
2,105.80819,100.1313936,105.018647724107,99.5059918896275,0.685694473869862,0.635552290506188,25.80362,33.6537936,12.90181,11.5857966454209,685.9,676.088,685.537395041292,675.796985139473,0.692618571428751,0.60507927000921,44.6,279.496,22.3,20.0253503340141,171.5,183.16,169.440254957315,181.460447523799,0.681161162243196,0.529006126156707,53,101.96,26.5,23.7969409798823,7940.0,8217.2,7914.9668350537,8196.77581889736,0.68999604777976,0.561330196290942,1260.0,4123.6,630.0,565.73859688022,98.2,93.536,97.6262259846196,93.080572790254,0.687309971252107,0.63108628015764,21.2,32.608,10.6,9.51877639195291,16.9,21.256,13.6967149346111,18.4028252817266,0.510089748381348,0.30761966043403,19.8,17.336,9.9,8.89017795097489,60.5,57.64,60.1498129672903,57.3620220137475,0.687364562012728,0.630922894169646,13.0,20.12,6.5,5.83698552336735,4.5,4.72,4.47213595499958,4.69715834333582,0.686961576597323,0.547933805697618,1,2.48,0.5,0.448998886412873,18.2,nb0.72sn0.28,134,conventional_A15,conventional,850000,5.5943,18.2,dHvA / band structure,High
2,205.79165,206.989798507463,205.786830871171,206.988464728452,0.693123763137421,0.263073653643119,2.8167,176.484828358209,1.40835,0.740195836630371,652.05,705.774626865672,648.984807218166,704.904116425817,0.688450015079359,0.23316518579252,126.3,617.879104477612,63.15,33.1901637257841,155.0,154.149253731343,154.99677415998,154.148364283083,0.693126368761041,0.267696057467503,2,130.865671641791,1.0,0.52557662273609,11595.0,11378.0597014925,11592.1956505228,11377.2898631837,0.692905331795511,0.273170751159062,510.0,9609.40298507463,255.0,134.022038797703,28.65,35.4134328358209,27.5248978199738,35.0760059158894,0.654137740744702,0.179286470610548,15.9,32.3238805970149,7.95,4.17833415075191,4.485,4.72746268656716,4.47593565637398,4.72491304295094,0.691126826506675,0.24396244261865,0.569999999999999,4.10059701492537,0.285,0.149789337479785,40.5,35.8208955223881,40.1248052954777,35.7211548634531,0.683897470837527,0.315830203822616,11.0,28.955223880597,5.5,2.89067142504849,3.5,3.92537313432836,3.46410161513775,3.91504001267946,0.682908104700472,0.21872786462853,1,3.47761194029851,0.5,0.262788311368045,6.98,pb0.93tl0.075,147,conventional_simple_metal,conventional,1800000,11.8467,6.98,Free-electron model,Medium
2,117.01,111.715,116.529790182597,111.360227510687,0.689045985678145,0.598117197298067,21.18,47.915,10.59,9.1712090260772,836.25,819.875,835.608460943281,819.396972393678,0.692380116877839,0.578201060137471,65.5,385.375,32.75,28.3623319739404,146.0,157.5,144.176974583322,156.09583179759,0.680686820991546,0.493729732827583,46,96.0,23.0,19.9185842870421,9131.5,10577.25,8661.61185923267,10204.8301986635,0.64213987129934,0.418324015437281,5783.0,7457.25,2891.5,2504.1124550427,123.45,89.325,102.868070848053,75.3546117421655,0.531392256877194,0.690476807900891,136.5,6.52499999999999,68.25,59.1062338082879,17.1,16.9,17.0953209972788,16.8965043915762,0.692873567149701,0.571877688350461,0.800000000000001,8.15,0.4,0.346410161513776,37.0,54.0,14.5945195193264,32.1902296647939,0.169658226502309,0.0731901291558692,68.0,52.5,34.0,29.4448637286709,5.0,4.5,4.89897948556636,4.42672767880129,0.673011667009257,0.636514168294813,2,1.5,1.0,0.866025403784439,0.76,pd3te1,156,chalcogenide,chalcogenide,95000,0.6252,0.76,DFT estimated,Medium
3,64.4683333333333,61.4641666666667,58.5943129920412,53.7246545333131,1.01230435523762,0.84503962866482,63.895,34.535,26.0929889476507,30.4836190186176,863.2,860.316666666667,852.551295651263,846.617030243494,1.08662126864455,0.895206288680056,314.2,424.016666666667,131.761096939372,150.415434898004,139.666666666667,134.5,132.898597968157,125.486687535061,1.05172289554787,0.890889183142798,103,67.3333333333333,42.0819306696935,49.1553659329274,6460.0,5858.33333333333,5239.81313553856,4354.45043087974,0.935933089239577,0.760346341475167,8320.0,3688.33333333333,3430.49073263093,3985.18471619851,92.1333333333333,131.458333333333,28.0987795132743,87.939735517176,0.610830369440069,0.549769300411264,200.0,100.625,82.7172022952636,72.5591880046138,15.0266666666667,16.4775,7.70688090157408,6.91310317326571,0.600453349257121,0.362605473021377,34.27,14.3875,15.0068125270566,16.5677493568076,86.4016666666667,68.0191666666667,15.0654914198896,5.27308616275131,0.696347237855104,0.428557872332314,138.795,57.8141666666667,61.4418370403172,67.9987547322661,4.66666666666667,5.66666666666667,4.16016764610381,5.47508852856296,1.00424247305408,0.801435681714276,4,2.83333333333333,1.88561808316413,1.10554159678513,3.2,mo5s6zn1,157,chalcogenide,chalcogenide,95000,0.6252,3.0,DFT estimated,Medium
2,52.45854,52.45854,33.4046502491195,33.4046502491195,0.355776504838704,0.355776504838704,80.89568,40.44784,40.44784,40.44784,874.65,874.65,848.805348710763,848.805348710763,0.663745880324919,0.663745880324919,422.1,211.05,211.05,211.05,132.5,132.5,115.178122922715,115.178122922715,0.565423118149571,0.565423118149571,131,65.5,65.5,65.5,5415.0,5415.0,4400.93171953394,4400.93171953394,0.512201968077783,0.512201968077783,6310.0,3155.0,3155.0,3155.0,121.5,121.5,116.674933040478,116.674933040478,0.653701796119879,0.653701796119879,67.8,33.9,33.9,33.9,65.9,65.9,53.0471488394994,53.0471488394994,0.504995733206567,0.504995733206567,78.2,39.1,39.1,39.1,97.0,97.0,86.9482604771366,86.9482604771366,0.591388686487176,0.591388686487176,86.0,43.0,43.0,43.0,4.5,4.5,4.47213595499958,4.47213595499958,0.686961576597323,0.686961576597323,1,0.5,0.5,0.5,6.0,c1nb1,143,conventional_NbTi,conventional,760000,5.0019,12.0,Transport / band structure,High
2,142.56169,129.6513094,133.63452265212,121.582663547341,0.631197899839171,0.68842544306017,99.31062,12.5892706,49.65531,47.9475951843181,765.85,739.265,758.993517758881,732.945744285059,0.684207812936692,0.684537105246807,204.5,96.871,102.25,98.7334810234097,189.0,191.34,188.785592670627,191.139258441105,0.692012964831874,0.646244638431541,18,58.14,9.0,8.69047754729278,15565.0,13746.3,13904.6467053284,12260.6468410433,0.588456604651569,0.669969943463157,13990.0,2948.1,6995.0,6754.43227147923,120.05,111.613,115.581140330073,107.544307908515,0.656156643098144,0.693085763541157,64.9,1.237,32.45,31.3339996010723,26.4,26.504,26.3969695230343,26.5011706689582,0.693032391962044,0.655104577040901,0.800000000000001,7.264,0.4,0.386243446546346,102.0,89.52,90.0,78.806462754443,0.577921794682897,0.664077249656046,96.0,21.48,48.0,46.3492135855615,5.5,5.37,5.47722557505166,5.34893185898144,0.689009238476659,0.678074891518696,1,0.93,0.5,0.482804308182932,2.4,ir0.37nb0.63,137,conventional_NbTi,conventional,760000,5.0019,2.23,Transport / band structure,High
3,66.929,45.55536075,55.8495282932033,44.1218704681238,0.926439797564286,0.477577336682795,93.6745,37.779965,39.8783826548503,10.8311453319344,756.466666666667,684.24055,752.317847107162,681.835465132991,1.09323604976052,0.62200727062451,183.2,484.65845,77.6518870057615,59.1984151029189,138.333333333333,156.077,136.162309817932,153.586370637724,1.08273935261355,0.483948700919217,60,127.7845,24.7835070605881,25.8796845228067,5045.66666666667,5180.2845,4568.34762071022,4819.19748191745,1.01502538202636,0.376740161123908,4367.0,4559.0605,1935.16172163695,1630.62125601249,97.3,72.7436,90.3260983737581,66.0548406779034,1.0319007226461,0.718164912693825,83.0,38.70855,34.2862460276226,35.8003343425728,30.9,29.54325,28.2510718783001,27.6824952022426,1.00625863778997,0.695125538433407,30.5,17.03105,13.7057165688871,11.8162834443619,68.3333333333333,60.309,48.1453924933228,45.6834090619323,0.765340762641683,0.676572166017298,126.0,36.891,57.817721235698,51.3014670258074,4.66666666666667,4.7535,4.64158883361278,4.73240262003614,1.09337471755665,0.533976243296892,1,3.7325,0.471404520791032,0.43097302699821,10.5,v3si0.986sb0.014,129,conventional_A15,conventional,850000,5.5943,10.5,dHvA / band structure,High
2,52.45854,52.45854,33.4046502491195,33.4046502491195,0.355776504838704,0.355776504838704,80.89568,40.44784,40.44784,40.44784,874.65,874.65,848.805348710763,848.805348710763,0.663745880324919,0.663745880324919,422.1,211.05,211.05,211.05,132.5,132.5,115.178122922715,115.178122922715,0.565423118149571,0.565423118149571,131,65.5,65.5,65.5,5415.0,5415.0,4400.93171953394,4400.93171953394,0.512201968077783,0.512201968077783,6310.0,3155.0,3155.0,3155.0,121.5,121.5,116.674933040478,116.674933040478,0.653701796119879,0.653701796119879,67.8,33.9,33.9,33.9,65.9,65.9,53.0471488394994,53.0471488394994,0.504995733206567,0.504995733206567,78.2,39.1,39.1,39.1,97.0,97.0,86.9482604771366,86.9482604771366,0.591388686487176,0.591388686487176,86.0,43.0,43.0,43.0,4.5,4.5,4.47213595499958,4.47213595499958,0.686961576597323,0.686961576597323,1,0.5,0.5,0.5,14.0,c1nb1,143,conventional_NbTi,conventional,760000,5.0019,12.0,Transport / band structure,High
2,52.45854,52.45854,33.4046502491195,33.4046502491195,0.355776504838704,0.355776504838704,80.89568,40.44784,40.44784,40.44784,874.65,874.65,848.805348710763,848.805348710763,0.663745880324919,0.663745880324919,422.1,211.05,211.05,211.05,132.5,132.5,115.178122922715,115.178122922715,0.565423118149571,0.565423118149571,131,65.5,65.5,65.5,5415.0,5415.0,4400.93171953394,4400.93171953394,0.512201968077783,0.512201968077783,6310.0,3155.0,3155.0,3155.0,121.5,121.5,116.674933040478,116.674933040478,0.653701796119879,0.653701796119879,67.8,33.9,33.9,33.9,65.9,65.9,53.0471488394994,53.0471488394994,0.504995733206567,0.504995733206567,78.2,39.1,39.1,39.1,97.0,97.0,86.9482604771366,86.9482604771366,0.591388686487176,0.591388686487176,86.0,43.0,43.0,43.0,4.5,4.5,4.47213595499958,4.47213595499958,0.686961576597323,0.686961576597323,1,0.5,0.5,0.5,7.5,c1nb1,143,conventional_NbTi,conventional,760000,5.0019,12.0,Transport / band structure,High
2,60.33225,57.0000483870968,59.5969311667975,56.3690699953976,0.680984235304176,0.670754338105023,18.7815,12.0174677419355,9.39075,8.77967072124377,614.4,627.067741935484,613.361940456041,626.154110342961,0.691458106605955,0.608902017118889,71.4,253.712903225806,35.7,33.3769128928363,153.5,159.709677419355,152.499180325666,158.822907428759,0.686634286277562,0.587869945981743,35,71.9677419354839,17.5,16.3612318102139,6007.0,6043.54838709677,6006.11688197956,6042.77489485454,0.693000169342935,0.623145578904386,206.0,2234.51612903226,103.0,96.2975357972588,41.25,45.1,39.7974873578722,43.7890396009841,0.658144364539535,0.523646083009899,21.7,25.4870967741936,10.85,10.1439637223326,14.195,17.2483870967742,11.2894641148285,14.4874493677698,0.49607520806288,0.334955259102965,17.21,13.641935483871,8.605,8.04505141296517,30.0,30.3548387096774,29.9833287011299,30.3402088598312,0.692591522077979,0.617638947510853,2.0,11.6451612903226,1.0,0.934927532012222,4.0,4.35483870967742,3.87298334620742,4.24039087779819,0.661563238157982,0.529706199057654,2,2.41935483870968,1.0,0.934927532012222,6.3,ga1v2.1,128,conventional_A15,conventional,850000,5.5943,6.3,dHvA / band structure,High
2,142.56169,129.6513094,133.63452265212,121.582663547341,0.631197899839171,0.68842544306017,99.31062,12.5892706,49.65531,47.9475951843181,765.85,739.265,758.993517758881,732.945744285059,0.684207812936692,0.684537105246807,204.5,96.871,102.25,98.7334810234097,189.0,191.34,188.785592670627,191.139258441105,0.692012964831874,0.646244638431541,18,58.14,9.0,8.69047754729278,15565.0,13746.3,13904.6467053284,12260.6468410433,0.588456604651569,0.669969943463157,13990.0,2948.1,6995.0,6754.43227147923,120.05,111.613,115.581140330073,107.544307908515,0.656156643098144,0.693085763541157,64.9,1.237,32.45,31.3339996010723,26.4,26.504,26.3969695230343,26.5011706689582,0.693032391962044,0.655104577040901,0.800000000000001,7.264,0.4,0.386243446546346,102.0,89.52,90.0,78.806462754443,0.577921794682897,0.664077249656046,96.0,21.48,48.0,46.3492135855615,5.5,5.37,5.47722557505166,5.34893185898144,0.689009238476659,0.678074891518696,1,0.93,0.5,0.482804308182932,2.32,ir0.37nb0.63,137,conventional_NbTi,conventional,760000,5.0019,2.23,Transport / band structure,High
2,52.45854,52.45854,33.4046502491195,33.4046502491195,0.355776504838704,0.355776504838704,80.89568,40.44784,40.44784,40.44784,874.65,874.65,848.805348710763,848.805348710763,0.663745880324919,0.663745880324919,422.1,211.05,211.05,211.05,132.5,132.5,115.178122922715,115.178122922715,0.565423118149571,0.565423118149571,131,65.5,65.5,65.5,5415.0,5415.0,4400.93171953394,4400.93171953394,0.512201968077783,0.512201968077783,6310.0,3155.0,3155.0,3155.0,121.5,121.5,116.674933040478,116.674933040478,0.653701796119879,0.653701796119879,67.8,33.9,33.9,33.9,65.9,65.9,53.0471488394994,53.0471488394994,0.504995733206567,0.504995733206567,78.2,39.1,39.1,39.1,97.0,97.0,86.9482604771366,86.9482604771366,0.591388686487176,0.591388686487176,86.0,43.0,43.0,43.0,4.5,4.5,4.47213595499958,4.47213595499958,0.686961576597323,0.686961576597323,1,0.5,0.5,0.5,8.0,c1nb1,143,conventional_NbTi,conventional,760000,5.0019,12.0,Transport / band structure,High
4,64.120475,54.33105,33.9816745291756,30.7542900918034,0.875211608433522,1.0033640413319,164.1558,27.15935,66.8462595894256,57.9799475411327,783.775,778.583333333333,756.842289429778,760.389282929366,1.3522137404704,1.31262207018237,572.7,181.233333333333,204.334876795421,168.019050672502,130.0,126.0,117.168269142722,116.053327313551,1.28599393248644,1.27809215361417,150,38.5,58.6259328283994,51.416599135558,5867.25,5806.16666666667,4698.5704888077,4692.77483761293,1.19392316970841,1.15392888337878,7581.0,2592.66666666667,3523.43776552105,3427.62261714378,87.15,81.7166666666667,71.1419562770795,65.9110196899252,1.21144451427218,1.20616336654875,127.2,29.25,50.2454226770957,48.4608232378371,48.55,43.5666666666667,37.5428819450173,34.5754743532723,1.14323272468563,1.20914692301919,87.8,13.8333333333333,34.9157199553439,30.855451526252,68.5,65.3333333333333,48.4354449484381,48.8101027492021,1.10339391224103,1.12757379314866,124.0,27.6666666666667,50.2419147724288,45.2130757881193,3.0,2.83333333333333,2.91295063024394,2.74945927399721,1.35797785498732,1.35458107521317,2,0.5,0.707106781186548,0.687184270936277,16.6,lu1ni2b2c1,154,borocarbide,borocarbide,165000,1.0859,16.7,dHvA measured,High
4,62.6123275,53.3256183333333,33.6849002033018,30.5749695081832,0.886945924655561,1.01039631573492,158.12321,26.1539183333333,64.3498308612872,55.8940674373409,802.775,791.25,783.43843363223,778.100406413174,1.36166399513975,1.32596930519581,496.7,168.566666666667,180.405908647694,149.346953433942,131.25,126.833333333333,117.837446942918,116.494781158223,1.28200628128941,1.27784194483044,155,38.5,60.4912183709338,52.9037385782475,5737.0,5719.33333333333,4635.10862858114,4650.42341965199,1.20093928133795,1.15196079535254,7060.0,2592.66666666667,3380.8796192707,3329.50159767027,87.15,81.7166666666667,71.1419562770795,65.9110196899252,1.21144451427218,1.20616336654875,127.2,29.25,50.2454226770957,48.4608232378371,47.25,42.7,35.0953241484343,33.0559198802781,1.11159572547596,1.18104361010403,88.2,14.7,35.9611943628128,31.5150228726978,68.75,65.5,49.1751313230727,49.3057850815653,1.10960609225054,1.13276909895143,123.0,27.5,49.9818717136523,45.0323957464697,3.0,2.83333333333333,2.91295063024394,2.74945927399721,1.35797785498732,1.35458107521317,2,0.5,0.707106781186548,0.687184270936277,11.1,tm1ni2b2c1,153,borocarbide,borocarbide,165000,1.0859,10.9,dHvA measured,High
4,62.6123275,53.3256183333333,33.6849002033018,30.5749695081832,0.886945924655561,1.01039631573492,158.12321,26.1539183333333,64.3498308612872,55.8940674373409,802.775,791.25,783.43843363223,778.100406413174,1.36166399513975,1.32596930519581,496.7,168.566666666667,180.405908647694,149.346953433942,131.25,126.833333333333,117.837446942918,116.494781158223,1.28200628128941,1.27784194483044,155,38.5,60.4912183709338,52.9037385782475,5737.0,5719.33333333333,4635.10862858114,4650.42341965199,1.20093928133795,1.15196079535254,7060.0,2592.66666666667,3380.8796192707,3329.50159767027,87.15,81.7166666666667,71.1419562770795,65.9110196899252,1.21144451427218,1.20616336654875,127.2,29.25,50.2454226770957,48.4608232378371,47.25,42.7,35.0953241484343,33.0559198802781,1.11159572547596,1.18104361010403,88.2,14.7,35.9611943628128,31.5150228726978,68.75,65.5,49.1751313230727,49.3057850815653,1.10960609225054,1.13276909895143,123.0,27.5,49.9818717136523,45.0323957464697,3.0,2.83333333333333,2.91295063024394,2.74945927399721,1.35797785498732,1.35458107521317,2,0.5,0.707106781186548,0.687184270936277,10.2,tm1ni2b2c1,153,borocarbide,borocarbide,165000,1.0859,10.9,dHvA measured,High
4,64.120475,54.33105,33.9816745291756,30.7542900918034,0.875211608433522,1.0033640413319,164.1558,27.15935,66.8462595894256,57.9799475411327,783.775,778.583333333333,756.842289429778,760.389282929366,1.3522137404704,1.31262207018237,572.7,181.233333333333,204.334876795421,168.019050672502,130.0,126.0,117.168269142722,116.053327313551,1.28599393248644,1.27809215361417,150,38.5,58.6259328283994,51.416599135558,5867.25,5806.16666666667,4698.5704888077,4692.77483761293,1.19392316970841,1.15392888337878,7581.0,2592.66666666667,3523.43776552105,3427.62261714378,87.15,81.7166666666667,71.1419562770795,65.9110196899252,1.21144451427218,1.20616336654875,127.2,29.25,50.2454226770957,48.4608232378371,48.55,43.5666666666667,37.5428819450173,34.5754743532723,1.14323272468563,1.20914692301919,87.8,13.8333333333333,34.9157199553439,30.855451526252,68.5,65.3333333333333,48.4354449484381,48.8101027492021,1.10339391224103,1.12757379314866,124.0,27.6666666666667,50.2419147724288,45.2130757881193,3.0,2.83333333333333,2.91295063024394,2.74945927399721,1.35797785498732,1.35458107521317,2,0.5,0.707106781186548,0.687184270936277,15.9,lu1ni2b2c1,154,borocarbide,borocarbide,165000,1.0859,16.7,dHvA measured,High
4,62.6123275,53.3256183333333,33.6849002033018,30.5749695081832,0.886945924655561,1.01039631573492,158.12321,26.1539183333333,64.3498308612872,55.8940674373409,802.775,791.25,783.43843363223,778.100406413174,1.36166399513975,1.32596930519581,496.7,168.566666666667,180.405908647694,149.346953433942,131.25,126.833333333333,117.837446942918,116.494781158223,1.28200628128941,1.27784194483044,155,38.5,60.4912183709338,52.9037385782475,5737.0,5719.33333333333,4635.10862858114,4650.42341965199,1.20093928133795,1.15196079535254,7060.0,2592.66666666667,3380.8796192707,3329.50159767027,87.15,81.7166666666667,71.1419562770795,65.9110196899252,1.21144451427218,1.20616336654875,127.2,29.25,50.2454226770957,48.4608232378371,47.25,42.7,35.0953241484343,33.0559198802781,1.11159572547596,1.18104361010403,88.2,14.7,35.9611943628128,31.5150228726978,68.75,65.5,49.1751313230727,49.3057850815653,1.10960609225054,1.13276909895143,123.0,27.5,49.9818717136523,45.0323957464697,3.0,2.83333333333333,2.91295063024394,2.74945927399721,1.35797785498732,1.35458107521317,2,0.5,0.707106781186548,0.687184270936277,11.0,tm1ni2b2c1,153,borocarbide,borocarbide,165000,1.0859,10.9,dHvA measured,High
5,65.86926,44.655525,40.4044681054749,28.5574227503509,1.24540885154811,1.36652691431727,148.11435,17.5626833333333,55.0886010190076,41.1270473310828,761.3,792.556666666667,741.369629917927,779.721769978046,1.58212259325959,1.41064261423544,516.7,228.8,182.013559934418,147.887190527855,148.0,126.033333333333,132.880037056045,116.062893831651,1.51198087250297,1.47294023202004,158,38.5,63.7306833479761,51.5412348405516,5263.8,5161.13333333333,4487.75258745567,4285.10324120757,1.46362323741218,1.25139488193086,6648.0,2592.66666666667,2811.56386375981,3030.73145993211,75.94,79.6766666666667,60.2910323804021,62.6690839470226,1.39562084860428,1.23317811414825,127.2,34.7233333333333,50.2228872129032,50.091813591533,38.88,41.76,25.6568462359709,30.8756732153908,1.22340699213019,1.17198571882844,94.2,16.78,36.0809312518399,32.3468865065352,57.2,65.1,36.4481055219327,47.8954358001491,1.22995256435065,1.14287165424704,129.0,29.6,50.3205723337881,45.4857853253812,3.0,2.83333333333333,2.93015605158352,2.74945927399721,1.58678470752805,1.47334783997951,2,0.8,0.632455532033676,0.687184270936277,2.0,y0.6tb0.4ni2b2c1,151,borocarbide,borocarbide,165000,1.0859,2.0,dHvA measured,High
4,64.120475,54.33105,33.9816745291756,30.7542900918034,0.875211608433522,1.0033640413319,164.1558,27.15935,66.8462595894256,57.9799475411327,783.775,778.583333333333,756.842289429778,760.389282929366,1.3522137404704,1.31262207018237,572.7,181.233333333333,204.334876795421,168.019050672502,130.0,126.0,117.168269142722,116.053327313551,1.28599393248644,1.27809215361417,150,38.5,58.6259328283994,51.416599135558,5867.25,5806.16666666667,4698.5704888077,4692.77483761293,1.19392316970841,1.15392888337878,7581.0,2592.66666666667,3523.43776552105,3427.62261714378,87.15,81.7166666666667,71.1419562770795,65.9110196899252,1.21144451427218,1.20616336654875,127.2,29.25,50.2454226770957,48.4608232378371,48.55,43.5666666666667,37.5428819450173,34.5754743532723,1.14323272468563,1.20914692301919,87.8,13.8333333333333,34.9157199553439,30.855451526252,68.5,65.3333333333333,48.4354449484381,48.8101027492021,1.10339391224103,1.12757379314866,124.0,27.6666666666667,50.2419147724288,45.2130757881193,3.0,2.83333333333333,2.91295063024394,2.74945927399721,1.35797785498732,1.35458107521317,2,0.5,0.707106781186548,0.687184270936277,15.7,lu1ni2b2c1,154,borocarbide,borocarbide,165000,1.0859,16.7,dHvA measured,High
4,64.120475,54.33105,33.9816745291756,30.7542900918034,0.875211608433522,1.0033640413319,164.1558,27.15935,66.8462595894256,57.9799475411327,783.775,778.583333333333,756.842289429778,760.389282929366,1.3522137404704,1.31262207018237,572.7,181.233333333333,204.334876795421,168.019050672502,130.0,126.0,117.168269142722,116.053327313551,1.28599393248644,1.27809215361417,150,38.5,58.6259328283994,51.416599135558,5867.25,5806.16666666667,4698.5704888077,4692.77483761293,1.19392316970841,1.15392888337878,7581.0,2592.66666666667,3523.43776552105,3427.62261714378,87.15,81.7166666666667,71.1419562770795,65.9110196899252,1.21144451427218,1.20616336654875,127.2,29.25,50.2454226770957,48.4608232378371,48.55,43.5666666666667,37.5428819450173,34.5754743532723,1.14323272468563,1.20914692301919,87.8,13.8333333333333,34.9157199553439,30.855451526252,68.5,65.3333333333333,48.4354449484381,48.8101027492021,1.10339391224103,1.12757379314866,124.0,27.6666666666667,50.2419147724288,45.2130757881193,3.0,2.83333333333333,2.91295063024394,2.74945927399721,1.35797785498732,1.35458107521317,2,0.5,0.707106781186548,0.687184270936277,16.0,lu1ni2b2c1,154,borocarbide,borocarbide,165000,1.0859,16.7,dHvA measured,High
4,62.6123275,53.3256183333333,33.6849002033018,30.5749695081832,0.886945924655561,1.01039631573492,158.12321,26.1539183333333,64.3498308612872,55.8940674373409,802.775,791.25,783.43843363223,778.100406413174,1.36166399513975,1.32596930519581,496.7,168.566666666667,180.405908647694,149.346953433942,131.25,126.833333333333,117.837446942918,116.494781158223,1.28200628128941,1.27784194483044,155,38.5,60.4912183709338,52.9037385782475,5737.0,5719.33333333333,4635.10862858114,4650.42341965199,1.20093928133795,1.15196079535254,7060.0,2592.66666666667,3380.8796192707,3329.50159767027,87.15,81.7166666666667,71.1419562770795,65.9110196899252,1.21144451427218,1.20616336654875,127.2,29.25,50.2454226770957,48.4608232378371,47.25,42.7,35.0953241484343,33.0559198802781,1.11159572547596,1.18104361010403,88.2,14.7,35.9611943628128,31.5150228726978,68.75,65.5,49.1751313230727,49.3057850815653,1.10960609225054,1.13276909895143,123.0,27.5,49.9818717136523,45.0323957464697,3.0,2.83333333333333,2.91295063024394,2.74945927399721,1.35797785498732,1.35458107521317,2,0.5,0.707106781186548,0.687184270936277,10.9,tm1ni2b2c1,153,borocarbide,borocarbide,165000,1.0859,10.9,dHvA measured,High
4,62.6123275,53.3256183333333,33.6849002033018,30.5749695081832,0.886945924655561,1.01039631573492,158.12321,26.1539183333333,64.3498308612872,55.8940674373409,802.775,791.25,783.43843363223,778.100406413174,1.36166399513975,1.32596930519581,496.7,168.566666666667,180.405908647694,149.346953433942,131.25,126.833333333333,117.837446942918,116.494781158223,1.28200628128941,1.27784194483044,155,38.5,60.4912183709338,52.9037385782475,5737.0,5719.33333333333,4635.10862858114,4650.42341965199,1.20093928133795,1.15196079535254,7060.0,2592.66666666667,3380.8796192707,3329.50159767027,87.15,81.7166666666667,71.1419562770795,65.9110196899252,1.21144451427218,1.20616336654875,127.2,29.25,50.2454226770957,48.4608232378371,47.25,42.7,35.0953241484343,33.0559198802781,1.11159572547596,1.18104361010403,88.2,14.7,35.9611943628128,31.5150228726978,68.75,65.5,49.1751313230727,49.3057850815653,1.10960609225054,1.13276909895143,123.0,27.5,49.9818717136523,45.0323957464697,3.0,2.83333333333333,2.91295063024394,2.74945927399721,1.35797785498732,1.35458107521317,2,0.5,0.707106781186548,0.687184270936277,10.88,tm1ni2b2c1,153,borocarbide,borocarbide,165000,1.0859,10.9,dHvA measured,High
5,61.075723,52.639322048495,37.491842904089,30.3868505802962,1.21271574202238,1.04419855287955,154.11932,27.284669590301,56.0891470204295,54.6068798161768,790.84,789.035618729097,774.298677345632,775.008437282373,1.58800527276987,1.34881415410711,511.7,263.822240802676,166.196902498211,152.992280563132,136.2,127.443143812709,124.436122608624,116.758725081397,1.52428600598477,1.30971498279507,159,47.8244147157191,56.0121415409195,54.1927312334831,6264.6,5620.83612040134,5220.23339985173,4595.53120752019,1.46126453970578,1.19314081722694,6648.0,2860.13377926421,3188.9692127708,3239.22225324528,82.76,81.3680602006689,69.9117481463209,65.6086103541312,1.45617275783712,1.23250916259017,127.2,36.683779264214,45.7905055661105,48.4675814825292,41.08,42.8137123745819,30.1391040096372,33.1838762824169,1.30119475312806,1.19097878063621,88.8,17.4772575250836,34.4512641277501,31.5097735954683,74.8,65.2926421404682,55.9926000854056,48.7315709252843,1.3890039583902,1.1680921452423,124.0,29.1722408026756,46.6707617250887,45.2943510846141,3.2,2.84615384615385,3.10369114783072,2.76197498102445,1.5808185358593,1.38638982474705,2,0.983277591973244,0.748331477354788,0.688955092980718,4.51,ho1ni1.95co0.03b2c1,155,borocarbide,borocarbide,165000,1.0859,4.51,dHvA measured,High
4,64.120475,54.33105,33.9816745291756,30.7542900918034,0.875211608433522,1.0033640413319,164.1558,27.15935,66.8462595894256,57.9799475411327,783.775,778.583333333333,756.842289429778,760.389282929366,1.3522137404704,1.31262207018237,572.7,181.233333333333,204.334876795421,168.019050672502,130.0,126.0,117.168269142722,116.053327313551,1.28599393248644,1.27809215361417,150,38.5,58.6259328283994,51.416599135558,5867.25,5806.16666666667,4698.5704888077,4692.77483761293,1.19392316970841,1.15392888337878,7581.0,2592.66666666667,3523.43776552105,3427.62261714378,87.15,81.7166666666667,71.1419562770795,65.9110196899252,1.21144451427218,1.20616336654875,127.2,29.25,50.2454226770957,48.4608232378371,48.55,43.5666666666667,37.5428819450173,34.5754743532723,1.14323272468563,1.20914692301919,87.8,13.8333333333333,34.9157199553439,30.855451526252,68.5,65.3333333333333,48.4354449484381,48.8101027492021,1.10339391224103,1.12757379314866,124.0,27.6666666666667,50.2419147724288,45.2130757881193,3.0,2.83333333333333,2.91295063024394,2.74945927399721,1.35797785498732,1.35458107521317,2,0.5,0.707106781186548,0.687184270936277,16.1,lu1ni2b2c1,154,borocarbide,borocarbide,165000,1.0859,16.7,dHvA measured,High
4,64.120475,54.33105,33.9816745291756,30.7542900918034,0.875211608433522,1.0033640413319,164.1558,27.15935,66.8462595894256,57.9799475411327,783.775,778.583333333333,756.842289429778,760.389282929366,1.3522137404704,1.31262207018237,572.7,181.233333333333,204.334876795421,168.019050672502,130.0,126.0,117.168269142722,116.053327313551,1.28599393248644,1.27809215361417,150,38.5,58.6259328283994,51.416599135558,5867.25,5806.16666666667,4698.5704888077,4692.77483761293,1.19392316970841,1.15392888337878,7581.0,2592.66666666667,3523.43776552105,3427.62261714378,87.15,81.7166666666667,71.1419562770795,65.9110196899252,1.21144451427218,1.20616336654875,127.2,29.25,50.2454226770957,48.4608232378371,48.55,43.5666666666667,37.5428819450173,34.5754743532723,1.14323272468563,1.20914692301919,87.8,13.8333333333333,34.9157199553439,30.855451526252,68.5,65.3333333333333,48.4354449484381,48.8101027492021,1.10339391224103,1.12757379314866,124.0,27.6666666666667,50.2419147724288,45.2130757881193,3.0,2.83333333333333,2.91295063024394,2.74945927399721,1.35797785498732,1.35458107521317,2,0.5,0.707106781186548,0.687184270936277,15.75,lu1ni2b2c1,154,borocarbide,borocarbide,165000,1.0859,16.7,dHvA measured,High
3,86.2991,65.78961,64.9841388343543,49.7653999076525,0.836621256214373,1.01375868965833,146.8813,20.95061,63.713516240172,55.8963352924045,686.033333333333,723.33,673.92717281719,714.207560843491,1.08177984360802,0.972338045687426,273.0,290.4,122.844897691719,105.808100351533,161.333333333333,145.7,155.466123726079,140.569407947881,1.06230574309085,1.09318642361572,106,12.1,43.4383343245213,40.6276999102829,6681.66666666667,5495.4,5651.93104140329,4478.62221543402,0.96648042123719,1.05952552696123,7511.0,1197.2,3180.1492976833,3237.90794186617,67.9333333333333,83.01,49.2792029645294,60.0271403529167,0.828785028091813,0.599330283505949,117.9,62.39,49.5152726158528,53.4279599086471,28.6666666666667,33.64,24.7933471575438,28.8934978428896,0.956587820835388,0.742388739986737,36.4,20.96,15.5900253010984,16.8018570402203,81.6666666666667,101.9,57.4485993079198,79.0965886853516,0.843531296197096,0.6734968494775,134.0,71.8,54.7377586517956,52.8194093113507,3.33333333333333,3.5,3.30192724889463,3.46410161513775,1.08889997534522,0.971341676275867,1,1.4,0.471404520791032,0.5,6.1,lu2fe3si5,120,iron_other,iron-based,121500,0.7997,6.25,Estimated (family canonical),Medium
3,70.3706395333333,76.413813585,61.1515008431338,68.1941720386611,0.986718005470236,0.34465430563106,65.9248414,68.436904935,30.6884143227629,28.5400689674576,633.5,641.973675,632.20762271322,640.831843871055,1.09660344699791,0.572505951474061,86.4,488.767725,39.8419377038818,37.3984589855568,174.0,178.054,168.83849514743,174.014528145739,1.07077075160846,0.493222673223458,88,145.773,39.7324384686702,34.6783662244922,5927.0,7088.60175,5321.05106948617,6408.716479218,1.00586527087512,0.351532988261631,5870.0,6325.70325,2431.73696494227,2539.35045270379,58.0666666666667,76.39625,54.7589939562433,73.3884745939036,1.03764981354767,0.436315804213247,45.0,64.82115,20.8910400783579,19.0626529092228,19.5,22.73585,18.1933478083908,21.2682673207964,1.03610795404382,0.399317171061104,16.1,19.77735,6.65782747348312,6.96507392476921,104.0,99.04075,66.3330275035071,77.5461588481988,0.709272093884102,0.685954578531771,212.0,58.59475,93.4915325934208,78.5370459683677,4.0,4.49325,3.91486764116886,4.3939354682513,1.0775563270668,0.486586926293136,2,3.68925,0.816496580927726,0.865999097863271,16.6,nb2.973zr0.027al1,133,conventional_A15,conventional,850000,5.5943,16.6,dHvA / band structure,High
2,81.31469,88.5015378,80.4842315782415,87.9748102258292,0.682951740407169,0.422162638971637,23.18338,62.0067978,11.59169,9.09486095307318,621.15,647.469,619.697765043574,646.562224516907,0.690810114562289,0.455600230430916,84.9,427.563,42.45,33.3063468275943,167.0,186.22,164.097531974128,184.361909113014,0.67581782969041,0.402707230112766,62,134.54,31.0,24.322656104957,7237.0,8063.46,7113.17650561267,7984.21589819387,0.676086525647098,0.40335635378084,2666.0,5819.94,1333.0,1045.87421251315,59.0,76.732,51.6046509531844,71.6430896662125,0.57056029636838,0.267074760383843,57.2,65.18,28.6,22.4396117613474,16.195,22.7701,12.2397712396924,19.8974502115923,0.459960112908026,0.188514068070872,21.21,20.6459,10.605,8.32070219332479,41.5,49.25,39.5727178748188,47.983791913413,0.647072926060712,0.350424182631034,25.0,38.23,12.5,9.80752262296652,4.0,4.62,3.87298334620742,4.53752198118969,0.661563238157982,0.37359912388538,2,3.48,1.0,0.784601809837321,13.3,ga0.19nb0.81,142,conventional_NbTi,conventional,760000,5.0019,13.3,Transport / band structure,High
4,125.5477425,120.691777719667,101.619656527468,91.3008379583418,1.24022852811111,0.900116049297583,166.9985,65.0139884,60.6729816944612,69.3827011675788,683.825,731.733233333333,668.245439209045,717.392003962031,1.36345175773514,1.08048447778235,328.0,289.312656666667,146.137185120694,138.902749368802,167.0,160.999,163.164489398182,156.473692964441,1.36516078346081,1.07305566618636,84,64.962,32.9545141065682,36.1101370670342,9153.75,9975.38763333333,6732.62216229007,6747.28313390179,1.09867487680785,0.763148752255349,19120.0,7149.3311,7295.25326410948,8261.99595569418,110.725,130.466866666667,91.8659515554127,111.413738599924,1.21290121813026,0.966112715058048,157.3,68.9281833333333,65.3464756126909,64.300727591909,20.5,25.49992,13.6571235387162,18.493489127077,1.0229366008128,0.832987424991144,44.7,16.7327833333333,18.0899143170995,18.3392966784516,61.25,77.9998,35.1294549296652,51.7317374730907,0.954455128780834,0.807626511589947,139.0,49.9989,56.623206373359,56.148847420287,4.25,4.33343333333333,4.11953428781424,4.16028732839034,1.35458107521317,1.05872934824038,3,1.9996,1.08972473588517,1.24715230781524,3.2,la0.9997ce0.0003pt1si1,165,heavy_fermion_Ce,heavy-fermion,7595,0.05,3.2,Specific heat / transport,Medium
2,52.45854,52.45854,33.4046502491195,33.4046502491195,0.355776504838704,0.355776504838704,80.89568,40.44784,40.44784,40.44784,874.65,874.65,848.805348710763,848.805348710763,0.663745880324919,0.663745880324919,422.1,211.05,211.05,211.05,132.5,132.5,115.178122922715,115.178122922715,0.565423118149571,0.565423118149571,131,65.5,65.5,65.5,5415.0,5415.0,4400.93171953394,4400.93171953394,0.512201968077783,0.512201968077783,6310.0,3155.0,3155.0,3155.0,121.5,121.5,116.674933040478,116.674933040478,0.653701796119879,0.653701796119879,67.8,33.9,33.9,33.9,65.9,65.9,53.0471488394994,53.0471488394994,0.504995733206567,0.504995733206567,78.2,39.1,39.1,39.1,97.0,97.0,86.9482604771366,86.9482604771366,0.591388686487176,0.591388686487176,86.0,43.0,43.0,43.0,4.5,4.5,4.47213595499958,4.47213595499958,0.686961576597323,0.686961576597323,1,0.5,0.5,0.5,10.95,c1nb1,143,conventional_NbTi,conventional,760000,5.0019,12.0,Transport / band structure,High
2,52.45854,52.45854,33.4046502491195,33.4046502491195,0.355776504838704,0.355776504838704,80.89568,40.44784,40.44784,40.44784,874.65,874.65,848.805348710763,848.805348710763,0.663745880324919,0.663745880324919,422.1,211.05,211.05,211.05,132.5,132.5,115.178122922715,115.178122922715,0.565423118149571,0.565423118149571,131,65.5,65.5,65.5,5415.0,5415.0,4400.93171953394,4400.93171953394,0.512201968077783,0.512201968077783,6310.0,3155.0,3155.0,3155.0,121.5,121.5,116.674933040478,116.674933040478,0.653701796119879,0.653701796119879,67.8,33.9,33.9,33.9,65.9,65.9,53.0471488394994,53.0471488394994,0.504995733206567,0.504995733206567,78.2,39.1,39.1,39.1,97.0,97.0,86.9482604771366,86.9482604771366,0.591388686487176,0.591388686487176,86.0,43.0,43.0,43.0,4.5,4.5,4.47213595499958,4.47213595499958,0.686961576597323,0.686961576597323,1,0.5,0.5,0.5,10.5,c1nb1,143,conventional_NbTi,conventional,760000,5.0019,12.0,Transport / band structure,High
2,52.45854,52.45854,33.4046502491195,33.4046502491195,0.355776504838704,0.355776504838704,80.89568,40.44784,40.44784,40.44784,874.65,874.65,848.805348710763,848.805348710763,0.663745880324919,0.663745880324919,422.1,211.05,211.05,211.05,132.5,132.5,115.178122922715,115.178122922715,0.565423118149571,0.565423118149571,131,65.5,65.5,65.5,5415.0,5415.0,4400.93171953394,4400.93171953394,0.512201968077783,0.512201968077783,6310.0,3155.0,3155.0,3155.0,121.5,121.5,116.674933040478,116.674933040478,0.653701796119879,0.653701796119879,67.8,33.9,33.9,33.9,65.9,65.9,53.0471488394994,53.0471488394994,0.504995733206567,0.504995733206567,78.2,39.1,39.1,39.1,97.0,97.0,86.9482604771366,86.9482604771366,0.591388686487176,0.591388686487176,86.0,43.0,43.0,43.0,4.5,4.5,4.47213595499958,4.47213595499958,0.686961576597323,0.686961576597323,1,0.5,0.5,0.5,11.2,c1nb1,143,conventional_NbTi,conventional,760000,5.0019,12.0,Transport / band structure,High
2,17.558,15.309,16.2099153298221,14.1625825206729,0.617382033211245,0.691439830850295,13.494,0.894333333333334,6.747,6.36113260355418,768.75,779.233333333333,768.106411898768,778.658644365361,0.692310109639013,0.623349853826967,62.9000000000001,287.7,31.45,29.6513443577559,116.0,106.333333333333,112.316517040015,103.149905830212,0.661563238157982,0.689009238476659,58,9.66666666666667,29.0,27.3414622058798,2099.0,2219.33333333333,2067.72338575545,2190.9879823189,0.678283686496967,0.574141240874938,722.0,1060.66666666667,361.0,340.354064011125,14.85,19.3,6.50384501660364,10.6054676906229,0.199999657250238,0.120212061577419,26.7,18.3,13.35,12.5865007051205,29.35,36.2333333333333,20.8566536146142,27.9138508582921,0.419593720110814,0.278859237346522,41.3,30.4333333333333,20.65,19.4690067086696,93.5,71.3333333333333,65.7267069006199,48.8595170987083,0.412844414611115,0.564887468517725,133.0,35.3333333333333,66.5,62.6968012652072,2.5,2.66666666666667,2.44948974278318,2.6207413942089,0.673011667009257,0.562335144618808,1,1.33333333333333,0.5,0.471404520791032,37.4,b2mg1,127,MgB2_type,MgB2,560000,3.6856,40.0,DFT calculated,High
2,17.558,15.309,16.2099153298221,14.1625825206729,0.617382033211245,0.691439830850295,13.494,0.894333333333334,6.747,6.36113260355418,768.75,779.233333333333,768.106411898768,778.658644365361,0.692310109639013,0.623349853826967,62.9000000000001,287.7,31.45,29.6513443577559,116.0,106.333333333333,112.316517040015,103.149905830212,0.661563238157982,0.689009238476659,58,9.66666666666667,29.0,27.3414622058798,2099.0,2219.33333333333,2067.72338575545,2190.9879823189,0.678283686496967,0.574141240874938,722.0,1060.66666666667,361.0,340.354064011125,14.85,19.3,6.50384501660364,10.6054676906229,0.199999657250238,0.120212061577419,26.7,18.3,13.35,12.5865007051205,29.35,36.2333333333333,20.8566536146142,27.9138508582921,0.419593720110814,0.278859237346522,41.3,30.4333333333333,20.65,19.4690067086696,93.5,71.3333333333333,65.7267069006199,48.8595170987083,0.412844414611115,0.564887468517725,133.0,35.3333333333333,66.5,62.6968012652072,2.5,2.66666666666667,2.44948974278318,2.6207413942089,0.673011667009257,0.562335144618808,1,1.33333333333333,0.5,0.471404520791032,39.2,b2mg1,127,MgB2_type,MgB2,560000,3.6856,40.0,DFT calculated,High
2,17.558,15.309,16.2099153298221,14.1625825206729,0.617382033211245,0.691439830850295,13.494,0.894333333333334,6.747,6.36113260355418,768.75,779.233333333333,768.106411898768,778.658644365361,0.692310109639013,0.623349853826967,62.9000000000001,287.7,31.45,29.6513443577559,116.0,106.333333333333,112.316517040015,103.149905830212,0.661563238157982,0.689009238476659,58,9.66666666666667,29.0,27.3414622058798,2099.0,2219.33333333333,2067.72338575545,2190.9879823189,0.678283686496967,0.574141240874938,722.0,1060.66666666667,361.0,340.354064011125,14.85,19.3,6.50384501660364,10.6054676906229,0.199999657250238,0.120212061577419,26.7,18.3,13.35,12.5865007051205,29.35,36.2333333333333,20.8566536146142,27.9138508582921,0.419593720110814,0.278859237346522,41.3,30.4333333333333,20.65,19.4690067086696,93.5,71.3333333333333,65.7267069006199,48.8595170987083,0.412844414611115,0.564887468517725,133.0,35.3333333333333,66.5,62.6968012652072,2.5,2.66666666666667,2.44948974278318,2.6207413942089,0.673011667009257,0.562335144618808,1,1.33333333333333,0.5,0.471404520791032,40.2,b2mg1,127,MgB2_type,MgB2,560000,3.6856,40.0,DFT calculated,High
2,17.558,15.309,16.2099153298221,14.1625825206729,0.617382033211245,0.691439830850295,13.494,0.894333333333334,6.747,6.36113260355418,768.75,779.233333333333,768.106411898768,778.658644365361,0.692310109639013,0.623349853826967,62.9000000000001,287.7,31.45,29.6513443577559,116.0,106.333333333333,112.316517040015,103.149905830212,0.661563238157982,0.689009238476659,58,9.66666666666667,29.0,27.3414622058798,2099.0,2219.33333333333,2067.72338575545,2190.9879823189,0.678283686496967,0.574141240874938,722.0,1060.66666666667,361.0,340.354064011125,14.85,19.3,6.50384501660364,10.6054676906229,0.199999657250238,0.120212061577419,26.7,18.3,13.35,12.5865007051205,29.35,36.2333333333333,20.8566536146142,27.9138508582921,0.419593720110814,0.278859237346522,41.3,30.4333333333333,20.65,19.4690067086696,93.5,71.3333333333333,65.7267069006199,48.8595170987083,0.412844414611115,0.564887468517725,133.0,35.3333333333333,66.5,62.6968012652072,2.5,2.66666666666667,2.44948974278318,2.6207413942089,0.673011667009257,0.562335144618808,1,1.33333333333333,0.5,0.471404520791032,39.4,b2mg1,127,MgB2_type,MgB2,560000,3.6856,40.0,DFT calculated,High
2,17.558,15.309,16.2099153298221,14.1625825206729,0.617382033211245,0.691439830850295,13.494,0.894333333333334,6.747,6.36113260355418,768.75,779.233333333333,768.106411898768,778.658644365361,0.692310109639013,0.623349853826967,62.9000000000001,287.7,31.45,29.6513443577559,116.0,106.333333333333,112.316517040015,103.149905830212,0.661563238157982,0.689009238476659,58,9.66666666666667,29.0,27.3414622058798,2099.0,2219.33333333333,2067.72338575545,2190.9879823189,0.678283686496967,0.574141240874938,722.0,1060.66666666667,361.0,340.354064011125,14.85,19.3,6.50384501660364,10.6054676906229,0.199999657250238,0.120212061577419,26.7,18.3,13.35,12.5865007051205,29.35,36.2333333333333,20.8566536146142,27.9138508582921,0.419593720110814,0.278859237346522,41.3,30.4333333333333,20.65,19.4690067086696,93.5,71.3333333333333,65.7267069006199,48.8595170987083,0.412844414611115,0.564887468517725,133.0,35.3333333333333,66.5,62.6968012652072,2.5,2.66666666666667,2.44948974278318,2.6207413942089,0.673011667009257,0.562335144618808,1,1.33333333333333,0.5,0.471404520791032,40.25,b2mg1,127,MgB2_type,MgB2,560000,3.6856,40.0,DFT calculated,High
2,17.558,15.309,16.2099153298221,14.1625825206729,0.617382033211245,0.691439830850295,13.494,0.894333333333334,6.747,6.36113260355418,768.75,779.233333333333,768.106411898768,778.658644365361,0.692310109639013,0.623349853826967,62.9000000000001,287.7,31.45,29.6513443577559,116.0,106.333333333333,112.316517040015,103.149905830212,0.661563238157982,0.689009238476659,58,9.66666666666667,29.0,27.3414622058798,2099.0,2219.33333333333,2067.72338575545,2190.9879823189,0.678283686496967,0.574141240874938,722.0,1060.66666666667,361.0,340.354064011125,14.85,19.3,6.50384501660364,10.6054676906229,0.199999657250238,0.120212061577419,26.7,18.3,13.35,12.5865007051205,29.35,36.2333333333333,20.8566536146142,27.9138508582921,0.419593720110814,0.278859237346522,41.3,30.4333333333333,20.65,19.4690067086696,93.5,71.3333333333333,65.7267069006199,48.8595170987083,0.412844414611115,0.564887468517725,133.0,35.3333333333333,66.5,62.6968012652072,2.5,2.66666666666667,2.44948974278318,2.6207413942089,0.673011667009257,0.562335144618808,1,1.33333333333333,0.5,0.471404520791032,40.23,b2mg1,127,MgB2_type,MgB2,560000,3.6856,40.0,DFT calculated,High
2,17.558,15.309,16.2099153298221,14.1625825206729,0.617382033211245,0.691439830850295,13.494,0.894333333333334,6.747,6.36113260355418,768.75,779.233333333333,768.106411898768,778.658644365361,0.692310109639013,0.623349853826967,62.9000000000001,287.7,31.45,29.6513443577559,116.0,106.333333333333,112.316517040015,103.149905830212,0.661563238157982,0.689009238476659,58,9.66666666666667,29.0,27.3414622058798,2099.0,2219.33333333333,2067.72338575545,2190.9879823189,0.678283686496967,0.574141240874938,722.0,1060.66666666667,361.0,340.354064011125,14.85,19.3,6.50384501660364,10.6054676906229,0.199999657250238,0.120212061577419,26.7,18.3,13.35,12.5865007051205,29.35,36.2333333333333,20.8566536146142,27.9138508582921,0.419593720110814,0.278859237346522,41.3,30.4333333333333,20.65,19.4690067086696,93.5,71.3333333333333,65.7267069006199,48.8595170987083,0.412844414611115,0.564887468517725,133.0,35.3333333333333,66.5,62.6968012652072,2.5,2.66666666666667,2.44948974278318,2.6207413942089,0.673011667009257,0.562335144618808,1,1.33333333333333,0.5,0.471404520791032,40.21,b2mg1,127,MgB2_type,MgB2,560000,3.6856,40.0,DFT calculated,High
4,64.120475,54.33105,33.9816745291756,30.7542900918034,0.875211608433522,1.0033640413319,164.1558,27.15935,66.8462595894256,57.9799475411327,783.775,778.583333333333,756.842289429778,760.389282929366,1.3522137404704,1.31262207018237,572.7,181.233333333333,204.334876795421,168.019050672502,130.0,126.0,117.168269142722,116.053327313551,1.28599393248644,1.27809215361417,150,38.5,58.6259328283994,51.416599135558,5867.25,5806.16666666667,4698.5704888077,4692.77483761293,1.19392316970841,1.15392888337878,7581.0,2592.66666666667,3523.43776552105,3427.62261714378,87.15,81.7166666666667,71.1419562770795,65.9110196899252,1.21144451427218,1.20616336654875,127.2,29.25,50.2454226770957,48.4608232378371,48.55,43.5666666666667,37.5428819450173,34.5754743532723,1.14323272468563,1.20914692301919,87.8,13.8333333333333,34.9157199553439,30.855451526252,68.5,65.3333333333333,48.4354449484381,48.8101027492021,1.10339391224103,1.12757379314866,124.0,27.6666666666667,50.2419147724288,45.2130757881193,3.0,2.83333333333333,2.91295063024394,2.74945927399721,1.35797785498732,1.35458107521317,2,0.5,0.707106781186548,0.687184270936277,15.45,lu1ni2b2c1,154,borocarbide,borocarbide,165000,1.0859,16.7,dHvA measured,High
5,65.86926,44.655525,40.4044681054749,28.5574227503509,1.24540885154811,1.36652691431727,148.11435,17.5626833333333,55.0886010190076,41.1270473310828,761.3,792.556666666667,741.369629917927,779.721769978046,1.58212259325959,1.41064261423544,516.7,228.8,182.013559934418,147.887190527855,148.0,126.033333333333,132.880037056045,116.062893831651,1.51198087250297,1.47294023202004,158,38.5,63.7306833479761,51.5412348405516,5263.8,5161.13333333333,4487.75258745567,4285.10324120757,1.46362323741218,1.25139488193086,6648.0,2592.66666666667,2811.56386375981,3030.73145993211,75.94,79.6766666666667,60.2910323804021,62.6690839470226,1.39562084860428,1.23317811414825,127.2,34.7233333333333,50.2228872129032,50.091813591533,38.88,41.76,25.6568462359709,30.8756732153908,1.22340699213019,1.17198571882844,94.2,16.78,36.0809312518399,32.3468865065352,57.2,65.1,36.4481055219327,47.8954358001491,1.22995256435065,1.14287165424704,129.0,29.6,50.3205723337881,45.4857853253812,3.0,2.83333333333333,2.93015605158352,2.74945927399721,1.58678470752805,1.47334783997951,2,0.8,0.632455532033676,0.687184270936277,5.04,y0.6tb0.4ni2b2c1,151,borocarbide,borocarbide,165000,1.0859,2.0,dHvA measured,High
4,64.120475,54.33105,33.9816745291756,30.7542900918034,0.875211608433522,1.0033640413319,164.1558,27.15935,66.8462595894256,57.9799475411327,783.775,778.583333333333,756.842289429778,760.389282929366,1.3522137404704,1.31262207018237,572.7,181.233333333333,204.334876795421,168.019050672502,130.0,126.0,117.168269142722,116.053327313551,1.28599393248644,1.27809215361417,150,38.5,58.6259328283994,51.416599135558,5867.25,5806.16666666667,4698.5704888077,4692.77483761293,1.19392316970841,1.15392888337878,7581.0,2592.66666666667,3523.43776552105,3427.62261714378,87.15,81.7166666666667,71.1419562770795,65.9110196899252,1.21144451427218,1.20616336654875,127.2,29.25,50.2454226770957,48.4608232378371,48.55,43.5666666666667,37.5428819450173,34.5754743532723,1.14323272468563,1.20914692301919,87.8,13.8333333333333,34.9157199553439,30.855451526252,68.5,65.3333333333333,48.4354449484381,48.8101027492021,1.10339391224103,1.12757379314866,124.0,27.6666666666667,50.2419147724288,45.2130757881193,3.0,2.83333333333333,2.91295063024394,2.74945927399721,1.35797785498732,1.35458107521317,2,0.5,0.707106781186548,0.687184270936277,16.2,lu1ni2b2c1,154,borocarbide,borocarbide,165000,1.0859,16.7,dHvA measured,High
2,17.558,15.309,16.2099153298221,14.1625825206729,0.617382033211245,0.691439830850295,13.494,0.894333333333334,6.747,6.36113260355418,768.75,779.233333333333,768.106411898768,778.658644365361,0.692310109639013,0.623349853826967,62.9000000000001,287.7,31.45,29.6513443577559,116.0,106.333333333333,112.316517040015,103.149905830212,0.661563238157982,0.689009238476659,58,9.66666666666667,29.0,27.3414622058798,2099.0,2219.33333333333,2067.72338575545,2190.9879823189,0.678283686496967,0.574141240874938,722.0,1060.66666666667,361.0,340.354064011125,14.85,19.3,6.50384501660364,10.6054676906229,0.199999657250238,0.120212061577419,26.7,18.3,13.35,12.5865007051205,29.35,36.2333333333333,20.8566536146142,27.9138508582921,0.419593720110814,0.278859237346522,41.3,30.4333333333333,20.65,19.4690067086696,93.5,71.3333333333333,65.7267069006199,48.8595170987083,0.412844414611115,0.564887468517725,133.0,35.3333333333333,66.5,62.6968012652072,2.5,2.66666666666667,2.44948974278318,2.6207413942089,0.673011667009257,0.562335144618808,1,1.33333333333333,0.5,0.471404520791032,39.5,b2mg1,127,MgB2_type,MgB2,560000,3.6856,40.0,DFT calculated,High
2,17.558,15.309,16.2099153298221,14.1625825206729,0.617382033211245,0.691439830850295,13.494,0.894333333333334,6.747,6.36113260355418,768.75,779.233333333333,768.106411898768,778.658644365361,0.692310109639013,0.623349853826967,62.9000000000001,287.7,31.45,29.6513443577559,116.0,106.333333333333,112.316517040015,103.149905830212,0.661563238157982,0.689009238476659,58,9.66666666666667,29.0,27.3414622058798,2099.0,2219.33333333333,2067.72338575545,2190.9879823189,0.678283686496967,0.574141240874938,722.0,1060.66666666667,361.0,340.354064011125,14.85,19.3,6.50384501660364,10.6054676906229,0.199999657250238,0.120212061577419,26.7,18.3,13.35,12.5865007051205,29.35,36.2333333333333,20.8566536146142,27.9138508582921,0.419593720110814,0.278859237346522,41.3,30.4333333333333,20.65,19.4690067086696,93.5,71.3333333333333,65.7267069006199,48.8595170987083,0.412844414611115,0.564887468517725,133.0,35.3333333333333,66.5,62.6968012652072,2.5,2.66666666666667,2.44948974278318,2.6207413942089,0.673011667009257,0.562335144618808,1,1.33333333333333,0.5,0.471404520791032,37.5,b2mg1,127,MgB2_type,MgB2,560000,3.6856,40.0,DFT calculated,High
3,20.6991795333333,15.4874359066667,19.2106798606408,14.2615652225077,1.03367060781681,0.970569434810198,16.1705386,5.40856409333333,7.07686538809835,6.64230216504625,704.9,768.56,698.323034681193,766.053760021995,1.08951401494566,0.752111912693838,223.0,494.986666666667,93.877828408345,58.0449802595654,116.666666666667,104.533333333333,114.179925171495,101.742663518708,1.07764405545237,0.889388994357594,58,50.1333333333333,23.6971634495683,25.5678617712854,2299.33333333333,2283.46666666667,2260.04046185423,2256.28658664486,1.08216944077673,0.761659397531522,962.0,1460.0,408.836832435087,334.193131121645,24.5666666666667,22.1333333333333,12.3007336465037,13.2847663256494,0.754800338780251,0.47901239448179,42.5,18.4,17.5397326724846,13.0361889454787,23.1333333333333,36.3666666666667,16.6964578285833,28.3015826343113,0.784790777766936,0.33251427675844,41.3,32.62,19.0151401666029,19.2859764826386,140.666666666667,76.3333333333333,100.504121016134,50.1278443426932,0.869607205876281,0.990831394049634,208.0,27.0,86.0090434521601,71.8857117621823,2.66666666666667,2.73333333333333,2.6207413942089,2.69254881490439,1.08219553003877,0.738760099648023,1,1.8,0.471404520791032,0.442216638714053,36.0,mg0.8al0.2b2,123,MgB2_type,MgB2,560000,3.6856,29.1,DFT calculated,High
2,17.558,15.309,16.2099153298221,14.1625825206729,0.617382033211245,0.691439830850295,13.494,0.894333333333334,6.747,6.36113260355418,768.75,779.233333333333,768.106411898768,778.658644365361,0.692310109639013,0.623349853826967,62.9000000000001,287.7,31.45,29.6513443577559,116.0,106.333333333333,112.316517040015,103.149905830212,0.661563238157982,0.689009238476659,58,9.66666666666667,29.0,27.3414622058798,2099.0,2219.33333333333,2067.72338575545,2190.9879823189,0.678283686496967,0.574141240874938,722.0,1060.66666666667,361.0,340.354064011125,14.85,19.3,6.50384501660364,10.6054676906229,0.199999657250238,0.120212061577419,26.7,18.3,13.35,12.5865007051205,29.35,36.2333333333333,20.8566536146142,27.9138508582921,0.419593720110814,0.278859237346522,41.3,30.4333333333333,20.65,19.4690067086696,93.5,71.3333333333333,65.7267069006199,48.8595170987083,0.412844414611115,0.564887468517725,133.0,35.3333333333333,66.5,62.6968012652072,2.5,2.66666666666667,2.44948974278318,2.6207413942089,0.673011667009257,0.562335144618808,1,1.33333333333333,0.5,0.471404520791032,37.3,b2mg1,127,MgB2_type,MgB2,560000,3.6856,40.0,DFT calculated,High
4,64.120475,54.33105,33.9816745291756,30.7542900918034,0.875211608433522,1.0033640413319,164.1558,27.15935,66.8462595894256,57.9799475411327,783.775,778.583333333333,756.842289429778,760.389282929366,1.3522137404704,1.31262207018237,572.7,181.233333333333,204.334876795421,168.019050672502,130.0,126.0,117.168269142722,116.053327313551,1.28599393248644,1.27809215361417,150,38.5,58.6259328283994,51.416599135558,5867.25,5806.16666666667,4698.5704888077,4692.77483761293,1.19392316970841,1.15392888337878,7581.0,2592.66666666667,3523.43776552105,3427.62261714378,87.15,81.7166666666667,71.1419562770795,65.9110196899252,1.21144451427218,1.20616336654875,127.2,29.25,50.2454226770957,48.4608232378371,48.55,43.5666666666667,37.5428819450173,34.5754743532723,1.14323272468563,1.20914692301919,87.8,13.8333333333333,34.9157199553439,30.855451526252,68.5,65.3333333333333,48.4354449484381,48.8101027492021,1.10339391224103,1.12757379314866,124.0,27.6666666666667,50.2419147724288,45.2130757881193,3.0,2.83333333333333,2.91295063024394,2.74945927399721,1.35797785498732,1.35458107521317,2,0.5,0.707106781186548,0.687184270936277,14.2,lu1ni2b2c1,154,borocarbide,borocarbide,165000,1.0859,16.7,dHvA measured,High
2,17.558,15.309,16.2099153298221,14.1625825206729,0.617382033211245,0.691439830850295,13.494,0.894333333333334,6.747,6.36113260355418,768.75,779.233333333333,768.106411898768,778.658644365361,0.692310109639013,0.623349853826967,62.9000000000001,287.7,31.45,29.6513443577559,116.0,106.333333333333,112.316517040015,103.149905830212,0.661563238157982,0.689009238476659,58,9.66666666666667,29.0,27.3414622058798,2099.0,2219.33333333333,2067.72338575545,2190.9879823189,0.678283686496967,0.574141240874938,722.0,1060.66666666667,361.0,340.354064011125,14.85,19.3,6.50384501660364,10.6054676906229,0.199999657250238,0.120212061577419,26.7,18.3,13.35,12.5865007051205,29.35,36.2333333333333,20.8566536146142,27.9138508582921,0.419593720110814,0.278859237346522,41.3,30.4333333333333,20.65,19.4690067086696,93.5,71.3333333333333,65.7267069006199,48.8595170987083,0.412844414611115,0.564887468517725,133.0,35.3333333333333,66.5,62.6968012652072,2.5,2.66666666666667,2.44948974278318,2.6207413942089,0.673011667009257,0.562335144618808,1,1.33333333333333,0.5,0.471404520791032,39.6,b2mg1,127,MgB2_type,MgB2,560000,3.6856,40.0,DFT calculated,High
2,17.558,15.309,16.2099153298221,14.1625825206729,0.617382033211245,0.691439830850295,13.494,0.894333333333334,6.747,6.36113260355418,768.75,779.233333333333,768.106411898768,778.658644365361,0.692310109639013,0.623349853826967,62.9000000000001,287.7,31.45,29.6513443577559,116.0,106.333333333333,112.316517040015,103.149905830212,0.661563238157982,0.689009238476659,58,9.66666666666667,29.0,27.3414622058798,2099.0,2219.33333333333,2067.72338575545,2190.9879823189,0.678283686496967,0.574141240874938,722.0,1060.66666666667,361.0,340.354064011125,14.85,19.3,6.50384501660364,10.6054676906229,0.199999657250238,0.120212061577419,26.7,18.3,13.35,12.5865007051205,29.35,36.2333333333333,20.8566536146142,27.9138508582921,0.419593720110814,0.278859237346522,41.3,30.4333333333333,20.65,19.4690067086696,93.5,71.3333333333333,65.7267069006199,48.8595170987083,0.412844414611115,0.564887468517725,133.0,35.3333333333333,66.5,62.6968012652072,2.5,2.66666666666667,2.44948974278318,2.6207413942089,0.673011667009257,0.562335144618808,1,1.33333333333333,0.5,0.471404520791032,38.3,b2mg1,127,MgB2_type,MgB2,560000,3.6856,40.0,DFT calculated,High
2,17.558,15.309,16.2099153298221,14.1625825206729,0.617382033211245,0.691439830850295,13.494,0.894333333333334,6.747,6.36113260355418,768.75,779.233333333333,768.106411898768,778.658644365361,0.692310109639013,0.623349853826967,62.9000000000001,287.7,31.45,29.6513443577559,116.0,106.333333333333,112.316517040015,103.149905830212,0.661563238157982,0.689009238476659,58,9.66666666666667,29.0,27.3414622058798,2099.0,2219.33333333333,2067.72338575545,2190.9879823189,0.678283686496967,0.574141240874938,722.0,1060.66666666667,361.0,340.354064011125,14.85,19.3,6.50384501660364,10.6054676906229,0.199999657250238,0.120212061577419,26.7,18.3,13.35,12.5865007051205,29.35,36.2333333333333,20.8566536146142,27.9138508582921,0.419593720110814,0.278859237346522,41.3,30.4333333333333,20.65,19.4690067086696,93.5,71.3333333333333,65.7267069006199,48.8595170987083,0.412844414611115,0.564887468517725,133.0,35.3333333333333,66.5,62.6968012652072,2.5,2.66666666666667,2.44948974278318,2.6207413942089,0.673011667009257,0.562335144618808,1,1.33333333333333,0.5,0.471404520791032,40.0,b2mg1,127,MgB2_type,MgB2,560000,3.6856,40.0,DFT calculated,High
3,20.6991795333333,15.4874359066667,19.2106798606408,14.2615652225077,1.03367060781681,0.970569434810198,16.1705386,5.40856409333333,7.07686538809835,6.64230216504625,704.9,768.56,698.323034681193,766.053760021995,1.08951401494566,0.752111912693838,223.0,494.986666666667,93.877828408345,58.0449802595654,116.666666666667,104.533333333333,114.179925171495,101.742663518708,1.07764405545237,0.889388994357594,58,50.1333333333333,23.6971634495683,25.5678617712854,2299.33333333333,2283.46666666667,2260.04046185423,2256.28658664486,1.08216944077673,0.761659397531522,962.0,1460.0,408.836832435087,334.193131121645,24.5666666666667,22.1333333333333,12.3007336465037,13.2847663256494,0.754800338780251,0.47901239448179,42.5,18.4,17.5397326724846,13.0361889454787,23.1333333333333,36.3666666666667,16.6964578285833,28.3015826343113,0.784790777766936,0.33251427675844,41.3,32.62,19.0151401666029,19.2859764826386,140.666666666667,76.3333333333333,100.504121016134,50.1278443426932,0.869607205876281,0.990831394049634,208.0,27.0,86.0090434521601,71.8857117621823,2.66666666666667,2.73333333333333,2.6207413942089,2.69254881490439,1.08219553003877,0.738760099648023,1,1.8,0.471404520791032,0.442216638714053,33.0,mg0.8al0.2b2,123,MgB2_type,MgB2,560000,3.6856,29.1,DFT calculated,High
2,17.558,15.309,16.2099153298221,14.1625825206729,0.617382033211245,0.691439830850295,13.494,0.894333333333334,6.747,6.36113260355418,768.75,779.233333333333,768.106411898768,778.658644365361,0.692310109639013,0.623349853826967,62.9000000000001,287.7,31.45,29.6513443577559,116.0,106.333333333333,112.316517040015,103.149905830212,0.661563238157982,0.689009238476659,58,9.66666666666667,29.0,27.3414622058798,2099.0,2219.33333333333,2067.72338575545,2190.9879823189,0.678283686496967,0.574141240874938,722.0,1060.66666666667,361.0,340.354064011125,14.85,19.3,6.50384501660364,10.6054676906229,0.199999657250238,0.120212061577419,26.7,18.3,13.35,12.5865007051205,29.35,36.2333333333333,20.8566536146142,27.9138508582921,0.419593720110814,0.278859237346522,41.3,30.4333333333333,20.65,19.4690067086696,93.5,71.3333333333333,65.7267069006199,48.8595170987083,0.412844414611115,0.564887468517725,133.0,35.3333333333333,66.5,62.6968012652072,2.5,2.66666666666667,2.44948974278318,2.6207413942089,0.673011667009257,0.562335144618808,1,1.33333333333333,0.5,0.471404520791032,5.0,b2mg1,127,MgB2_type,MgB2,560000,3.6856,40.0,DFT calculated,High
3,131.5565,123.7007,128.342110910142,122.076399554629,1.07334620713283,0.920447480922702,70.1485,56.5804,30.0441612158946,21.6342300061731,676.9,694.68,674.789025753176,693.513797881667,1.09555159547942,0.864242629645283,116.5,369.88,52.458427985088,38.7660108858263,180.0,162.15,177.251135736199,160.122133553874,1.08316132979027,0.970061986311911,77,60.95,31.8224239596337,27.4231198079285,8776.66666666667,8227.0,8424.6273436826,8002.30261708933,1.05631831775666,0.93296974769908,5880.0,3766.0,2614.94848047826,2127.24493183084,90.5,100.685,85.4109666768141,97.6789143011853,1.04738668914166,0.778686707237173,59.7,62.995,27.5945646821978,20.683139872853,12.1333333333333,10.045,10.5361715455227,8.90387965747401,0.954007136470618,0.970007852614519,14.7,3.395,6.77068845998856,5.8326216232497,85.3333333333333,79.4,73.1830024136365,72.5816045117076,0.950690710836245,0.889317351290988,111.0,37.7,47.1333804808817,36.6284042786469,4.33333333333333,4.25,4.16016764610381,4.15467859644964,1.05790542470367,0.895439650718424,3,2.15,1.24721912892465,0.942072184070839,7.2,yb3rh4sn13,169,heavy_fermion_Yb,heavy-fermion,5000,0.0329,8.6,Estimated (heavy mass),Low
3,131.5565,123.7007,128.342110910142,122.076399554629,1.07334620713283,0.920447480922702,70.1485,56.5804,30.0441612158946,21.6342300061731,676.9,694.68,674.789025753176,693.513797881667,1.09555159547942,0.864242629645283,116.5,369.88,52.458427985088,38.7660108858263,180.0,162.15,177.251135736199,160.122133553874,1.08316132979027,0.970061986311911,77,60.95,31.8224239596337,27.4231198079285,8776.66666666667,8227.0,8424.6273436826,8002.30261708933,1.05631831775666,0.93296974769908,5880.0,3766.0,2614.94848047826,2127.24493183084,90.5,100.685,85.4109666768141,97.6789143011853,1.04738668914166,0.778686707237173,59.7,62.995,27.5945646821978,20.683139872853,12.1333333333333,10.045,10.5361715455227,8.90387965747401,0.954007136470618,0.970007852614519,14.7,3.395,6.77068845998856,5.8326216232497,85.3333333333333,79.4,73.1830024136365,72.5816045117076,0.950690710836245,0.889317351290988,111.0,37.7,47.1333804808817,36.6284042786469,4.33333333333333,4.25,4.16016764610381,4.15467859644964,1.05790542470367,0.895439650718424,3,2.15,1.24721912892465,0.942072184070839,7.7,yb3rh4sn13,169,heavy_fermion_Yb,heavy-fermion,5000,0.0329,8.6,Estimated (heavy mass),Low
2,17.558,15.309,16.2099153298221,14.1625825206729,0.617382033211245,0.691439830850295,13.494,0.894333333333334,6.747,6.36113260355418,768.75,779.233333333333,768.106411898768,778.658644365361,0.692310109639013,0.623349853826967,62.9000000000001,287.7,31.45,29.6513443577559,116.0,106.333333333333,112.316517040015,103.149905830212,0.661563238157982,0.689009238476659,58,9.66666666666667,29.0,27.3414622058798,2099.0,2219.33333333333,2067.72338575545,2190.9879823189,0.678283686496967,0.574141240874938,722.0,1060.66666666667,361.0,340.354064011125,14.85,19.3,6.50384501660364,10.6054676906229,0.199999657250238,0.120212061577419,26.7,18.3,13.35,12.5865007051205,29.35,36.2333333333333,20.8566536146142,27.9138508582921,0.419593720110814,0.278859237346522,41.3,30.4333333333333,20.65,19.4690067086696,93.5,71.3333333333333,65.7267069006199,48.8595170987083,0.412844414611115,0.564887468517725,133.0,35.3333333333333,66.5,62.6968012652072,2.5,2.66666666666667,2.44948974278318,2.6207413942089,0.673011667009257,0.562335144618808,1,1.33333333333333,0.5,0.471404520791032,37.8,b2mg1,127,MgB2_type,MgB2,560000,3.6856,40.0,DFT calculated,High
2,17.558,15.309,16.2099153298221,14.1625825206729,0.617382033211245,0.691439830850295,13.494,0.894333333333334,6.747,6.36113260355418,768.75,779.233333333333,768.106411898768,778.658644365361,0.692310109639013,0.623349853826967,62.9000000000001,287.7,31.45,29.6513443577559,116.0,106.333333333333,112.316517040015,103.149905830212,0.661563238157982,0.689009238476659,58,9.66666666666667,29.0,27.3414622058798,2099.0,2219.33333333333,2067.72338575545,2190.9879823189,0.678283686496967,0.574141240874938,722.0,1060.66666666667,361.0,340.354064011125,14.85,19.3,6.50384501660364,10.6054676906229,0.199999657250238,0.120212061577419,26.7,18.3,13.35,12.5865007051205,29.35,36.2333333333333,20.8566536146142,27.9138508582921,0.419593720110814,0.278859237346522,41.3,30.4333333333333,20.65,19.4690067086696,93.5,71.3333333333333,65.7267069006199,48.8595170987083,0.412844414611115,0.564887468517725,133.0,35.3333333333333,66.5,62.6968012652072,2.5,2.66666666666667,2.44948974278318,2.6207413942089,0.673011667009257,0.562335144618808,1,1.33333333333333,0.5,0.471404520791032,39.1,b2mg1,127,MgB2_type,MgB2,560000,3.6856,40.0,DFT calculated,High
4,104.19317375,113.589335357143,99.3857388115066,111.757505851563,1.3436033578253,0.840374592603084,81.182805,77.8033432142857,29.383074034073,17.9759006507394,643.925,581.271428571429,636.746282016711,578.100576909503,1.37514800160971,0.962355847415617,218.0,347.178571428571,96.0601992242365,65.0171672776993,166.5,161.071428571429,165.976462630054,160.733222644254,1.38313253872783,0.930238505381169,33,100.571428571429,13.2759180473518,10.7800363484299,8837.25,7702.0,8579.45069498336,7603.8324231411,1.35573510302389,0.977591309555649,5761.0,4585.71428571429,2236.25640021443,1403.2535154317,64.575,41.6714285714286,58.0441290365347,37.9733369252649,1.28365784325658,1.20667936040321,80.8,17.0571428571429,29.6359895228757,22.1221746725971,11.665,5.82142857142857,8.9102268168959,4.51030008342682,1.16128839513242,1.3102927530094,18.44,1.54285714285714,7.58153513478636,5.51400535926842,85.75,78.0,60.6491123723168,65.1737200726308,1.1734734821814,0.785377140097034,139.0,57.0,49.8315913853852,32.5203233159117,4.25,3.42857142857143,4.11953428781424,3.35270995277654,1.35458107521317,1.05938459334224,3,1.85714285714286,1.08972473588517,0.82065180664829,1.4,ce1rh0.5co0.5in5,166,heavy_fermion_Ce,heavy-fermion,7595,0.05,1.4,Specific heat / transport,Medium
4,62.6123275,53.3256183333333,33.6849002033018,30.5749695081832,0.886945924655561,1.01039631573492,158.12321,26.1539183333333,64.3498308612872,55.8940674373409,802.775,791.25,783.43843363223,778.100406413174,1.36166399513975,1.32596930519581,496.7,168.566666666667,180.405908647694,149.346953433942,131.25,126.833333333333,117.837446942918,116.494781158223,1.28200628128941,1.27784194483044,155,38.5,60.4912183709338,52.9037385782475,5737.0,5719.33333333333,4635.10862858114,4650.42341965199,1.20093928133795,1.15196079535254,7060.0,2592.66666666667,3380.8796192707,3329.50159767027,87.15,81.7166666666667,71.1419562770795,65.9110196899252,1.21144451427218,1.20616336654875,127.2,29.25,50.2454226770957,48.4608232378371,47.25,42.7,35.0953241484343,33.0559198802781,1.11159572547596,1.18104361010403,88.2,14.7,35.9611943628128,31.5150228726978,68.75,65.5,49.1751313230727,49.3057850815653,1.10960609225054,1.13276909895143,123.0,27.5,49.9818717136523,45.0323957464697,3.0,2.83333333333333,2.91295063024394,2.74945927399721,1.35797785498732,1.35458107521317,2,0.5,0.707106781186548,0.687184270936277,10.0,tm1ni2b2c1,153,borocarbide,borocarbide,165000,1.0859,10.9,dHvA measured,High
2,17.558,15.309,16.2099153298221,14.1625825206729,0.617382033211245,0.691439830850295,13.494,0.894333333333334,6.747,6.36113260355418,768.75,779.233333333333,768.106411898768,778.658644365361,0.692310109639013,0.623349853826967,62.9000000000001,287.7,31.45,29.6513443577559,116.0,106.333333333333,112.316517040015,103.149905830212,0.661563238157982,0.689009238476659,58,9.66666666666667,29.0,27.3414622058798,2099.0,2219.33333333333,2067.72338575545,2190.9879823189,0.678283686496967,0.574141240874938,722.0,1060.66666666667,361.0,340.354064011125,14.85,19.3,6.50384501660364,10.6054676906229,0.199999657250238,0.120212061577419,26.7,18.3,13.35,12.5865007051205,29.35,36.2333333333333,20.8566536146142,27.9138508582921,0.419593720110814,0.278859237346522,41.3,30.4333333333333,20.65,19.4690067086696,93.5,71.3333333333333,65.7267069006199,48.8595170987083,0.412844414611115,0.564887468517725,133.0,35.3333333333333,66.5,62.6968012652072,2.5,2.66666666666667,2.44948974278318,2.6207413942089,0.673011667009257,0.562335144618808,1,1.33333333333333,0.5,0.471404520791032,38.4,b2mg1,127,MgB2_type,MgB2,560000,3.6856,40.0,DFT calculated,High
5,62.26572,42.1543,39.4437023677323,28.0049626548263,1.27351467418145,1.3372497037575,130.09665,17.5626833333333,49.1531614368862,35.3502988977639,752.82,791.95,729.97587767176,778.734618839413,1.57816778228127,1.39272201361184,559.1,244.791666666667,191.514974871418,149.23214298535,152.4,126.625,135.382530543596,116.341679726261,1.50175807696539,1.45012571651981,180,39.375,69.4020172617482,52.8928259943318,4948.0,5001.66666666667,4300.29971912679,4183.04855791528,1.47814430088539,1.20580316997673,6648.0,2692.66666666667,2537.1845813815,2939.30828975496,75.94,79.1666666666667,60.2910323804021,61.8838287345134,1.39562084860428,1.21719752555114,127.2,35.6875,50.2228872129032,50.4784497472821,38.1,41.6125,23.4578572158681,30.3456319026502,1.18524212406141,1.15376283447507,98.1,17.2125,36.7161000107582,32.4973115875247,57.6,65.3333333333333,37.6864381637008,48.7577301722809,1.24346493105119,1.1481739643343,127.0,29.7916666666667,49.9583826799867,45.2186048239242,3.2,2.875,3.10369114783072,2.78261467908999,1.5808185358593,1.47589882806785,2,0.833333333333333,0.748331477354788,0.72528729939705,7.7,y0.75pr0.25ni2b2c1,152,borocarbide,borocarbide,165000,1.0859,7.7,dHvA measured,High
2,17.558,15.309,16.2099153298221,14.1625825206729,0.617382033211245,0.691439830850295,13.494,0.894333333333334,6.747,6.36113260355418,768.75,779.233333333333,768.106411898768,778.658644365361,0.692310109639013,0.623349853826967,62.9000000000001,287.7,31.45,29.6513443577559,116.0,106.333333333333,112.316517040015,103.149905830212,0.661563238157982,0.689009238476659,58,9.66666666666667,29.0,27.3414622058798,2099.0,2219.33333333333,2067.72338575545,2190.9879823189,0.678283686496967,0.574141240874938,722.0,1060.66666666667,361.0,340.354064011125,14.85,19.3,6.50384501660364,10.6054676906229,0.199999657250238,0.120212061577419,26.7,18.3,13.35,12.5865007051205,29.35,36.2333333333333,20.8566536146142,27.9138508582921,0.419593720110814,0.278859237346522,41.3,30.4333333333333,20.65,19.4690067086696,93.5,71.3333333333333,65.7267069006199,48.8595170987083,0.412844414611115,0.564887468517725,133.0,35.3333333333333,66.5,62.6968012652072,2.5,2.66666666666667,2.44948974278318,2.6207413942089,0.673011667009257,0.562335144618808,1,1.33333333333333,0.5,0.471404520791032,39.3,b2mg1,127,MgB2_type,MgB2,560000,3.6856,40.0,DFT calculated,High
3,131.5565,123.312528571429,128.342110910142,121.748176918563,1.07334620713283,0.910663545858044,70.1485,57.4283285714286,30.0441612158946,21.2289645787282,676.9,695.431428571429,674.789025753176,694.310851972868,1.09555159547942,0.85348663666118,116.5,379.245714285714,52.458427985088,37.9935165253124,180.0,161.6,177.251135736199,159.635709573929,1.08316132979027,0.961041244135955,77,63.5714285714286,31.8224239596337,26.9859222558726,8776.66666666667,8232.28571428571,8424.6273436826,8008.40552370134,1.05631831775666,0.923583388532619,5880.0,3865.14285714286,2614.94848047826,2124.03804877715,90.5,101.094285714286,85.4109666768141,98.2021460165309,1.04738668914166,0.768785296380708,59.7,64.14,27.5945646821978,20.26858149744,12.1333333333333,10.04,10.5361715455227,8.89782007484266,0.954007136470618,0.962426231328381,14.7,3.5,6.77068845998856,5.83492930548434,85.3333333333333,79.6,73.1830024136365,72.8626913523855,0.950690710836245,0.881452052955194,111.0,38.4571428571429,47.1333804808817,36.4834208922354,4.33333333333333,4.25714285714286,4.16016764610381,4.16322470651623,1.05790542470367,0.885775661160584,3,2.2,1.24721912892465,0.936341120467082,8.6,yb1rh1.4sn4.6,168,heavy_fermion_Yb,heavy-fermion,5000,0.0329,8.6,Estimated (heavy mass),Low
2,17.558,15.309,16.2099153298221,14.1625825206729,0.617382033211245,0.691439830850295,13.494,0.894333333333334,6.747,6.36113260355418,768.75,779.233333333333,768.106411898768,778.658644365361,0.692310109639013,0.623349853826967,62.9000000000001,287.7,31.45,29.6513443577559,116.0,106.333333333333,112.316517040015,103.149905830212,0.661563238157982,0.689009238476659,58,9.66666666666667,29.0,27.3414622058798,2099.0,2219.33333333333,2067.72338575545,2190.9879823189,0.678283686496967,0.574141240874938,722.0,1060.66666666667,361.0,340.354064011125,14.85,19.3,6.50384501660364,10.6054676906229,0.199999657250238,0.120212061577419,26.7,18.3,13.35,12.5865007051205,29.35,36.2333333333333,20.8566536146142,27.9138508582921,0.419593720110814,0.278859237346522,41.3,30.4333333333333,20.65,19.4690067086696,93.5,71.3333333333333,65.7267069006199,48.8595170987083,0.412844414611115,0.564887468517725,133.0,35.3333333333333,66.5,62.6968012652072,2.5,2.66666666666667,2.44948974278318,2.6207413942089,0.673011667009257,0.562335144618808,1,1.33333333333333,0.5,0.471404520791032,38.1,b2mg1,127,MgB2_type,MgB2,560000,3.6856,40.0,DFT calculated,High
4,104.19317375,113.589335357143,99.3857388115066,111.757505851563,1.3436033578253,0.840374592603084,81.182805,77.8033432142857,29.383074034073,17.9759006507394,643.925,581.271428571429,636.746282016711,578.100576909503,1.37514800160971,0.962355847415617,218.0,347.178571428571,96.0601992242365,65.0171672776993,166.5,161.071428571429,165.976462630054,160.733222644254,1.38313253872783,0.930238505381169,33,100.571428571429,13.2759180473518,10.7800363484299,8837.25,7702.0,8579.45069498336,7603.8324231411,1.35573510302389,0.977591309555649,5761.0,4585.71428571429,2236.25640021443,1403.2535154317,64.575,41.6714285714286,58.0441290365347,37.9733369252649,1.28365784325658,1.20667936040321,80.8,17.0571428571429,29.6359895228757,22.1221746725971,11.665,5.82142857142857,8.9102268168959,4.51030008342682,1.16128839513242,1.3102927530094,18.44,1.54285714285714,7.58153513478636,5.51400535926842,85.75,78.0,60.6491123723168,65.1737200726308,1.1734734821814,0.785377140097034,139.0,57.0,49.8315913853852,32.5203233159117,4.25,3.42857142857143,4.11953428781424,3.35270995277654,1.35458107521317,1.05938459334224,3,1.85714285714286,1.08972473588517,0.82065180664829,1.6,ce1co0.5rh0.5in5,164,heavy_fermion_Ce,heavy-fermion,7595,0.05,1.6,Specific heat / transport,Medium
2,17.558,15.309,16.2099153298221,14.1625825206729,0.617382033211245,0.691439830850295,13.494,0.894333333333334,6.747,6.36113260355418,768.75,779.233333333333,768.106411898768,778.658644365361,0.692310109639013,0.623349853826967,62.9000000000001,287.7,31.45,29.6513443577559,116.0,106.333333333333,112.316517040015,103.149905830212,0.661563238157982,0.689009238476659,58,9.66666666666667,29.0,27.3414622058798,2099.0,2219.33333333333,2067.72338575545,2190.9879823189,0.678283686496967,0.574141240874938,722.0,1060.66666666667,361.0,340.354064011125,14.85,19.3,6.50384501660364,10.6054676906229,0.199999657250238,0.120212061577419,26.7,18.3,13.35,12.5865007051205,29.35,36.2333333333333,20.8566536146142,27.9138508582921,0.419593720110814,0.278859237346522,41.3,30.4333333333333,20.65,19.4690067086696,93.5,71.3333333333333,65.7267069006199,48.8595170987083,0.412844414611115,0.564887468517725,133.0,35.3333333333333,66.5,62.6968012652072,2.5,2.66666666666667,2.44948974278318,2.6207413942089,0.673011667009257,0.562335144618808,1,1.33333333333333,0.5,0.471404520791032,39.8,b2mg1,127,MgB2_type,MgB2,560000,3.6856,40.0,DFT calculated,High
2,17.558,15.309,16.2099153298221,14.1625825206729,0.617382033211245,0.691439830850295,13.494,0.894333333333334,6.747,6.36113260355418,768.75,779.233333333333,768.106411898768,778.658644365361,0.692310109639013,0.623349853826967,62.9000000000001,287.7,31.45,29.6513443577559,116.0,106.333333333333,112.316517040015,103.149905830212,0.661563238157982,0.689009238476659,58,9.66666666666667,29.0,27.3414622058798,2099.0,2219.33333333333,2067.72338575545,2190.9879823189,0.678283686496967,0.574141240874938,722.0,1060.66666666667,361.0,340.354064011125,14.85,19.3,6.50384501660364,10.6054676906229,0.199999657250238,0.120212061577419,26.7,18.3,13.35,12.5865007051205,29.35,36.2333333333333,20.8566536146142,27.9138508582921,0.419593720110814,0.278859237346522,41.3,30.4333333333333,20.65,19.4690067086696,93.5,71.3333333333333,65.7267069006199,48.8595170987083,0.412844414611115,0.564887468517725,133.0,35.3333333333333,66.5,62.6968012652072,2.5,2.66666666666667,2.44948974278318,2.6207413942089,0.673011667009257,0.562335144618808,1,1.33333333333333,0.5,0.471404520791032,36.0,b2mg1,127,MgB2_type,MgB2,560000,3.6856,40.0,DFT calculated,High
1,32.065,32.065,32.065,32.065,0.0,0.0,0.0,0.0,0.0,0.0,999.0,999.0,999.0,999.0,0.0,0.0,0.0,0.0,0.0,0.0,87.0,87.0,87.0,87.0,0.0,0.0,0,0.0,0.0,0.0,1960.0,1960.0,1960.0,1960.0,0.0,0.0,0.0,0.0,0.0,0.0,201.5,201.5,201.5,201.5,0.0,0.0,0.0,0.0,0.0,0.0,1.73,1.73,1.73,1.73,0.0,0.0,0.0,0.0,0.0,0.0,0.205,0.205,0.205,0.205,0.0,0.0,0.0,0.0,0.0,0.0,6.0,6.0,6.0,6.0,0.0,0.0,0,0.0,0.0,0.0,12.0,s1,159,chalcogenide,chalcogenide,95000,0.6252,14.0,DFT estimated,Medium
2,17.558,15.309,16.2099153298221,14.1625825206729,0.617382033211245,0.691439830850295,13.494,0.894333333333334,6.747,6.36113260355418,768.75,779.233333333333,768.106411898768,778.658644365361,0.692310109639013,0.623349853826967,62.9000000000001,287.7,31.45,29.6513443577559,116.0,106.333333333333,112.316517040015,103.149905830212,0.661563238157982,0.689009238476659,58,9.66666666666667,29.0,27.3414622058798,2099.0,2219.33333333333,2067.72338575545,2190.9879823189,0.678283686496967,0.574141240874938,722.0,1060.66666666667,361.0,340.354064011125,14.85,19.3,6.50384501660364,10.6054676906229,0.199999657250238,0.120212061577419,26.7,18.3,13.35,12.5865007051205,29.35,36.2333333333333,20.8566536146142,27.9138508582921,0.419593720110814,0.278859237346522,41.3,30.4333333333333,20.65,19.4690067086696,93.5,71.3333333333333,65.7267069006199,48.8595170987083,0.412844414611115,0.564887468517725,133.0,35.3333333333333,66.5,62.6968012652072,2.5,2.66666666666667,2.44948974278318,2.6207413942089,0.673011667009257,0.562335144618808,1,1.33333333333333,0.5,0.471404520791032,31.0,b2mg1,127,MgB2_type,MgB2,560000,3.6856,40.0,DFT calculated,High
4,64.120475,54.33105,33.9816745291756,30.7542900918034,0.875211608433522,1.0033640413319,164.1558,27.15935,66.8462595894256,57.9799475411327,783.775,778.583333333333,756.842289429778,760.389282929366,1.3522137404704,1.31262207018237,572.7,181.233333333333,204.334876795421,168.019050672502,130.0,126.0,117.168269142722,116.053327313551,1.28599393248644,1.27809215361417,150,38.5,58.6259328283994,51.416599135558,5867.25,5806.16666666667,4698.5704888077,4692.77483761293,1.19392316970841,1.15392888337878,7581.0,2592.66666666667,3523.43776552105,3427.62261714378,87.15,81.7166666666667,71.1419562770795,65.9110196899252,1.21144451427218,1.20616336654875,127.2,29.25,50.2454226770957,48.4608232378371,48.55,43.5666666666667,37.5428819450173,34.5754743532723,1.14323272468563,1.20914692301919,87.8,13.8333333333333,34.9157199553439,30.855451526252,68.5,65.3333333333333,48.4354449484381,48.8101027492021,1.10339391224103,1.12757379314866,124.0,27.6666666666667,50.2419147724288,45.2130757881193,3.0,2.83333333333333,2.91295063024394,2.74945927399721,1.35797785498732,1.35458107521317,2,0.5,0.707106781186548,0.687184270936277,15.8,lu1ni2b2c1,154,borocarbide,borocarbide,165000,1.0859,16.7,dHvA measured,High
4,64.120475,54.33105,33.9816745291756,30.7542900918034,0.875211608433522,1.0033640413319,164.1558,27.15935,66.8462595894256,57.9799475411327,783.775,778.583333333333,756.842289429778,760.389282929366,1.3522137404704,1.31262207018237,572.7,181.233333333333,204.334876795421,168.019050672502,130.0,126.0,117.168269142722,116.053327313551,1.28599393248644,1.27809215361417,150,38.5,58.6259328283994,51.416599135558,5867.25,5806.16666666667,4698.5704888077,4692.77483761293,1.19392316970841,1.15392888337878,7581.0,2592.66666666667,3523.43776552105,3427.62261714378,87.15,81.7166666666667,71.1419562770795,65.9110196899252,1.21144451427218,1.20616336654875,127.2,29.25,50.2454226770957,48.4608232378371,48.55,43.5666666666667,37.5428819450173,34.5754743532723,1.14323272468563,1.20914692301919,87.8,13.8333333333333,34.9157199553439,30.855451526252,68.5,65.3333333333333,48.4354449484381,48.8101027492021,1.10339391224103,1.12757379314866,124.0,27.6666666666667,50.2419147724288,45.2130757881193,3.0,2.83333333333333,2.91295063024394,2.74945927399721,1.35797785498732,1.35458107521317,2,0.5,0.707106781186548,0.687184270936277,15.96,lu1ni2b2c1,154,borocarbide,borocarbide,165000,1.0859,16.7,dHvA measured,High
4,62.6123275,53.3256183333333,33.6849002033018,30.5749695081832,0.886945924655561,1.01039631573492,158.12321,26.1539183333333,64.3498308612872,55.8940674373409,802.775,791.25,783.43843363223,778.100406413174,1.36166399513975,1.32596930519581,496.7,168.566666666667,180.405908647694,149.346953433942,131.25,126.833333333333,117.837446942918,116.494781158223,1.28200628128941,1.27784194483044,155,38.5,60.4912183709338,52.9037385782475,5737.0,5719.33333333333,4635.10862858114,4650.42341965199,1.20093928133795,1.15196079535254,7060.0,2592.66666666667,3380.8796192707,3329.50159767027,87.15,81.7166666666667,71.1419562770795,65.9110196899252,1.21144451427218,1.20616336654875,127.2,29.25,50.2454226770957,48.4608232378371,47.25,42.7,35.0953241484343,33.0559198802781,1.11159572547596,1.18104361010403,88.2,14.7,35.9611943628128,31.5150228726978,68.75,65.5,49.1751313230727,49.3057850815653,1.10960609225054,1.13276909895143,123.0,27.5,49.9818717136523,45.0323957464697,3.0,2.83333333333333,2.91295063024394,2.74945927399721,1.35797785498732,1.35458107521317,2,0.5,0.707106781186548,0.687184270936277,10.8,tm1ni2b2c1,153,borocarbide,borocarbide,165000,1.0859,10.9,dHvA measured,High
2,17.558,15.309,16.2099153298221,14.1625825206729,0.617382033211245,0.691439830850295,13.494,0.894333333333334,6.747,6.36113260355418,768.75,779.233333333333,768.106411898768,778.658644365361,0.692310109639013,0.623349853826967,62.9000000000001,287.7,31.45,29.6513443577559,116.0,106.333333333333,112.316517040015,103.149905830212,0.661563238157982,0.689009238476659,58,9.66666666666667,29.0,27.3414622058798,2099.0,2219.33333333333,2067.72338575545,2190.9879823189,0.678283686496967,0.574141240874938,722.0,1060.66666666667,361.0,340.354064011125,14.85,19.3,6.50384501660364,10.6054676906229,0.199999657250238,0.120212061577419,26.7,18.3,13.35,12.5865007051205,29.35,36.2333333333333,20.8566536146142,27.9138508582921,0.419593720110814,0.278859237346522,41.3,30.4333333333333,20.65,19.4690067086696,93.5,71.3333333333333,65.7267069006199,48.8595170987083,0.412844414611115,0.564887468517725,133.0,35.3333333333333,66.5,62.6968012652072,2.5,2.66666666666667,2.44948974278318,2.6207413942089,0.673011667009257,0.562335144618808,1,1.33333333333333,0.5,0.471404520791032,37.0,b2mg1,127,MgB2_type,MgB2,560000,3.6856,40.0,DFT calculated,High
2,17.558,15.309,16.2099153298221,14.1625825206729,0.617382033211245,0.691439830850295,13.494,0.894333333333334,6.747,6.36113260355418,768.75,779.233333333333,768.106411898768,778.658644365361,0.692310109639013,0.623349853826967,62.9000000000001,287.7,31.45,29.6513443577559,116.0,106.333333333333,112.316517040015,103.149905830212,0.661563238157982,0.689009238476659,58,9.66666666666667,29.0,27.3414622058798,2099.0,2219.33333333333,2067.72338575545,2190.9879823189,0.678283686496967,0.574141240874938,722.0,1060.66666666667,361.0,340.354064011125,14.85,19.3,6.50384501660364,10.6054676906229,0.199999657250238,0.120212061577419,26.7,18.3,13.35,12.5865007051205,29.35,36.2333333333333,20.8566536146142,27.9138508582921,0.419593720110814,0.278859237346522,41.3,30.4333333333333,20.65,19.4690067086696,93.5,71.3333333333333,65.7267069006199,48.8595170987083,0.412844414611115,0.564887468517725,133.0,35.3333333333333,66.5,62.6968012652072,2.5,2.66666666666667,2.44948974278318,2.6207413942089,0.673011667009257,0.562335144618808,1,1.33333333333333,0.5,0.471404520791032,38.14,b2mg1,127,MgB2_type,MgB2,560000,3.6856,40.0,DFT calculated,High
2,17.558,15.309,16.2099153298221,14.1625825206729,0.617382033211245,0.691439830850295,13.494,0.894333333333334,6.747,6.36113260355418,768.75,779.233333333333,768.106411898768,778.658644365361,0.692310109639013,0.623349853826967,62.9000000000001,287.7,31.45,29.6513443577559,116.0,106.333333333333,112.316517040015,103.149905830212,0.661563238157982,0.689009238476659,58,9.66666666666667,29.0,27.3414622058798,2099.0,2219.33333333333,2067.72338575545,2190.9879823189,0.678283686496967,0.574141240874938,722.0,1060.66666666667,361.0,340.354064011125,14.85,19.3,6.50384501660364,10.6054676906229,0.199999657250238,0.120212061577419,26.7,18.3,13.35,12.5865007051205,29.35,36.2333333333333,20.8566536146142,27.9138508582921,0.419593720110814,0.278859237346522,41.3,30.4333333333333,20.65,19.4690067086696,93.5,71.3333333333333,65.7267069006199,48.8595170987083,0.412844414611115,0.564887468517725,133.0,35.3333333333333,66.5,62.6968012652072,2.5,2.66666666666667,2.44948974278318,2.6207413942089,0.673011667009257,0.562335144618808,1,1.33333333333333,0.5,0.471404520791032,38.9,b2mg1,127,MgB2_type,MgB2,560000,3.6856,40.0,DFT calculated,High
2,17.558,15.309,16.2099153298221,14.1625825206729,0.617382033211245,0.691439830850295,13.494,0.894333333333334,6.747,6.36113260355418,768.75,779.233333333333,768.106411898768,778.658644365361,0.692310109639013,0.623349853826967,62.9000000000001,287.7,31.45,29.6513443577559,116.0,106.333333333333,112.316517040015,103.149905830212,0.661563238157982,0.689009238476659,58,9.66666666666667,29.0,27.3414622058798,2099.0,2219.33333333333,2067.72338575545,2190.9879823189,0.678283686496967,0.574141240874938,722.0,1060.66666666667,361.0,340.354064011125,14.85,19.3,6.50384501660364,10.6054676906229,0.199999657250238,0.120212061577419,26.7,18.3,13.35,12.5865007051205,29.35,36.2333333333333,20.8566536146142,27.9138508582921,0.419593720110814,0.278859237346522,41.3,30.4333333333333,20.65,19.4690067086696,93.5,71.3333333333333,65.7267069006199,48.8595170987083,0.412844414611115,0.564887468517725,133.0,35.3333333333333,66.5,62.6968012652072,2.5,2.66666666666667,2.44948974278318,2.6207413942089,0.673011667009257,0.562335144618808,1,1.33333333333333,0.5,0.471404520791032,37.6,b2mg1,127,MgB2_type,MgB2,560000,3.6856,40.0,DFT calculated,High
3,20.6991795333333,15.4874359066667,19.2106798606408,14.2615652225077,1.03367060781681,0.970569434810198,16.1705386,5.40856409333333,7.07686538809835,6.64230216504625,704.9,768.56,698.323034681193,766.053760021995,1.08951401494566,0.752111912693838,223.0,494.986666666667,93.877828408345,58.0449802595654,116.666666666667,104.533333333333,114.179925171495,101.742663518708,1.07764405545237,0.889388994357594,58,50.1333333333333,23.6971634495683,25.5678617712854,2299.33333333333,2283.46666666667,2260.04046185423,2256.28658664486,1.08216944077673,0.761659397531522,962.0,1460.0,408.836832435087,334.193131121645,24.5666666666667,22.1333333333333,12.3007336465037,13.2847663256494,0.754800338780251,0.47901239448179,42.5,18.4,17.5397326724846,13.0361889454787,23.1333333333333,36.3666666666667,16.6964578285833,28.3015826343113,0.784790777766936,0.33251427675844,41.3,32.62,19.0151401666029,19.2859764826386,140.666666666667,76.3333333333333,100.504121016134,50.1278443426932,0.869607205876281,0.990831394049634,208.0,27.0,86.0090434521601,71.8857117621823,2.66666666666667,2.73333333333333,2.6207413942089,2.69254881490439,1.08219553003877,0.738760099648023,1,1.8,0.471404520791032,0.442216638714053,29.6,mg0.8al0.2b2,123,MgB2_type,MgB2,560000,3.6856,29.1,DFT calculated,High
3,15.7089,15.42897,14.6681926084199,14.3124076876733,1.02764762800081,0.903746607113876,13.494,6.90059666666667,6.09806097214516,6.28603953917727,874.4,807.783333333333,862.020391904407,802.783131722137,1.08401513576773,0.95589615911186,348.4,344.876666666667,151.602264714834,97.0171190506546,99.6666666666667,104.333333333333,94.5483641463815,100.490357402299,1.04534389287856,0.887006417329615,78,42.6,33.0790299468141,29.3409081128872,2152.66666666667,2199.33333333333,2129.92562944283,2172.48771183995,1.08833378265837,0.874226504583273,722.0,1168.0,304.369658292164,331.38229014572,61.7,32.02,18.7325597831008,12.5791129239632,0.472512339001072,0.762672005610943,153.9,15.48,67.1465561291121,42.9071276130202,54.5666666666667,41.7333333333333,35.7458958236972,30.0636483727338,0.803057491944628,0.795400678964572,96.3,25.4333333333333,39.4467010309129,28.3324117497179,109.0,82.6333333333333,84.5675847847787,57.6004130149548,0.918873488986453,0.895660843322443,133.0,39.3333333333333,58.5548176213253,63.860516405331,3.0,2.76666666666667,2.88449914061482,2.6972303760346,1.06085694715802,0.921772745899291,2,1.3,0.816496580927726,0.615539510420646,36.4,mg1b1.7c0.3,122,MgB2_type,MgB2,560000,3.6856,10.2,DFT calculated,High
3,15.7089,15.408975,14.6681926084199,14.287327207864,1.02764762800081,0.881235847883273,13.494,7.100775,6.09806097214516,6.29877590543393,874.4,803.025,862.020391904407,798.711094226518,1.08401513576773,0.923711357998188,348.4,376.308333333333,151.602264714834,90.0185733149924,99.6666666666667,104.666666666667,94.5483641463815,100.928805102238,1.04534389287856,0.864136367260635,78,45.1666666666667,33.0790299468141,29.0268075329609,2152.66666666667,2202.66666666667,2129.92562944283,2175.56020636768,1.08833378265837,0.840699489502818,722.0,1246.66666666667,304.369658292164,332.977810405171,61.7,29.9,18.7325597831008,12.2263451211084,0.472512339001072,0.759565137041053,153.9,15.95,67.1465561291121,39.7876865374201,54.5666666666667,40.8166666666667,35.7458958236972,29.6941816991887,0.803057491944628,0.75816797772405,96.3,26.2666666666667,39.4467010309129,27.1350890095381,109.0,80.75,84.5675847847787,56.0419011329698,0.918873488986453,0.872281373626624,133.0,41.6666666666667,58.5548176213253,63.8071639133622,3.0,2.75,2.88449914061482,2.68432891633198,1.06085694715802,0.886941471463143,2,1.41666666666667,0.816496580927726,0.595119035711904,30.0,mg1b1.75c0.25,121,MgB2_type,MgB2,560000,3.6856,2.5,DFT calculated,High
3,15.7089,15.42897,14.6681926084199,14.3124076876733,1.02764762800081,0.903746607113876,13.494,6.90059666666667,6.09806097214516,6.28603953917727,874.4,807.783333333333,862.020391904407,802.783131722137,1.08401513576773,0.95589615911186,348.4,344.876666666667,151.602264714834,97.0171190506546,99.6666666666667,104.333333333333,94.5483641463815,100.490357402299,1.04534389287856,0.887006417329615,78,42.6,33.0790299468141,29.3409081128872,2152.66666666667,2199.33333333333,2129.92562944283,2172.48771183995,1.08833378265837,0.874226504583273,722.0,1168.0,304.369658292164,331.38229014572,61.7,32.02,18.7325597831008,12.5791129239632,0.472512339001072,0.762672005610943,153.9,15.48,67.1465561291121,42.9071276130202,54.5666666666667,41.7333333333333,35.7458958236972,30.0636483727338,0.803057491944628,0.795400678964572,96.3,25.4333333333333,39.4467010309129,28.3324117497179,109.0,82.6333333333333,84.5675847847787,57.6004130149548,0.918873488986453,0.895660843322443,133.0,39.3333333333333,58.5548176213253,63.860516405331,3.0,2.76666666666667,2.88449914061482,2.6972303760346,1.06085694715802,0.921772745899291,2,1.3,0.816496580927726,0.615539510420646,29.2,mg1b1.7c0.3,122,MgB2_type,MgB2,560000,3.6856,10.2,DFT calculated,High
4,64.120475,54.33105,33.9816745291756,30.7542900918034,0.875211608433522,1.0033640413319,164.1558,27.15935,66.8462595894256,57.9799475411327,783.775,778.583333333333,756.842289429778,760.389282929366,1.3522137404704,1.31262207018237,572.7,181.233333333333,204.334876795421,168.019050672502,130.0,126.0,117.168269142722,116.053327313551,1.28599393248644,1.27809215361417,150,38.5,58.6259328283994,51.416599135558,5867.25,5806.16666666667,4698.5704888077,4692.77483761293,1.19392316970841,1.15392888337878,7581.0,2592.66666666667,3523.43776552105,3427.62261714378,87.15,81.7166666666667,71.1419562770795,65.9110196899252,1.21144451427218,1.20616336654875,127.2,29.25,50.2454226770957,48.4608232378371,48.55,43.5666666666667,37.5428819450173,34.5754743532723,1.14323272468563,1.20914692301919,87.8,13.8333333333333,34.9157199553439,30.855451526252,68.5,65.3333333333333,48.4354449484381,48.8101027492021,1.10339391224103,1.12757379314866,124.0,27.6666666666667,50.2419147724288,45.2130757881193,3.0,2.83333333333333,2.91295063024394,2.74945927399721,1.35797785498732,1.35458107521317,2,0.5,0.707106781186548,0.687184270936277,16.7,lu1ni2b2c1,154,borocarbide,borocarbide,165000,1.0859,16.7,dHvA measured,High
3,20.6991795333333,15.4874359066667,19.2106798606408,14.2615652225077,1.03367060781681,0.970569434810198,16.1705386,5.40856409333333,7.07686538809835,6.64230216504625,704.9,768.56,698.323034681193,766.053760021995,1.08951401494566,0.752111912693838,223.0,494.986666666667,93.877828408345,58.0449802595654,116.666666666667,104.533333333333,114.179925171495,101.742663518708,1.07764405545237,0.889388994357594,58,50.1333333333333,23.6971634495683,25.5678617712854,2299.33333333333,2283.46666666667,2260.04046185423,2256.28658664486,1.08216944077673,0.761659397531522,962.0,1460.0,408.836832435087,334.193131121645,24.5666666666667,22.1333333333333,12.3007336465037,13.2847663256494,0.754800338780251,0.47901239448179,42.5,18.4,17.5397326724846,13.0361889454787,23.1333333333333,36.3666666666667,16.6964578285833,28.3015826343113,0.784790777766936,0.33251427675844,41.3,32.62,19.0151401666029,19.2859764826386,140.666666666667,76.3333333333333,100.504121016134,50.1278443426932,0.869607205876281,0.990831394049634,208.0,27.0,86.0090434521601,71.8857117621823,2.66666666666667,2.73333333333333,2.6207413942089,2.69254881490439,1.08219553003877,0.738760099648023,1,1.8,0.471404520791032,0.442216638714053,25.0,mg0.8al0.2b2,123,MgB2_type,MgB2,560000,3.6856,29.1,DFT calculated,High
3,15.7089,15.408975,14.6681926084199,14.287327207864,1.02764762800081,0.881235847883273,13.494,7.100775,6.09806097214516,6.29877590543393,874.4,803.025,862.020391904407,798.711094226518,1.08401513576773,0.923711357998188,348.4,376.308333333333,151.602264714834,90.0185733149924,99.6666666666667,104.666666666667,94.5483641463815,100.928805102238,1.04534389287856,0.864136367260635,78,45.1666666666667,33.0790299468141,29.0268075329609,2152.66666666667,2202.66666666667,2129.92562944283,2175.56020636768,1.08833378265837,0.840699489502818,722.0,1246.66666666667,304.369658292164,332.977810405171,61.7,29.9,18.7325597831008,12.2263451211084,0.472512339001072,0.759565137041053,153.9,15.95,67.1465561291121,39.7876865374201,54.5666666666667,40.8166666666667,35.7458958236972,29.6941816991887,0.803057491944628,0.75816797772405,96.3,26.2666666666667,39.4467010309129,27.1350890095381,109.0,80.75,84.5675847847787,56.0419011329698,0.918873488986453,0.872281373626624,133.0,41.6666666666667,58.5548176213253,63.8071639133622,3.0,2.75,2.88449914061482,2.68432891633198,1.06085694715802,0.886941471463143,2,1.41666666666667,0.816496580927726,0.595119035711904,2.5,mg1b1.75c0.25,121,MgB2_type,MgB2,560000,3.6856,2.5,DFT calculated,High
3,20.6991795333333,15.4874359066667,19.2106798606408,14.2615652225077,1.03367060781681,0.970569434810198,16.1705386,5.40856409333333,7.07686538809835,6.64230216504625,704.9,768.56,698.323034681193,766.053760021995,1.08951401494566,0.752111912693838,223.0,494.986666666667,93.877828408345,58.0449802595654,116.666666666667,104.533333333333,114.179925171495,101.742663518708,1.07764405545237,0.889388994357594,58,50.1333333333333,23.6971634495683,25.5678617712854,2299.33333333333,2283.46666666667,2260.04046185423,2256.28658664486,1.08216944077673,0.761659397531522,962.0,1460.0,408.836832435087,334.193131121645,24.5666666666667,22.1333333333333,12.3007336465037,13.2847663256494,0.754800338780251,0.47901239448179,42.5,18.4,17.5397326724846,13.0361889454787,23.1333333333333,36.3666666666667,16.6964578285833,28.3015826343113,0.784790777766936,0.33251427675844,41.3,32.62,19.0151401666029,19.2859764826386,140.666666666667,76.3333333333333,100.504121016134,50.1278443426932,0.869607205876281,0.990831394049634,208.0,27.0,86.0090434521601,71.8857117621823,2.66666666666667,2.73333333333333,2.6207413942089,2.69254881490439,1.08219553003877,0.738760099648023,1,1.8,0.471404520791032,0.442216638714053,29.0,mg0.8al0.2b2,123,MgB2_type,MgB2,560000,3.6856,29.1,DFT calculated,High
4,64.120475,54.33105,33.9816745291756,30.7542900918034,0.875211608433522,1.0033640413319,164.1558,27.15935,66.8462595894256,57.9799475411327,783.775,778.583333333333,756.842289429778,760.389282929366,1.3522137404704,1.31262207018237,572.7,181.233333333333,204.334876795421,168.019050672502,130.0,126.0,117.168269142722,116.053327313551,1.28599393248644,1.27809215361417,150,38.5,58.6259328283994,51.416599135558,5867.25,5806.16666666667,4698.5704888077,4692.77483761293,1.19392316970841,1.15392888337878,7581.0,2592.66666666667,3523.43776552105,3427.62261714378,87.15,81.7166666666667,71.1419562770795,65.9110196899252,1.21144451427218,1.20616336654875,127.2,29.25,50.2454226770957,48.4608232378371,48.55,43.5666666666667,37.5428819450173,34.5754743532723,1.14323272468563,1.20914692301919,87.8,13.8333333333333,34.9157199553439,30.855451526252,68.5,65.3333333333333,48.4354449484381,48.8101027492021,1.10339391224103,1.12757379314866,124.0,27.6666666666667,50.2419147724288,45.2130757881193,3.0,2.83333333333333,2.91295063024394,2.74945927399721,1.35797785498732,1.35458107521317,2,0.5,0.707106781186548,0.687184270936277,16.5,lu1ni2b2c1,154,borocarbide,borocarbide,165000,1.0859,16.7,dHvA measured,High
1,32.065,32.065,32.065,32.065,0.0,0.0,0.0,0.0,0.0,0.0,999.0,999.0,999.0,999.0,0.0,0.0,0.0,0.0,0.0,0.0,87.0,87.0,87.0,87.0,0.0,0.0,0,0.0,0.0,0.0,1960.0,1960.0,1960.0,1960.0,0.0,0.0,0.0,0.0,0.0,0.0,201.5,201.5,201.5,201.5,0.0,0.0,0.0,0.0,0.0,0.0,1.73,1.73,1.73,1.73,0.0,0.0,0.0,0.0,0.0,0.0,0.205,0.205,0.205,0.205,0.0,0.0,0.0,0.0,0.0,0.0,6.0,6.0,6.0,6.0,0.0,0.0,0,0.0,0.0,0.0,14.0,s1,159,chalcogenide,chalcogenide,95000,0.6252,14.0,DFT estimated,Medium
2,17.558,15.309,16.2099153298221,14.1625825206729,0.617382033211245,0.691439830850295,13.494,0.894333333333334,6.747,6.36113260355418,768.75,779.233333333333,768.106411898768,778.658644365361,0.692310109639013,0.623349853826967,62.9000000000001,287.7,31.45,29.6513443577559,116.0,106.333333333333,112.316517040015,103.149905830212,0.661563238157982,0.689009238476659,58,9.66666666666667,29.0,27.3414622058798,2099.0,2219.33333333333,2067.72338575545,2190.9879823189,0.678283686496967,0.574141240874938,722.0,1060.66666666667,361.0,340.354064011125,14.85,19.3,6.50384501660364,10.6054676906229,0.199999657250238,0.120212061577419,26.7,18.3,13.35,12.5865007051205,29.35,36.2333333333333,20.8566536146142,27.9138508582921,0.419593720110814,0.278859237346522,41.3,30.4333333333333,20.65,19.4690067086696,93.5,71.3333333333333,65.7267069006199,48.8595170987083,0.412844414611115,0.564887468517725,133.0,35.3333333333333,66.5,62.6968012652072,2.5,2.66666666666667,2.44948974278318,2.6207413942089,0.673011667009257,0.562335144618808,1,1.33333333333333,0.5,0.471404520791032,36.5,b2mg1,127,MgB2_type,MgB2,560000,3.6856,40.0,DFT calculated,High
3,15.7089,15.3393924,14.6681926084199,14.2003892412758,1.02764762800081,0.773836179671779,13.494,7.7973956,6.09806097214516,6.34240774737026,874.4,786.466,862.020391904407,784.700739756789,1.08401513576773,0.759314714657174,348.4,485.690533333333,151.602264714834,56.5252767411772,99.6666666666667,105.826666666667,94.5483641463815,102.469569058226,1.04534389287856,0.761694620078244,78,54.0986666666667,33.0790299468141,27.87513746852,2152.66666666667,2214.26666666667,2129.92562944283,2186.28639983044,1.08833378265837,0.686828201268016,722.0,1520.42666666667,304.369658292164,338.21560513311,61.7,22.5224,18.7325597831008,11.0740617331196,0.472512339001072,0.565572305131267,153.9,17.5856,67.1465561291121,24.8049216535751,54.5666666666667,37.6266666666667,35.7458958236972,28.443474252149,0.803057491944628,0.52110398353034,96.3,29.4066666666667,39.4467010309129,22.1832659653372,109.0,74.196,84.5675847847787,50.9397174687047,0.918873488986453,0.722255126082738,133.0,49.7866666666667,58.5548176213253,63.1850635092398,3.0,2.692,2.88449914061482,2.63991098415724,1.06085694715802,0.709162082709295,2,1.82266666666667,0.816496580927726,0.513617237509282,36.2,mg1b1.924c0.076,125,MgB2_type,MgB2,560000,3.6856,36.2,DFT calculated,High
2,17.558,15.309,16.2099153298221,14.1625825206729,0.617382033211245,0.691439830850295,13.494,0.894333333333334,6.747,6.36113260355418,768.75,779.233333333333,768.106411898768,778.658644365361,0.692310109639013,0.623349853826967,62.9000000000001,287.7,31.45,29.6513443577559,116.0,106.333333333333,112.316517040015,103.149905830212,0.661563238157982,0.689009238476659,58,9.66666666666667,29.0,27.3414622058798,2099.0,2219.33333333333,2067.72338575545,2190.9879823189,0.678283686496967,0.574141240874938,722.0,1060.66666666667,361.0,340.354064011125,14.85,19.3,6.50384501660364,10.6054676906229,0.199999657250238,0.120212061577419,26.7,18.3,13.35,12.5865007051205,29.35,36.2333333333333,20.8566536146142,27.9138508582921,0.419593720110814,0.278859237346522,41.3,30.4333333333333,20.65,19.4690067086696,93.5,71.3333333333333,65.7267069006199,48.8595170987083,0.412844414611115,0.564887468517725,133.0,35.3333333333333,66.5,62.6968012652072,2.5,2.66666666666667,2.44948974278318,2.6207413942089,0.673011667009257,0.562335144618808,1,1.33333333333333,0.5,0.471404520791032,40.36,b2mg1,127,MgB2_type,MgB2,560000,3.6856,40.0,DFT calculated,High
2,17.558,15.309,16.2099153298221,14.1625825206729,0.617382033211245,0.691439830850295,13.494,0.894333333333334,6.747,6.36113260355418,768.75,779.233333333333,768.106411898768,778.658644365361,0.692310109639013,0.623349853826967,62.9000000000001,287.7,31.45,29.6513443577559,116.0,106.333333333333,112.316517040015,103.149905830212,0.661563238157982,0.689009238476659,58,9.66666666666667,29.0,27.3414622058798,2099.0,2219.33333333333,2067.72338575545,2190.9879823189,0.678283686496967,0.574141240874938,722.0,1060.66666666667,361.0,340.354064011125,14.85,19.3,6.50384501660364,10.6054676906229,0.199999657250238,0.120212061577419,26.7,18.3,13.35,12.5865007051205,29.35,36.2333333333333,20.8566536146142,27.9138508582921,0.419593720110814,0.278859237346522,41.3,30.4333333333333,20.65,19.4690067086696,93.5,71.3333333333333,65.7267069006199,48.8595170987083,0.412844414611115,0.564887468517725,133.0,35.3333333333333,66.5,62.6968012652072,2.5,2.66666666666667,2.44948974278318,2.6207413942089,0.673011667009257,0.562335144618808,1,1.33333333333333,0.5,0.471404520791032,39.36,b2mg1,127,MgB2_type,MgB2,560000,3.6856,40.0,DFT calculated,High
3,100.039731666667,88.8032503333333,94.1506510804691,81.536748077102,1.04178211149962,0.900273346665675,81.182805,39.9673333333333,33.1507470659512,37.7230666742973,669.5,682.246666666667,662.543141877293,674.150319563223,1.08853635677514,0.807006201057771,218.0,407.506666666667,93.5573977121353,101.192528490112,171.666666666667,164.733333333333,171.05867598697,164.005367763422,1.09513167977031,0.884661308592965,33,79.3333333333333,14.1970262926979,15.6821200380844,9319.66666666667,8394.33333333333,9030.39957728655,8271.40048990678,1.0673533246844,0.867827066020876,5681.0,4515.33333333333,2338.16599543792,1475.30840466964,73.1666666666667,63.14,70.1481108854215,62.1274947644151,1.0559893406703,0.891729559569571,51.3,32.2666666666667,21.687528418169,12.3519391190209,15.8,13.2666666666667,13.1806534768865,11.6544588677444,0.948746382215111,0.765742432190195,20.2,8.00666666666667,8.25146451647625,5.96452475521357,77.0,71.6666666666667,50.9164336965949,48.5001384240965,0.847643356697392,0.54560373468873,109.0,56.3333333333333,47.377913278939,43.1766397745612,4.66666666666667,4.13333333333333,4.57885697021333,4.10959863625487,1.07899220787758,0.906620125837541,2,2.0,0.942809041582063,0.498887651569859,0.35,ce1ru0.2co1.8,162,heavy_fermion_Ce,heavy-fermion,7595,0.05,0.35,Specific heat / transport,Medium
3,63.2036395333333,79.9513402155,55.9108513277198,73.7592264617986,0.994883932658114,0.471595744061139,65.9248414,65.1603772845,27.3056492820874,24.5861207826911,606.5,642.12375,605.195087420537,640.994575579735,1.09642827438097,0.675787676604432,86.4,449.95725,40.3804408098772,37.1996278333198,150.666666666667,179.485,147.015131026123,176.017597474788,1.07355226340619,0.573045806794041,80,137.28,34.2669260690571,32.3469438278178,5724.66666666667,7366.83,5150.27372787078,6848.70753629341,1.00481769697131,0.46991613317561,5870.0,5975.25,2399.77017418104,2215.9165307159,54.0,75.578,48.9339328965203,71.5308644604222,1.00044192407261,0.461765332909304,57.2,63.192,24.3989070793482,21.0667775419023,14.3633333333333,22.353425,11.7033482028764,20.192233161721,0.90622312070595,0.377945569519651,21.21,19.638825,9.03810575040786,7.79483380319138,106.0,82.255,71.6616065173146,65.6291865888294,0.74299693810107,0.804439393773897,206.0,38.1075,91.7859829530995,68.8526323026215,3.66666666666667,4.5,3.55689330449006,4.40055868396697,1.06708951878208,0.556257648151672,2,3.5025,0.942809041582063,0.866025403784439,18.7,nb3al0.67ga0.33,135,conventional_A15,conventional,850000,5.5943,18.7,dHvA / band structure,High
2,135.69819,135.69819,128.77445308057,128.77445308057,0.642567083285836,0.642567083285836,85.58362,42.79181,42.79181,42.79181,619.4,619.4,617.820944934696,617.820944934696,0.690598934744267,0.690598934744267,88.4,44.2,44.2,44.2,203.0,203.0,202.938414303453,202.938414303453,0.692843818085988,0.692843818085988,10,5.0,5.0,5.0,10940.0,10940.0,10680.2013089642,10680.2013089642,0.669494479573777,0.669494479573777,4740.0,2370.0,2370.0,2370.0,44.55,44.55,11.4629839047257,11.4629839047257,0.0854516680131078,0.0854516680131078,86.1,43.05,43.05,43.05,26.15,26.15,26.1419203579232,26.1419203579232,0.692838223544257,0.692838223544257,1.3,0.65,0.65,0.65,38.5,38.5,35.2420203734122,35.2420203734122,0.609759896128473,0.609759896128473,31.0,15.5,15.5,15.5,4.5,4.5,4.47213595499958,4.47213595499958,0.686961576597323,0.686961576597323,1,0.5,0.5,0.5,8.31,hf0.5nb0.5,140,conventional_NbTi,conventional,760000,5.0019,9.5,Transport / band structure,High
2,116.764,115.12936,116.747782762672,115.124607848975,0.693008294756889,0.284804466185892,3.892,96.13576,1.946,1.05587313177294,633.1,570.016,628.629938835242,568.742832828211,0.686094920180322,0.323748752939315,150.2,456.704,75.1,40.7482385386166,150.5,155.12,150.399468084166,155.090098093193,0.692479268795683,0.265833456630478,11,131.92,5.5,2.98422519257512,7310.0,7310.0,7310.0,7310.0,0.693147180559945,0.278769371768587,0.0,6140.4,0.0,9.09494701772928e-13,69.6,36.672,57.5110424179566,33.6646426309448,0.524863698469094,0.548002870786509,78.4,19.264,39.2,21.2693868270808,5.13,3.5592,4.77702836499847,3.46551701320999,0.625153258814604,0.435230415729998,3.74,2.4392,1.87,1.01463656547554,74.5,80.8,74.1215218408257,80.6853576484379,0.688071247053758,0.244058174169419,15.0,70.08,7.5,4.06939798987516,3.5,3.08,3.46410161513775,3.06984433304275,0.682908104700472,0.333560212104988,1,2.44,0.5,0.271293199325011,4.25,in0.92sn0.08,146,conventional_simple_metal,conventional,1800000,11.8467,4.25,Free-electron model,Medium
3,49.5833333333333,47.309375,46.3777830573364,45.937677222851,1.03690051157318,0.617766303938952,41.6375,34.719975,17.0255457882821,10.4366782213919,671.6,673.71,666.221634294832,671.339665521687,1.09050987678544,0.708777301236448,207.3,458.64,85.9845334929486,58.2342502312857,139.333333333333,157.25,137.17848404763,155.056017045938,1.08308099001823,0.578471249122934,60,121.45,24.6080384337223,24.3349029174147,4781.33333333333,5343.7,4380.40729308133,5029.90067687238,1.02412052025323,0.504503599024834,3780.0,4287.3,1735.39339120046,1507.50990378173,72.5333333333333,67.615,59.8120772168007,61.3624994845035,0.913165827844756,0.768755495263079,104.7,37.555,45.1195695408938,34.0680095544192,26.1966666666667,27.4195,18.5645085720054,24.8864224512683,0.83333253237542,0.709092383138717,44.61,16.8205,18.3696494855569,11.9842156501792,70.0,54.7,51.280271626275,42.3505858139998,0.796152880607537,0.789317403642424,121.0,28.55,56.5744347445617,47.6519674305269,4.0,4.7,3.91486764116886,4.6611766719922,1.0775563270668,0.591498346769322,2,3.6,0.816496580927726,0.556776436283002,12.33,v75si20ga5,130,conventional_A15,conventional,850000,5.5943,12.33,dHvA / band structure,High
3,51.5511666666667,49.366728,51.4474765489396,49.3282572621058,1.0965911652569,0.832210472888615,7.978,25.337592,3.28541129676162,1.98154853132998,689.0,658.8952,687.265181715371,658.594973893719,1.09605417369297,0.827706392789132,109.0,348.5288,49.6677628514378,20.7854635974279,167.666666666667,173.28,167.447162364418,173.225086545922,1.09731544163135,0.801037484915372,20,95.136,8.49836585598797,4.26633332031148,6163.66666666667,5257.232,6007.69753691263,5179.96558786194,1.07351931986126,0.877139008138931,3367.0,2281.072,1375.09571384039,936.669291786594,26.1333333333333,25.936,20.128087922969,18.2429331041254,0.85432861619422,0.619670163636452,43.0,19.3184,18.6566044308413,20.7168893417907,18.4333333333333,20.0784,18.0531024457733,19.9353061721682,1.07834331200133,0.79481235959791,9.0,10.2192,3.6790699307781,2.34850025335319,44.0,27.736,37.7691451504038,26.4133470839367,0.946113152451392,0.968399915318197,57.0,9.512,25.0199920063936,11.3208791178071,4.0,4.344,3.91486764116886,4.30800190686052,1.0775563270668,0.796360309072493,2,2.184,0.816496580927726,0.552868881381472,6.08,ti0.576v0.384fe0.04,118,iron_other,iron-based,121500,0.7997,6.08,Estimated (family canonical),Medium
2,159.60065,189.157199,153.189039227355,185.298278286303,0.653247724999626,0.332035295996658,89.5653,150.119079,44.78265,33.6436643698795,573.45,583.647,573.241833783963,583.528811337207,0.692784195783734,0.443841071652798,30.9,393.927,15.45,11.6070535020736,156.0,156.0,156.0,156.0,0.693147180559945,0.455886213027358,0,102.96,0.0,0.0,9580.0,11078.2,9307.17465184791,10915.7149191278,0.664805275568057,0.351039220819285,4540.0,8592.8,2270.0,1705.37290936616,25.55,22.349,25.0854539524403,22.0975383326174,0.675020839844756,0.540771238494271,9.7,12.013,4.85,3.64363815437263,3.73,4.0402,3.70027026039991,4.02294322073154,0.685187362855154,0.399795389831382,0.94,2.9318,0.47,0.353094831454668,64.0,52.12,61.4166101311364,50.7501529200784,0.653057744277687,0.580715806114362,36.0,24.24,18.0,13.5227807791149,3.0,3.0,3.0,3.0,0.693147180559945,0.455886213027358,0,1.98,0.0,0.0,3.45,in0.17tl0.83,150,conventional_simple_metal,conventional,1800000,11.8467,3.45,Free-electron model,Medium
2,142.56169,129.6513094,133.63452265212,121.582663547341,0.631197899839171,0.68842544306017,99.31062,12.5892706,49.65531,47.9475951843181,765.85,739.265,758.993517758881,732.945744285059,0.684207812936692,0.684537105246807,204.5,96.871,102.25,98.7334810234097,189.0,191.34,188.785592670627,191.139258441105,0.692012964831874,0.646244638431541,18,58.14,9.0,8.69047754729278,15565.0,13746.3,13904.6467053284,12260.6468410433,0.588456604651569,0.669969943463157,13990.0,2948.1,6995.0,6754.43227147923,120.05,111.613,115.581140330073,107.544307908515,0.656156643098144,0.693085763541157,64.9,1.237,32.45,31.3339996010723,26.4,26.504,26.3969695230343,26.5011706689582,0.693032391962044,0.655104577040901,0.800000000000001,7.264,0.4,0.386243446546346,102.0,89.52,90.0,78.806462754443,0.577921794682897,0.664077249656046,96.0,21.48,48.0,46.3492135855615,5.5,5.37,5.47722557505166,5.34893185898144,0.689009238476659,0.678074891518696,1,0.93,0.5,0.482804308182932,2.23,ir0.37nb0.63,137,conventional_NbTi,conventional,760000,5.0019,2.23,Transport / band structure,High
2,17.558,15.309,16.2099153298221,14.1625825206729,0.617382033211245,0.691439830850295,13.494,0.894333333333334,6.747,6.36113260355418,768.75,779.233333333333,768.106411898768,778.658644365361,0.692310109639013,0.623349853826967,62.9000000000001,287.7,31.45,29.6513443577559,116.0,106.333333333333,112.316517040015,103.149905830212,0.661563238157982,0.689009238476659,58,9.66666666666667,29.0,27.3414622058798,2099.0,2219.33333333333,2067.72338575545,2190.9879823189,0.678283686496967,0.574141240874938,722.0,1060.66666666667,361.0,340.354064011125,14.85,19.3,6.50384501660364,10.6054676906229,0.199999657250238,0.120212061577419,26.7,18.3,13.35,12.5865007051205,29.35,36.2333333333333,20.8566536146142,27.9138508582921,0.419593720110814,0.278859237346522,41.3,30.4333333333333,20.65,19.4690067086696,93.5,71.3333333333333,65.7267069006199,48.8595170987083,0.412844414611115,0.564887468517725,133.0,35.3333333333333,66.5,62.6968012652072,2.5,2.66666666666667,2.44948974278318,2.6207413942089,0.673011667009257,0.562335144618808,1,1.33333333333333,0.5,0.471404520791032,37.9,b2mg1,127,MgB2_type,MgB2,560000,3.6856,40.0,DFT calculated,High
3,130.854753333333,112.56351,125.900884424143,109.164687098117,1.05972409527662,1.04248488927435,88.0415,28.601646,36.9544558044821,30.7042309751718,710.633333333333,689.225,709.541296884419,688.356498699022,1.09707412964132,0.963765033006194,96.5,284.145,39.4335164830912,35.1779316475543,181.0,185.05,179.069269820711,183.440664137361,1.0883307968435,0.898824447564261,55,88.8,25.4689353265241,23.1332552832497,10843.3333333333,9467.0,10141.5455494586,9098.71314121922,1.02969877174369,1.00057917237547,9340.0,3314.5,4138.02959014177,3063.53570241967,76.3,84.635,67.6610584732495,79.6970399949793,0.998271022029487,0.825061880356366,76.3,47.685,32.1578398942881,23.6425522099455,23.2666666666667,23.23,18.9021749407705,20.0263020195245,0.939656596970939,0.788608201570117,29.0,14.33,12.0999540862306,9.89752999490277,59.3333333333333,57.7,59.0809957190837,57.456105459307,1.09429216669526,0.966033322666289,13.0,23.85,5.55777733351102,5.46900356555013,4.66666666666667,4.75,4.64158883361278,4.72870804501588,1.09337471755665,0.909707710327499,1,2.25,0.471404520791032,0.433012701892219,17.3,nb2.4ta0.6sn1,132,conventional_A15,conventional,850000,5.5943,17.3,dHvA / band structure,High
2,84.82575,53.65224,77.764165687031,52.6948717553343,0.611094116175435,0.299061248206928,67.7685,44.15544,33.88425,13.2798596507041,679.15,652.424,678.528422396586,652.329766502589,0.692232091471516,0.178663599705622,58.1,595.768,29.05,11.3852283244562,158.0,169.96,157.464281664129,169.875593114174,0.689758476837108,0.14880313209272,26,158.36,13.0,5.09493866498901,6710.0,6158.0,6683.12052861536,6153.98249993682,0.689143976897549,0.191036162561158,1200.0,5573.2,600.0,235.151015307185,80.45,54.368,75.2893086699566,53.6573685345717,0.629703333579089,0.278884358335339,56.7,45.664,28.35,11.1108854732645,14.9,22.168,12.633289357883,21.7481026769112,0.545128820917929,0.0677677971937442,15.8,21.608,7.9,3.09615503487794,49.0,32.44,45.5741154604234,31.9705581374398,0.624069429300835,0.285107837820696,36.0,27.08,18.0,7.05453045921555,4.5,4.96,4.47213595499958,4.9555698706486,0.686961576597323,0.142505867392738,1,4.64,0.5,0.195959179422654,1.86,sn0.04v0.96,145,conventional_simple_metal,conventional,1800000,11.8467,1.86,Free-electron model,Medium
3,15.7089,15.42897,14.6681926084199,14.3124076876733,1.02764762800081,0.903746607113876,13.494,6.90059666666667,6.09806097214516,6.28603953917727,874.4,807.783333333333,862.020391904407,802.783131722137,1.08401513576773,0.95589615911186,348.4,344.876666666667,151.602264714834,97.0171190506546,99.6666666666667,104.333333333333,94.5483641463815,100.490357402299,1.04534389287856,0.887006417329615,78,42.6,33.0790299468141,29.3409081128872,2152.66666666667,2199.33333333333,2129.92562944283,2172.48771183995,1.08833378265837,0.874226504583273,722.0,1168.0,304.369658292164,331.38229014572,61.7,32.02,18.7325597831008,12.5791129239632,0.472512339001072,0.762672005610943,153.9,15.48,67.1465561291121,42.9071276130202,54.5666666666667,41.7333333333333,35.7458958236972,30.0636483727338,0.803057491944628,0.795400678964572,96.3,25.4333333333333,39.4467010309129,28.3324117497179,109.0,82.6333333333333,84.5675847847787,57.6004130149548,0.918873488986453,0.895660843322443,133.0,39.3333333333333,58.5548176213253,63.860516405331,3.0,2.76666666666667,2.88449914061482,2.6972303760346,1.06085694715802,0.921772745899291,2,1.3,0.816496580927726,0.615539510420646,10.2,mg1b1.7c0.3,122,MgB2_type,MgB2,560000,3.6856,10.2,DFT calculated,High
3,15.7089,15.42897,14.6681926084199,14.3124076876733,1.02764762800081,0.903746607113876,13.494,6.90059666666667,6.09806097214516,6.28603953917727,874.4,807.783333333333,862.020391904407,802.783131722137,1.08401513576773,0.95589615911186,348.4,344.876666666667,151.602264714834,97.0171190506546,99.6666666666667,104.333333333333,94.5483641463815,100.490357402299,1.04534389287856,0.887006417329615,78,42.6,33.0790299468141,29.3409081128872,2152.66666666667,2199.33333333333,2129.92562944283,2172.48771183995,1.08833378265837,0.874226504583273,722.0,1168.0,304.369658292164,331.38229014572,61.7,32.02,18.7325597831008,12.5791129239632,0.472512339001072,0.762672005610943,153.9,15.48,67.1465561291121,42.9071276130202,54.5666666666667,41.7333333333333,35.7458958236972,30.0636483727338,0.803057491944628,0.795400678964572,96.3,25.4333333333333,39.4467010309129,28.3324117497179,109.0,82.6333333333333,84.5675847847787,57.6004130149548,0.918873488986453,0.895660843322443,133.0,39.3333333333333,58.5548176213253,63.860516405331,3.0,2.76666666666667,2.88449914061482,2.6972303760346,1.06085694715802,0.921772745899291,2,1.3,0.816496580927726,0.615539510420646,34.27,mg1b1.7c0.3,122,MgB2_type,MgB2,560000,3.6856,10.2,DFT calculated,High
3,86.2991,65.78961,64.9841388343543,49.7653999076525,0.836621256214373,1.01375868965833,146.8813,20.95061,63.713516240172,55.8963352924045,686.033333333333,723.33,673.92717281719,714.207560843491,1.08177984360802,0.972338045687426,273.0,290.4,122.844897691719,105.808100351533,161.333333333333,145.7,155.466123726079,140.569407947881,1.06230574309085,1.09318642361572,106,12.1,43.4383343245213,40.6276999102829,6681.66666666667,5495.4,5651.93104140329,4478.62221543402,0.96648042123719,1.05952552696123,7511.0,1197.2,3180.1492976833,3237.90794186617,67.9333333333333,83.01,49.2792029645294,60.0271403529167,0.828785028091813,0.599330283505949,117.9,62.39,49.5152726158528,53.4279599086471,28.6666666666667,33.64,24.7933471575438,28.8934978428896,0.956587820835388,0.742388739986737,36.4,20.96,15.5900253010984,16.8018570402203,81.6666666666667,101.9,57.4485993079198,79.0965886853516,0.843531296197096,0.6734968494775,134.0,71.8,54.7377586517956,52.8194093113507,3.33333333333333,3.5,3.30192724889463,3.46410161513775,1.08889997534522,0.971341676275867,1,1.4,0.471404520791032,0.5,6.0,lu2fe3si5,120,iron_other,iron-based,121500,0.7997,6.25,Estimated (family canonical),Medium
2,100.115,101.008936499742,96.2683125436402,97.15458427424,0.65497439297299,0.646092551485519,54.97,30.7411925658234,27.485,27.4704587244995,814.5,816.272586473929,812.674596625242,814.447788788703,0.690906884753849,0.688216687841841,109.0,80.9912235415591,54.5,54.4711661082489,124.0,123.967475477543,123.995967676372,123.96344777165,0.69311466199726,0.692847847746787,2,3.03304078471864,1.0,0.999470937766035,5781.5,5796.41249354672,5763.29072665955,5778.2068035966,0.689999260003159,0.686913463906073,917.0,646.540526587507,458.5,458.257424965727,156.1,157.257872999484,151.986348071134,153.138229604776,0.666911488725015,0.659310030018694,71.2,40.6770779556014,35.6,35.5811653844708,24.65,24.4174496644295,23.5902522241709,23.3622319512964,0.650468839031106,0.658958583828725,14.3,6.34827052142488,7.15,7.14621720502715,31.5,30.5730511099639,13.4164078649987,12.7784613255761,0.191444081957717,0.200449790468123,57.0,27.4754775425916,28.5,28.484921726332,5.0,5.03252452245741,4.89897948556636,4.93138900930629,0.673011667009257,0.666219066718003,2,1.16262261228704,1.0,0.999470937766035,0.311,ge0.937te1,160,chalcogenide,chalcogenide,95000,0.6252,0.311,DFT estimated,Medium
2,111.9740538,173.168664744,72.9003503721557,149.116913796336,0.367882670058675,0.10501542520368,169.9850304,165.613833936,84.9925152,58.9826010907853,733.25,845.606,716.452343146423,837.080483583183,0.670326958283165,0.315221327312766,312.1,683.99,156.05,108.294652518026,146.0,166.16,143.289915904784,164.791889942368,0.674642816822129,0.323811655233043,56,133.12,28.0,19.4312737616452,11000.0,16976.0,7218.72564930958,14654.4732580882,0.372323901621635,0.106734337255554,16600.0,16220.0,8300.0,5759.98472220196,134.15,199.058,99.3438473182915,178.565087116178,0.446236379396835,0.138014489667717,180.3,186.738,90.15,62.5617617718683,11.6,12.248,11.5650335062204,12.2308415533794,0.690134343863674,0.371493869366215,1.8,9.252,0.9,0.624576656624309,277.5,308.1,274.226184016042,306.463305867064,0.681372952525021,0.339737196163592,85.0,242.3,42.5,29.4938976739257,4.0,4.72,3.87298334620742,4.65490882982162,0.661563238157982,0.300178638755952,2,3.88,1.0,0.693974062915899,0.385,al0.14au0.86,144,conventional_simple_metal,conventional,1800000,11.8467,0.385,Free-electron model,Medium
2,60.33225,55.599312,59.5969311667975,55.0649443076534,0.680984235304176,0.619897273945307,18.7815,21.016704,9.39075,8.11082507829235,614.4,632.3928,613.361940456041,631.61080149358,0.691458106605955,0.535556999269396,71.4,345.3576,35.7,30.834220407852,153.5,162.32,152.499180325666,161.558839269456,0.686634286277562,0.5110099291331,35,94.864,17.5,15.1148139254177,6007.0,6058.912,6006.11688197956,6058.25130606951,0.693000169342935,0.552984952025353,206.0,3130.528,103.0,88.961476246744,41.25,46.7184,39.7974873578722,45.5842293153413,0.658144364539535,0.441943567689673,21.7,31.64,10.85,9.37118463375896,14.195,18.53192,11.2894641148285,16.0888548391122,0.49607520806288,0.265899680691605,17.21,15.75928,8.605,7.43216993304109,30.0,30.504,29.9833287011299,30.4914935163358,0.692591522077979,0.546157618762758,2.0,16.12,1.0,0.86370365288101,4.0,4.504,3.87298334620742,4.40505681760695,0.661563238157982,0.448171067972405,2,3.016,1.0,0.86370365288101,15.1,ga24.8v75.2,131,conventional_A15,conventional,850000,5.5943,15.1,dHvA / band structure,High
3,131.5565,123.7007,128.342110910142,122.076399554629,1.07334620713283,0.920447480922702,70.1485,56.5804,30.0441612158946,21.6342300061731,676.9,694.68,674.789025753176,693.513797881667,1.09555159547942,0.864242629645283,116.5,369.88,52.458427985088,38.7660108858263,180.0,162.15,177.251135736199,160.122133553874,1.08316132979027,0.970061986311911,77,60.95,31.8224239596337,27.4231198079285,8776.66666666667,8227.0,8424.6273436826,8002.30261708933,1.05631831775666,0.93296974769908,5880.0,3766.0,2614.94848047826,2127.24493183084,90.5,100.685,85.4109666768141,97.6789143011853,1.04738668914166,0.778686707237173,59.7,62.995,27.5945646821978,20.683139872853,12.1333333333333,10.045,10.5361715455227,8.90387965747401,0.954007136470618,0.970007852614519,14.7,3.395,6.77068845998856,5.8326216232497,85.3333333333333,79.4,73.1830024136365,72.5816045117076,0.950690710836245,0.889317351290988,111.0,37.7,47.1333804808817,36.6284042786469,4.33333333333333,4.25,4.16016764610381,4.15467859644964,1.05790542470367,0.895439650718424,3,2.15,1.24721912892465,0.942072184070839,8.6,yb3rh4sn13,169,heavy_fermion_Yb,heavy-fermion,5000,0.0329,8.6,Estimated (heavy mass),Low
2,113.2891,110.307605,113.159330247223,110.217879979325,0.692001925043157,0.553532753291238,10.8418,56.888105,5.4209,4.52734407516979,719.35,725.4825,719.263581727867,725.422051589535,0.693027049133301,0.526451985181841,22.3,406.7925,11.15,9.31208589683319,155.0,160.5,154.67708298258,160.27207411751,0.691064568948292,0.504903730449488,20,95.25,10.0,8.35164654424503,8900.0,9774.5,8756.82019913622,9671.24561971017,0.677102977395792,0.453131607298111,3180.0,6485.0,1590.0,1327.91180053496,117.95,122.9825,117.5945576972,122.731008566999,0.690135196105309,0.499086394225232,18.3,74.0225,9.15,7.6417565879842,9.15,10.3325,8.89381807774367,10.1457195362191,0.665281286950986,0.426903940939579,4.3,7.1825,2.15,1.79560400701268,248.5,348.325,169.735087710232,283.012021657422,0.395426957213598,0.178227109463961,363.0,318.175,181.5,151.582384778047,2.5,1.675,2.0,1.3660402567544,0.500402423538188,0.690360005607988,3,0.125,1.5,1.25274698163675,0.09,ag0.775sn0.225,148,conventional_simple_metal,conventional,1800000,11.8467,0.09,Free-electron model,Medium
3,107.0772,122.634403654822,104.307372963949,122.412391022343,1.07413592104649,0.72844282445697,52.6784,62.5099110659898,23.0252757279184,6.72659927466289,841.133333333333,790.686497461929,835.063588669716,786.461132635701,1.09153159406949,0.749271372007853,238.0,420.845482233503,99.1410218941797,81.6394141301178,127.333333333333,133.731979695431,126.68523119714,133.267390013878,1.09345282986636,0.737314719305692,31,70.1228426395939,13.0213499897497,11.1374997713557,6425.66666666667,6761.12385786802,6392.58311370541,6739.24995894701,1.09340464516145,0.737312997634514,1583.0,3535.38375634518,659.457521165861,543.232321587739,126.666666666667,149.628223350254,118.360296829013,143.624890813211,1.03055647976785,0.685975013794615,112.2,94.2810152284264,47.515775158245,41.8859003134332,17.4,12.4438578680203,15.0269884494874,11.2027672305619,0.972064021610679,0.698284845396526,20.7,8.37847715736041,8.45103543951864,5.46651879686224,40.0,35.0375634517766,21.5801944654298,14.2880124581391,0.78239680414366,0.256905439714841,64.0,32.4314720812183,27.0678160675491,31.8602533942763,5.0,5.00406091370558,4.93242414866094,4.90413209601287,1.08518861296765,0.725963619930478,2,2.92284263959391,0.816496580927726,0.994392274854104,0.0332,sn0.97as0.022te0.978,161,chalcogenide,chalcogenide,95000,0.6252,0.0332,DFT estimated,Medium
3,20.6991795333333,15.4874359066667,19.2106798606408,14.2615652225077,1.03367060781681,0.970569434810198,16.1705386,5.40856409333333,7.07686538809835,6.64230216504625,704.9,768.56,698.323034681193,766.053760021995,1.08951401494566,0.752111912693838,223.0,494.986666666667,93.877828408345,58.0449802595654,116.666666666667,104.533333333333,114.179925171495,101.742663518708,1.07764405545237,0.889388994357594,58,50.1333333333333,23.6971634495683,25.5678617712854,2299.33333333333,2283.46666666667,2260.04046185423,2256.28658664486,1.08216944077673,0.761659397531522,962.0,1460.0,408.836832435087,334.193131121645,24.5666666666667,22.1333333333333,12.3007336465037,13.2847663256494,0.754800338780251,0.47901239448179,42.5,18.4,17.5397326724846,13.0361889454787,23.1333333333333,36.3666666666667,16.6964578285833,28.3015826343113,0.784790777766936,0.33251427675844,41.3,32.62,19.0151401666029,19.2859764826386,140.666666666667,76.3333333333333,100.504121016134,50.1278443426932,0.869607205876281,0.990831394049634,208.0,27.0,86.0090434521601,71.8857117621823,2.66666666666667,2.73333333333333,2.6207413942089,2.69254881490439,1.08219553003877,0.738760099648023,1,1.8,0.471404520791032,0.442216638714053,23.5,mg0.8al0.2b2,123,MgB2_type,MgB2,560000,3.6856,29.1,DFT calculated,High
4,90.1422625,58.4628789285714,66.9350441753246,36.2720549072903,1.1786487477301,1.01913418487134,124.90825,34.2373932142857,53.101375326838,54.5281324904717,781.2,1007.51785714286,726.276975830068,933.241464598721,1.30963661341067,0.781677838067417,786.5,738.769285714286,319.052668065948,359.181808374028,156.25,117.385714285714,133.542493259005,89.2100968068677,1.26330558899854,1.08656171415207,199,61.3142857142857,72.2958332132634,86.0112605347434,5572.60725,3179.00942857143,868.395128395836,55.6316218883793,1.08892790263583,0.836141109574179,8958.571,1754.04057142857,3350.30285164755,3738.1444917717,91.35,113.271428571429,82.046890506221,103.94732073931,1.28520320008435,0.822660771041162,91.0,80.325,40.6431728584273,39.8077420426054,6.4305,3.93971428571429,3.24122375040231,1.05598644860201,1.06747319560728,0.925773552258418,12.878,1.75357142857143,4.58568323698879,4.71734936815416,106.006645,60.8294742857143,6.24435738721919,0.614021288835698,0.257209773933062,0.244639046719328,399.97342,57.1276685714286,169.808985016895,138.579130686535,3.0,2.57142857142857,2.82842712474619,2.43802730840895,1.32966134885476,1.08335601779317,2,1.05714285714286,1.0,0.903507902905251,21.3,pr1.85ce0.15cu1o4,76,cuprate_electron_doped,cuprate,230000,1.5137,23.2,ARPES measured,High
4,76.4445625,51.2456653846154,59.3566724745425,34.93526616493,1.1995407452483,1.29188813799544,121.3276,14.2883192307692,43.8233541228786,44.1921252152174,794.0,1003.62307692308,741.629348855485,937.559192443233,1.31500430814302,0.890516212329374,810.6,659.715384615385,311.743492313793,342.396001400641,164.5,114.538461538462,139.000513752081,89.6851907721419,1.25670056650299,1.339742693422,205,22.6153846153846,77.5258021564434,79.2353994166121,4235.85725,2952.46176923077,669.556587809389,66.3421689582226,1.01540712310099,0.812798145814768,8958.571,2066.92284615385,3194.93894591629,3639.1292471846,77.2375,109.169230769231,53.5279646494387,86.5393772975223,1.10518217403612,0.762761032074798,127.05,74.3538461538461,54.8307552268797,49.4457143606911,8.1805,5.25030769230769,4.03556899860879,1.33691977973836,1.11209819664271,1.04292735932209,12.878,2.90353846153846,4.9481552875794,5.64855656694176,108.756645,96.3989276923077,7.55238461047956,1.09629540931362,0.336261915781173,0.203148213514574,399.97342,92.29338,168.301046773239,166.440382618967,2.25,2.07692307692308,2.21336383940064,2.06336223306145,1.36892236074022,1.20182302376485,1,0.846153846153846,0.433012701892219,0.266469355010596,87.2,y1ba2cu3o7,13,cuprate_YBCO,cuprate,273400,1.7994,86.0,ARPES measured (canonical vmid),High
4,94.03645,68.9828381818182,65.6863575421637,39.5780897704779,1.10063731296133,1.12769387416994,192.981,33.1694381818182,71.191170776491,72.4436762067796,827.5,1012.28136363636,783.844635520963,951.050809706881,1.32946860154243,0.915488127065011,764.1,648.509090909091,289.698558850402,334.275022817976,138.75,104.836363636364,121.505894784823,85.1337664990987,1.27872030810402,1.32323104603704,171,25.6409090909091,60.6892700565759,67.0116037811536,5342.85725,3104.18854545455,757.545478556243,62.1988999787128,0.980642980506267,0.950525130788637,9778.571,1821.85690909091,4143.1391379765,4088.26408448292,90.4075,107.060772727273,56.7096204624861,74.9627800538078,1.15442179612317,0.808356026874789,135.97,76.5696818181818,51.5367021524467,50.2998324852007,8.0555,4.76154545454545,3.99057234710043,1.25448992032549,1.11276677081617,1.16415820964966,12.878,1.91027272727273,4.87095891483392,5.14225576365499,110.756645,44.0735890909091,7.3865773471464,0.659540617358388,0.365842257570155,0.551852270132872,399.97342,36.3491381818182,167.496912702796,113.278683074523,2.75,2.55909090909091,2.51486685936587,2.37241981516438,1.2882523050229,1.19305075785231,3,0.909090909090909,1.29903810567666,1.16819950464149,8.94,bi2.05sr1.95cu1o6,38,cuprate_BSCCO,cuprate,304000,2.0008,8.94,ARPES measured,High
5,90.062574,57.2969240357143,70.8469648615149,35.9096256335605,1.44087515685239,1.30513606032868,128.2426,27.7047240357143,47.9905976181867,53.2153855563038,735.94,1010.96392857143,688.274127036429,939.284376819374,1.53629988667989,0.85464575569352,781.6,740.539285714286,299.299399264349,354.5925419492,162.6,104.914285714286,143.678252509203,84.3400341028577,1.51816265358845,1.40622224504137,171,37.1785714285714,62.541506217871,67.8741993601067,4949.4858,3023.40228571429,1077.26192960319,53.9935400882182,1.30986654540629,1.06176188627871,8958.571,1294.23342857143,3213.24974504108,3635.75836261604,73.986,112.046964285714,49.0672740582682,99.351086561197,1.34753491018002,0.842833375468325,135.97,81.3119642857143,49.9154483501851,42.0878391377419,6.9444,3.87435714285714,4.01293967366487,1.04544216725072,1.37253445855171,1.18841674882272,12.878,1.74457142857143,4.11426365708373,4.68187055272238,93.005316,61.49376,9.61645618511727,0.636907473894115,0.545778870808678,0.32099916419504,399.97342,57.1276685714286,153.904552684576,138.382299236273,2.4,2.26785714285714,2.35215804504935,2.22944774305129,1.58902691517397,1.22300003582654,1,1.10714285714286,0.489897948556636,0.44284274170133,7.9,la1.475nd0.4sr0.125cu1o4,35,cuprate_LSCO,cuprate,245000,1.6125,7.9,ARPES measured,High
4,76.5177175,57.2484068142857,59.3100961333418,35.9150018416559,1.19727303349869,0.935318973929482,122.90607,36.7748068142857,44.2894585275144,53.0016766072158,787.05,1011.473,734.219624171273,940.177532083957,1.31300802421591,0.774005177116847,772.0,743.284285714286,314.505965762178,353.909091030249,151.75,104.165714285714,131.302196551623,84.0271940812136,1.27527399052522,1.11330715887899,171,50.3914285714286,65.5796271718588,66.7958165621477,4434.35725,2991.61085714286,674.484751445268,53.8171474962129,0.995982779568411,0.740605487633944,8958.571,1676.16342857143,3402.85619588643,3593.70509331722,79.6075,112.147528571429,48.4772646848066,100.135508626297,1.09667176877521,0.779711931612519,135.97,81.3446142857143,54.3730969207199,41.8250574728395,6.9055,3.82014285714286,3.47947484936327,1.03708543388659,1.08857534188499,0.919302767582771,12.878,1.76857142857143,4.59906411675245,4.64789654201835,112.006645,61.1551885714286,8.33981834610162,0.624120231144624,0.403693221013522,0.266761555299874,399.97342,57.1276685714286,166.742351106334,138.488443665134,2.25,2.27285714285714,2.21336383940064,2.23397214406932,1.36892236074022,1.02489171610421,1,1.11714285714286,0.433012701892219,0.445428021625245,27.5,la1.91sr0.09cu1o4,28,cuprate_LSCO,cuprate,245000,1.6125,27.9,ARPES measured,High
4,76.4445625,51.2456653846154,59.3566724745425,34.93526616493,1.1995407452483,1.29188813799544,121.3276,14.2883192307692,43.8233541228786,44.1921252152174,794.0,1003.62307692308,741.629348855485,937.559192443233,1.31500430814302,0.890516212329374,810.6,659.715384615385,311.743492313793,342.396001400641,164.5,114.538461538462,139.000513752081,89.6851907721419,1.25670056650299,1.339742693422,205,22.6153846153846,77.5258021564434,79.2353994166121,4235.85725,2952.46176923077,669.556587809389,66.3421689582226,1.01540712310099,0.812798145814768,8958.571,2066.92284615385,3194.93894591629,3639.1292471846,77.2375,109.169230769231,53.5279646494387,86.5393772975223,1.10518217403612,0.762761032074798,127.05,74.3538461538461,54.8307552268797,49.4457143606911,8.1805,5.25030769230769,4.03556899860879,1.33691977973836,1.11209819664271,1.04292735932209,12.878,2.90353846153846,4.9481552875794,5.64855656694176,108.756645,96.3989276923077,7.55238461047956,1.09629540931362,0.336261915781173,0.203148213514574,399.97342,92.29338,168.301046773239,166.440382618967,2.25,2.07692307692308,2.21336383940064,2.06336223306145,1.36892236074022,1.20182302376485,1,0.846153846153846,0.433012701892219,0.266469355010596,92.842,y1ba2cu3o7,13,cuprate_YBCO,cuprate,273400,1.7994,86.0,ARPES measured (canonical vmid),High
3,86.2991,65.78961,64.9841388343543,49.7653999076525,0.836621256214373,1.01375868965833,146.8813,20.95061,63.713516240172,55.8963352924045,686.033333333333,723.33,673.92717281719,714.207560843491,1.08177984360802,0.972338045687426,273.0,290.4,122.844897691719,105.808100351533,161.333333333333,145.7,155.466123726079,140.569407947881,1.06230574309085,1.09318642361572,106,12.1,43.4383343245213,40.6276999102829,6681.66666666667,5495.4,5651.93104140329,4478.62221543402,0.96648042123719,1.05952552696123,7511.0,1197.2,3180.1492976833,3237.90794186617,67.9333333333333,83.01,49.2792029645294,60.0271403529167,0.828785028091813,0.599330283505949,117.9,62.39,49.5152726158528,53.4279599086471,28.6666666666667,33.64,24.7933471575438,28.8934978428896,0.956587820835388,0.742388739986737,36.4,20.96,15.5900253010984,16.8018570402203,81.6666666666667,101.9,57.4485993079198,79.0965886853516,0.843531296197096,0.6734968494775,134.0,71.8,54.7377586517956,52.8194093113507,3.33333333333333,3.5,3.30192724889463,3.46410161513775,1.08889997534522,0.971341676275867,1,1.4,0.471404520791032,0.5,4.5,lu2fe3si5,120,iron_other,iron-based,121500,0.7997,6.25,Estimated (family canonical),Medium
3,86.2991,65.78961,64.9841388343543,49.7653999076525,0.836621256214373,1.01375868965833,146.8813,20.95061,63.713516240172,55.8963352924045,686.033333333333,723.33,673.92717281719,714.207560843491,1.08177984360802,0.972338045687426,273.0,290.4,122.844897691719,105.808100351533,161.333333333333,145.7,155.466123726079,140.569407947881,1.06230574309085,1.09318642361572,106,12.1,43.4383343245213,40.6276999102829,6681.66666666667,5495.4,5651.93104140329,4478.62221543402,0.96648042123719,1.05952552696123,7511.0,1197.2,3180.1492976833,3237.90794186617,67.9333333333333,83.01,49.2792029645294,60.0271403529167,0.828785028091813,0.599330283505949,117.9,62.39,49.5152726158528,53.4279599086471,28.6666666666667,33.64,24.7933471575438,28.8934978428896,0.956587820835388,0.742388739986737,36.4,20.96,15.5900253010984,16.8018570402203,81.6666666666667,101.9,57.4485993079198,79.0965886853516,0.843531296197096,0.6734968494775,134.0,71.8,54.7377586517956,52.8194093113507,3.33333333333333,3.5,3.30192724889463,3.46410161513775,1.08889997534522,0.971341676275867,1,1.4,0.471404520791032,0.5,5.6,lu2fe3si5,120,iron_other,iron-based,121500,0.7997,6.25,Estimated (family canonical),Medium
3,86.2991,65.78961,64.9841388343543,49.7653999076525,0.836621256214373,1.01375868965833,146.8813,20.95061,63.713516240172,55.8963352924045,686.033333333333,723.33,673.92717281719,714.207560843491,1.08177984360802,0.972338045687426,273.0,290.4,122.844897691719,105.808100351533,161.333333333333,145.7,155.466123726079,140.569407947881,1.06230574309085,1.09318642361572,106,12.1,43.4383343245213,40.6276999102829,6681.66666666667,5495.4,5651.93104140329,4478.62221543402,0.96648042123719,1.05952552696123,7511.0,1197.2,3180.1492976833,3237.90794186617,67.9333333333333,83.01,49.2792029645294,60.0271403529167,0.828785028091813,0.599330283505949,117.9,62.39,49.5152726158528,53.4279599086471,28.6666666666667,33.64,24.7933471575438,28.8934978428896,0.956587820835388,0.742388739986737,36.4,20.96,15.5900253010984,16.8018570402203,81.6666666666667,101.9,57.4485993079198,79.0965886853516,0.843531296197096,0.6734968494775,134.0,71.8,54.7377586517956,52.8194093113507,3.33333333333333,3.5,3.30192724889463,3.46410161513775,1.08889997534522,0.971341676275867,1,1.4,0.471404520791032,0.5,6.25,lu2fe3si5,120,iron_other,iron-based,121500,0.7997,6.25,Estimated (family canonical),Medium
3,63.4576666666667,68.4327741935484,62.1599308314302,66.7182949451162,1.07838561814079,0.660740969303053,31.093,48.892064516129,12.6938177691172,14.446610169885,781.066666666667,842.935483870968,772.421322946613,831.723452235222,1.08735584573996,0.685346675327301,282.6,582.677419354839,118.156092615752,132.266772333325,141.333333333333,127.903225806452,138.008541094272,123.789877925308,1.07565642323821,0.821710519475778,73,61.7741935483871,29.9146935282461,33.9965414167949,6095.33333333333,4851.93548387097,5794.96518756618,4811.3666700592,1.04617176917616,0.814334356478326,4453.0,2820.0,2029.62596444654,763.854695500178,108.5,133.577419354839,59.8514087031084,71.7820107159635,0.772564407721893,0.236070277854487,187.4,123.838709677419,76.9292315486556,86.940538484932,12.4,9.93870967741936,10.9774690335286,8.29515677893557,0.993427996193498,0.804787586073455,13.3,5.60967741935484,5.45221667458903,6.19467395686341,140.84,20.3354838709677,16.6020610011788,2.15651927518083,0.213971538578306,0.723736106715236,399.48,12.5677419354839,183.463487375554,70.0290075767551,4.0,5.2258064516129,3.63424118566428,5.08108675559667,1.01140426470735,0.621914349679774,4,3.80645161290323,1.63299316185545,1.09867008812428,3.02,cu0.1ti1se2,158,chalcogenide,chalcogenide,95000,0.6252,3.9,DFT estimated,Medium
4,62.6123275,53.3256183333333,33.6849002033018,30.5749695081832,0.886945924655561,1.01039631573492,158.12321,26.1539183333333,64.3498308612872,55.8940674373409,802.775,791.25,783.43843363223,778.100406413174,1.36166399513975,1.32596930519581,496.7,168.566666666667,180.405908647694,149.346953433942,131.25,126.833333333333,117.837446942918,116.494781158223,1.28200628128941,1.27784194483044,155,38.5,60.4912183709338,52.9037385782475,5737.0,5719.33333333333,4635.10862858114,4650.42341965199,1.20093928133795,1.15196079535254,7060.0,2592.66666666667,3380.8796192707,3329.50159767027,87.15,81.7166666666667,71.1419562770795,65.9110196899252,1.21144451427218,1.20616336654875,127.2,29.25,50.2454226770957,48.4608232378371,47.25,42.7,35.0953241484343,33.0559198802781,1.11159572547596,1.18104361010403,88.2,14.7,35.9611943628128,31.5150228726978,68.75,65.5,49.1751313230727,49.3057850815653,1.10960609225054,1.13276909895143,123.0,27.5,49.9818717136523,45.0323957464697,3.0,2.83333333333333,2.91295063024394,2.74945927399721,1.35797785498732,1.35458107521317,2,0.5,0.707106781186548,0.687184270936277,10.79,tm1ni2b2c1,153,borocarbide,borocarbide,165000,1.0859,10.9,dHvA measured,High
5,91.50808,74.5604153846154,64.5702746002132,60.9967829641764,1.32746464823409,1.41429520645945,184.5906,23.2100461538462,68.0098970781871,50.0421911407049,831.2,723.592307692308,781.483207751268,697.440090459702,1.54798878756205,1.46651573901508,810.6,209.230769230769,295.541543611046,214.71963638317,162.2,171.230769230769,142.332972798315,160.709077921962,1.50889625036342,1.34935125475696,205,56.0,67.3361715573435,51.1951828355181,5511.0858,5504.26376923077,988.282363187109,2381.87201111376,1.13937944437554,1.04806235218173,13532.571,3446.04392307692,5026.19188983534,4159.95009867977,56.644,60.76,17.2612781570872,22.0047077576298,0.954578304986785,0.734026485288205,141.0,46.0,61.4743454133511,58.6598760784445,6.4304,9.09015384615385,3.40095998408194,6.80233762849985,1.28658973786238,1.0447792799242,12.878,5.02138461538462,4.62784535610256,4.00833865155654,125.265316,218.794352307692,12.600828832253,71.0281685833782,0.810628981234087,0.676853341419722,399.97342,153.844109230769,156.163948300238,161.339179009231,2.0,2.0,2.0,2.0,1.6094379124341,1.41274463686385,0,0.615384615384615,0.0,0.0,107.0,hg1ba2ca4cu5o,64,cuprate_Hg_based,cuprate,290000,1.9086,98.0,ARPES measured,High
5,91.50808,74.5604153846154,64.5702746002132,60.9967829641764,1.32746464823409,1.41429520645945,184.5906,23.2100461538462,68.0098970781871,50.0421911407049,831.2,723.592307692308,781.483207751268,697.440090459702,1.54798878756205,1.46651573901508,810.6,209.230769230769,295.541543611046,214.71963638317,162.2,171.230769230769,142.332972798315,160.709077921962,1.50889625036342,1.34935125475696,205,56.0,67.3361715573435,51.1951828355181,5511.0858,5504.26376923077,988.282363187109,2381.87201111376,1.13937944437554,1.04806235218173,13532.571,3446.04392307692,5026.19188983534,4159.95009867977,56.644,60.76,17.2612781570872,22.0047077576298,0.954578304986785,0.734026485288205,141.0,46.0,61.4743454133511,58.6598760784445,6.4304,9.09015384615385,3.40095998408194,6.80233762849985,1.28658973786238,1.0447792799242,12.878,5.02138461538462,4.62784535610256,4.00833865155654,125.265316,218.794352307692,12.600828832253,71.0281685833782,0.810628981234087,0.676853341419722,399.97342,153.844109230769,156.163948300238,161.339179009231,2.0,2.0,2.0,2.0,1.6094379124341,1.41274463686385,0,0.615384615384615,0.0,0.0,87.0,hg1ba2ca4cu5o,64,cuprate_Hg_based,cuprate,290000,1.9086,98.0,ARPES measured,High
4,76.5177175,56.8088170714286,59.3100961333418,35.7734324182576,1.19727303349869,0.981879783570863,122.90607,34.8331599285714,44.2894585275144,52.5332069817455,787.05,1011.54071428571,734.219624171273,940.294344338809,1.31300802421591,0.786865234305601,772.0,738.578571428571,314.505965762178,353.819831451067,151.75,104.371428571429,131.302196551623,84.1108347003322,1.27527399052522,1.16005975115976,171,46.8428571428571,65.5796271718588,67.1114577035996,4434.35725,2961.47371428571,674.484751445268,53.4270174887903,0.995982779568411,0.769628332487839,8958.571,1623.48342857143,3402.85619588643,3581.84892090518,79.6075,111.779214285714,48.4772646848066,98.4119621279586,1.09667176877521,0.777657155958259,135.97,81.2886428571429,54.3730969207199,42.5578923529527,6.9055,3.83471428571429,3.47947484936327,1.03921119227177,1.08857534188499,0.96403104867923,12.878,1.74457142857143,4.59906411675245,4.6583013524026,112.006645,61.34376,8.33981834610162,0.629441022509672,0.403693221013522,0.283412116654505,399.97342,57.1276685714286,166.742351106334,138.437713993087,2.25,2.26428571428571,2.21336383940064,2.2262216392083,1.36892236074022,1.04883427304761,1,1.1,0.433012701892219,0.440952123830019,44.0,la1.85sr0.15cu1o4,29,cuprate_LSCO,cuprate,245000,1.6125,31.6,ARPES measured,High
6,87.7856166666667,44.3612022727273,64.9068752704129,30.9961558173606,1.53409963170688,1.6350931201782,188.3839,10.9983636363636,63.9898646752858,43.4268848243097,774.116666666667,1011.71590909091,732.564198772113,947.549125107215,1.73390009930801,0.991277627990463,810.6,702.852272727273,274.132689383971,338.65962728969,156.333333333333,108.772727272727,140.116970544805,86.9389769803249,1.70423924112646,1.57467783608841,205,23.2272727272727,61.6891850777392,72.1837502603799,5501.90483333333,2591.91581818182,1344.00000149817,55.0400635840082,1.4352453519989,1.16534038184715,11848.571,1628.31145454545,4178.92652228019,3698.14798315311,50.6533333333333,101.964090909091,17.7919076956343,59.5542191830806,1.13828446183411,0.650492367666044,141.0,77.6931818181818,57.6947691640142,57.6785281191514,6.902,4.65722727272727,4.27843356670301,1.22906449115887,1.57425922449822,1.27343846709551,12.878,2.28636363636364,3.96710977917173,5.18951131375776,130.671096666667,105.423589090909,24.4048470994591,1.33876619434717,1.23248923108889,0.812082475667529,399.97342,72.7127745454546,138.076299970994,154.389572108435,2.16666666666667,2.02272727272727,2.13982638786733,2.01851541199758,1.77823330579971,1.3277868030194,1,1.04545454545455,0.372677996249965,0.149032693734136,110.5,tl0.5ba2ca3cu4zn0.5o12,56,cuprate_Tl_based,cuprate,320000,2.1061,110.5,ARPES measured,High
3,86.2991,65.78961,64.9841388343543,49.7653999076525,0.836621256214373,1.01375868965833,146.8813,20.95061,63.713516240172,55.8963352924045,686.033333333333,723.33,673.92717281719,714.207560843491,1.08177984360802,0.972338045687426,273.0,290.4,122.844897691719,105.808100351533,161.333333333333,145.7,155.466123726079,140.569407947881,1.06230574309085,1.09318642361572,106,12.1,43.4383343245213,40.6276999102829,6681.66666666667,5495.4,5651.93104140329,4478.62221543402,0.96648042123719,1.05952552696123,7511.0,1197.2,3180.1492976833,3237.90794186617,67.9333333333333,83.01,49.2792029645294,60.0271403529167,0.828785028091813,0.599330283505949,117.9,62.39,49.5152726158528,53.4279599086471,28.6666666666667,33.64,24.7933471575438,28.8934978428896,0.956587820835388,0.742388739986737,36.4,20.96,15.5900253010984,16.8018570402203,81.6666666666667,101.9,57.4485993079198,79.0965886853516,0.843531296197096,0.6734968494775,134.0,71.8,54.7377586517956,52.8194093113507,3.33333333333333,3.5,3.30192724889463,3.46410161513775,1.08889997534522,0.971341676275867,1,1.4,0.471404520791032,0.5,6.2,lu2fe3si5,120,iron_other,iron-based,121500,0.7997,6.25,Estimated (family canonical),Medium
3,15.7089,15.3393924,14.6681926084199,14.2003892412758,1.02764762800081,0.773836179671779,13.494,7.7973956,6.09806097214516,6.34240774737026,874.4,786.466,862.020391904407,784.700739756789,1.08401513576773,0.759314714657174,348.4,485.690533333333,151.602264714834,56.5252767411772,99.6666666666667,105.826666666667,94.5483641463815,102.469569058226,1.04534389287856,0.761694620078244,78,54.0986666666667,33.0790299468141,27.87513746852,2152.66666666667,2214.26666666667,2129.92562944283,2186.28639983044,1.08833378265837,0.686828201268016,722.0,1520.42666666667,304.369658292164,338.21560513311,61.7,22.5224,18.7325597831008,11.0740617331196,0.472512339001072,0.565572305131267,153.9,17.5856,67.1465561291121,24.8049216535751,54.5666666666667,37.6266666666667,35.7458958236972,28.443474252149,0.803057491944628,0.52110398353034,96.3,29.4066666666667,39.4467010309129,22.1832659653372,109.0,74.196,84.5675847847787,50.9397174687047,0.918873488986453,0.722255126082738,133.0,49.7866666666667,58.5548176213253,63.1850635092398,3.0,2.692,2.88449914061482,2.63991098415724,1.06085694715802,0.709162082709295,2,1.82266666666667,0.816496580927726,0.513617237509282,35.8,mg1b1.924c0.076,125,MgB2_type,MgB2,560000,3.6856,36.2,DFT calculated,High
5,63.22488064,74.39396262,45.3219816369091,56.6897890163765,1.32088033921455,1.19169220821373,134.3606,36.87755988,48.9285851754545,48.6670259345705,1047.7,903.38375,969.332198662326,852.661019203467,1.5348178329633,1.51132307089925,1139.9,216.03375,405.337000531656,311.36125700051,119.6,138.775,96.8767112178107,118.792005136408,1.42217879228978,1.28759671546652,196,57.925,72.8329595718861,69.2188512978943,4191.425,5238.8672625,240.441288836698,835.015635813928,1.09120506335897,1.09049842743283,7872.571,1968.4364,3493.55982531664,3125.78371735875,124.04,79.6875,80.1446649370792,58.0805791175073,1.24332122095006,1.45509936897899,312.3,25.98125,110.648300484011,65.980677806082,10.0964,12.556925,2.84853015101062,5.21321880198271,1.03483936462622,1.01033230395233,27.478,6.91525,10.2020627247631,9.9915785736977,28.410856,35.506687,2.0678309853957,6.08759898357157,0.915950052563456,0.914357995960106,78.97342,19.74896125,31.2221645006323,31.0930113882186,2.8,3.2125,2.45950948584936,3.00104150967895,1.49440321137961,1.36607818307259,4,1.2125,1.32664991614216,1.14775596273772,42.3,sm1fe1as1f0.15o0.85,100,iron_1111,iron-based,138000,0.9082,42.3,ARPES/DFT measured,High
5,63.22488064,74.39396262,45.3219816369091,56.6897890163765,1.32088033921455,1.19169220821373,134.3606,36.87755988,48.9285851754545,48.6670259345705,1047.7,903.38375,969.332198662326,852.661019203467,1.5348178329633,1.51132307089925,1139.9,216.03375,405.337000531656,311.36125700051,119.6,138.775,96.8767112178107,118.792005136408,1.42217879228978,1.28759671546652,196,57.925,72.8329595718861,69.2188512978943,4191.425,5238.8672625,240.441288836698,835.015635813928,1.09120506335897,1.09049842743283,7872.571,1968.4364,3493.55982531664,3125.78371735875,124.04,79.6875,80.1446649370792,58.0805791175073,1.24332122095006,1.45509936897899,312.3,25.98125,110.648300484011,65.980677806082,10.0964,12.556925,2.84853015101062,5.21321880198271,1.03483936462622,1.01033230395233,27.478,6.91525,10.2020627247631,9.9915785736977,28.410856,35.506687,2.0678309853957,6.08759898357157,0.915950052563456,0.914357995960106,78.97342,19.74896125,31.2221645006323,31.0930113882186,2.8,3.2125,2.45950948584936,3.00104150967895,1.49440321137961,1.36607818307259,4,1.2125,1.32664991614216,1.14775596273772,40.0,sm1fe1as1f0.15o0.85,100,iron_1111,iron-based,138000,0.9082,42.3,ARPES/DFT measured,High
5,63.22488064,74.39396262,45.3219816369091,56.6897890163765,1.32088033921455,1.19169220821373,134.3606,36.87755988,48.9285851754545,48.6670259345705,1047.7,903.38375,969.332198662326,852.661019203467,1.5348178329633,1.51132307089925,1139.9,216.03375,405.337000531656,311.36125700051,119.6,138.775,96.8767112178107,118.792005136408,1.42217879228978,1.28759671546652,196,57.925,72.8329595718861,69.2188512978943,4191.425,5238.8672625,240.441288836698,835.015635813928,1.09120506335897,1.09049842743283,7872.571,1968.4364,3493.55982531664,3125.78371735875,124.04,79.6875,80.1446649370792,58.0805791175073,1.24332122095006,1.45509936897899,312.3,25.98125,110.648300484011,65.980677806082,10.0964,12.556925,2.84853015101062,5.21321880198271,1.03483936462622,1.01033230395233,27.478,6.91525,10.2020627247631,9.9915785736977,28.410856,35.506687,2.0678309853957,6.08759898357157,0.915950052563456,0.914357995960106,78.97342,19.74896125,31.2221645006323,31.0930113882186,2.8,3.2125,2.45950948584936,3.00104150967895,1.49440321137961,1.36607818307259,4,1.2125,1.32664991614216,1.14775596273772,41.7,sm1fe1as1f0.15o0.85,100,iron_1111,iron-based,138000,0.9082,42.3,ARPES/DFT measured,High
3,45.9025333333333,45.9025333333333,30.7376830237545,30.7376830237544,0.847771942608817,0.847771942608817,67.9806,22.6602,28.6295881522751,28.6295881522751,741.733333333333,741.733333333333,720.112888908002,720.112888908002,1.07021662766209,1.07021662766209,426.3,142.1,174.468952984637,174.468952984637,145.666666666667,145.666666666667,143.741434146168,143.741434146168,1.08586196644228,1.08586196644228,53,17.6666666666667,22.8375908439475,22.8375908439475,4712.0,4712.0,2889.5183614054,2889.5183614054,0.815915067134154,0.815915067134154,7339.0,2446.33333333333,3080.89802925489,3080.89802925489,52.6,52.6,43.716521217521,43.716521217521,0.954360096326002,0.954360096326002,62.3,20.7666666666667,26.134396236888,26.134396236888,14.8333333333333,14.8333333333333,10.4671079551234,10.4671079551234,0.839984890670843,0.839984890670843,24.7,8.23333333333333,10.1101708964565,10.1101708964565,71.3333333333333,71.3333333333333,69.5032864239631,69.5032864239631,1.07432700839578,1.07432700839578,35.0,11.6666666666667,15.2825245151302,15.2825245151302,3.0,3.0,2.46621207433047,2.46621207433047,0.936888307539016,0.936888307539016,4,1.33333333333333,1.63299316185545,1.63299316185545,18.0,li1fe1as1,114,iron_111,iron-based,109000,0.7174,15.1,ARPES measured,Medium
4,81.75669875,79.8955678,76.2828331659138,75.3568523438184,1.31259587756208,1.18603089464736,81.482,27.6113122,32.8903686946309,29.9229276351082,741.475,782.58,723.246139987131,763.338359957867,1.36274578473721,1.10825829944586,443.7,348.156,157.803998285848,163.156383877555,168.75,158.44,161.714286781057,151.420488765141,1.34244374262868,1.21572847533476,139,50.08,51.3292070852453,50.8142342262481,6502.75,6183.44,6126.39407758987,5927.04527315832,1.33216903974058,1.13678167525772,5390.0,2478.64,2072.76836320415,1684.29710158273,44.3375,43.69,34.2584660957039,32.7561380621539,1.16644465627036,0.86371395091204,64.05,29.192,28.4718144618498,30.7175584967295,16.425,18.296,14.9190429506386,16.4568600810136,1.29351872952397,0.989125528736617,19.7,10.432,7.15973986957627,8.00177380335135,61.75,56.04,51.6377606524012,49.4069739881088,1.24488938578894,1.0766988370367,82.0,24.84,30.8737347918907,23.8972467033338,3.5,3.64,3.30975091964687,3.43273321468726,1.33373602720281,1.06954330840757,3,1.84,1.11803398874989,1.19599331101808,22.0,ba1fe1.8co0.2as2,87,iron_122,iron-based,121500,0.7997,24.0,ARPES measured,High
5,74.658294,69.494662375,60.5624626324126,54.2749262627158,1.44957881344972,1.34810579579689,122.90607,26.231662375,40.2258142313831,42.4910825762059,821.7,890.17125,775.328811787117,845.668926404731,1.55067588490331,1.40102368214351,772.0,307.6875,287.748021713443,282.940109030935,146.4,129.15,129.523891048687,114.081883024003,1.51113101734762,1.45575787047952,171,33.225,60.7572217929688,55.7505829565934,4475.6858,4805.25725,1008.18591402501,768.445309913183,1.32347910740687,1.16089566966811,7872.571,1968.14275,2804.63210209228,2982.501956719,59.046,70.563625,36.2949133593461,51.6523944663127,1.25422172551615,1.17581716815417,135.97,35.380125,48.9552455207815,47.6826696569034,11.2044,12.06925,5.32388263973987,4.8518090333555,1.23896477439643,1.03720511877889,27.478,6.8695,9.31425130861305,10.2280081363626,35.405316,36.331645,8.62646160689857,6.30817208279047,1.23071932934229,1.015884218256,78.97342,19.743355,27.8112160870291,30.7751807178784,3.0,3.2125,2.82523450049477,3.03359224294287,1.54728673334095,1.40508178691467,3,1.175,1.09544511501033,1.11460475057304,23.0,la0.85sr0.15fe1as1o,101,iron_1111,iron-based,138000,0.9082,23.0,ARPES/DFT measured,High
5,91.50808,74.5604153846154,64.5702746002132,60.9967829641764,1.32746464823409,1.41429520645945,184.5906,23.2100461538462,68.0098970781871,50.0421911407049,831.2,723.592307692308,781.483207751268,697.440090459702,1.54798878756205,1.46651573901508,810.6,209.230769230769,295.541543611046,214.71963638317,162.2,171.230769230769,142.332972798315,160.709077921962,1.50889625036342,1.34935125475696,205,56.0,67.3361715573435,51.1951828355181,5511.0858,5504.26376923077,988.282363187109,2381.87201111376,1.13937944437554,1.04806235218173,13532.571,3446.04392307692,5026.19188983534,4159.95009867977,56.644,60.76,17.2612781570872,22.0047077576298,0.954578304986785,0.734026485288205,141.0,46.0,61.4743454133511,58.6598760784445,6.4304,9.09015384615385,3.40095998408194,6.80233762849985,1.28658973786238,1.0447792799242,12.878,5.02138461538462,4.62784535610256,4.00833865155654,125.265316,218.794352307692,12.600828832253,71.0281685833782,0.810628981234087,0.676853341419722,399.97342,153.844109230769,156.163948300238,161.339179009231,2.0,2.0,2.0,2.0,1.6094379124341,1.41274463686385,0,0.615384615384615,0.0,0.0,72.0,hg1ba2ca4cu5o,64,cuprate_Hg_based,cuprate,290000,1.9086,98.0,ARPES measured,High
5,91.50808,74.5604153846154,64.5702746002132,60.9967829641764,1.32746464823409,1.41429520645945,184.5906,23.2100461538462,68.0098970781871,50.0421911407049,831.2,723.592307692308,781.483207751268,697.440090459702,1.54798878756205,1.46651573901508,810.6,209.230769230769,295.541543611046,214.71963638317,162.2,171.230769230769,142.332972798315,160.709077921962,1.50889625036342,1.34935125475696,205,56.0,67.3361715573435,51.1951828355181,5511.0858,5504.26376923077,988.282363187109,2381.87201111376,1.13937944437554,1.04806235218173,13532.571,3446.04392307692,5026.19188983534,4159.95009867977,56.644,60.76,17.2612781570872,22.0047077576298,0.954578304986785,0.734026485288205,141.0,46.0,61.4743454133511,58.6598760784445,6.4304,9.09015384615385,3.40095998408194,6.80233762849985,1.28658973786238,1.0447792799242,12.878,5.02138461538462,4.62784535610256,4.00833865155654,125.265316,218.794352307692,12.600828832253,71.0281685833782,0.810628981234087,0.676853341419722,399.97342,153.844109230769,156.163948300238,161.339179009231,2.0,2.0,2.0,2.0,1.6094379124341,1.41274463686385,0,0.615384615384615,0.0,0.0,108.0,hg1ba2ca4cu5o,64,cuprate_Hg_based,cuprate,290000,1.9086,98.0,ARPES measured,High
5,83.24476,59.2244,59.5060814160275,36.126174653366,1.31151037344354,1.37205026883777,192.981,25.1921866666667,67.2338347072841,64.1963038171721,779.88,1005.86666666667,740.399332713733,945.371395526592,1.55321870407659,1.01920228760579,764.1,661.026666666667,276.063147848459,333.238432490745,149.8,106.133333333333,133.425311183972,86.4573385873277,1.51953736136792,1.57318466329146,171,16.2666666666667,58.6085318021191,66.3192949969229,4584.2858,2953.4288,874.164786339504,64.6228811852236,1.16177435651007,1.09951242220735,9778.571,1303.23786666667,4004.27323147741,3977.06081745709,73.1,105.475333333333,33.1487827641917,68.5472871662888,1.20088590631532,0.827671215145129,138.63,75.742,57.6456725175446,52.6707822695742,8.1524,4.9544,4.6464334920886,1.32187528238585,1.3929374917507,1.39581372668179,12.878,1.62826666666667,4.36102637460495,5.2534095696668,128.605316,72.414176,14.2876432915522,0.969156077634558,0.87197627698413,0.777322832630269,399.97342,53.3191573333333,154.008028485009,137.579264999148,2.6,2.4,2.40224886796286,2.25989709292424,1.5193826646423,1.36507672357122,3,0.933333333333333,1.2,1.01980390271856,75.0,bi2sr2ca1cu2o8,45,cuprate_BSCCO,cuprate,304000,2.0008,85.0,ARPES measured,High
4,76.5177175,56.8088170714286,59.3100961333418,35.7734324182576,1.19727303349869,0.981879783570863,122.90607,34.8331599285714,44.2894585275144,52.5332069817455,787.05,1011.54071428571,734.219624171273,940.294344338809,1.31300802421591,0.786865234305601,772.0,738.578571428571,314.505965762178,353.819831451067,151.75,104.371428571429,131.302196551623,84.1108347003322,1.27527399052522,1.16005975115976,171,46.8428571428571,65.5796271718588,67.1114577035996,4434.35725,2961.47371428571,674.484751445268,53.4270174887903,0.995982779568411,0.769628332487839,8958.571,1623.48342857143,3402.85619588643,3581.84892090518,79.6075,111.779214285714,48.4772646848066,98.4119621279586,1.09667176877521,0.777657155958259,135.97,81.2886428571429,54.3730969207199,42.5578923529527,6.9055,3.83471428571429,3.47947484936327,1.03921119227177,1.08857534188499,0.96403104867923,12.878,1.74457142857143,4.59906411675245,4.6583013524026,112.006645,61.34376,8.33981834610162,0.629441022509672,0.403693221013522,0.283412116654505,399.97342,57.1276685714286,166.742351106334,138.437713993087,2.25,2.26428571428571,2.21336383940064,2.2262216392083,1.36892236074022,1.04883427304761,1,1.1,0.433012701892219,0.440952123830019,34.5,la1.85sr0.15cu1o4,29,cuprate_LSCO,cuprate,245000,1.6125,31.6,ARPES measured,High
3,87.4683333333333,85.9827032967033,82.5557580889105,79.3012317738037,1.04127006958543,0.805126559100676,71.755,48.1835604395604,29.905281677694,34.6928501651608,856.166666666667,811.832307692308,852.858789145939,809.656246958631,1.09478408478893,0.858530033422624,181.3,374.718241758242,74.5696244384326,59.9817680189118,127.333333333333,140.230769230769,125.493811962421,139.042262442765,1.08402453889614,0.781363636524776,53,81.0736263736264,21.853044537445,17.873841727217,6311.0,7073.77912087912,6186.50890144244,7008.55731754481,1.07897043586277,0.775370526586859,3055.0,4109.25384615385,1248.20858299671,928.869184063356,135.133333333333,96.0371428571429,86.5308636119092,51.0246263160885,0.839248416383795,0.619085612662191,179.3,68.88,83.414480490833,87.0664253464329,12.2333333333333,14.9218681318681,10.9253904071815,14.5663335262716,1.0028994706628,0.764591901884514,12.1,7.33912087912088,5.06249828532207,2.73344262752951,27.5066666666667,44.6465054945055,4.97642232675805,16.7234871748299,0.194158290628553,0.129511598168764,78.48,43.3831648351648,36.4253586880837,37.9403750595136,5.0,4.35164835164835,4.7622031559046,4.09968183721249,1.05492016798614,0.865413098881997,3,2.16263736263736,1.4142135623731,1.49264590189078,10.9,fe1se0.082te0.738,105,iron_11,iron-based,95000,0.6252,10.9,ARPES measured,Medium
4,81.75669875,79.8955678,76.2828331659138,75.3568523438184,1.31259587756208,1.18603089464736,81.482,27.6113122,32.8903686946309,29.9229276351082,741.475,782.58,723.246139987131,763.338359957867,1.36274578473721,1.10825829944586,443.7,348.156,157.803998285848,163.156383877555,168.75,158.44,161.714286781057,151.420488765141,1.34244374262868,1.21572847533476,139,50.08,51.3292070852453,50.8142342262481,6502.75,6183.44,6126.39407758987,5927.04527315832,1.33216903974058,1.13678167525772,5390.0,2478.64,2072.76836320415,1684.29710158273,44.3375,43.69,34.2584660957039,32.7561380621539,1.16644465627036,0.86371395091204,64.05,29.192,28.4718144618498,30.7175584967295,16.425,18.296,14.9190429506386,16.4568600810136,1.29351872952397,0.989125528736617,19.7,10.432,7.15973986957627,8.00177380335135,61.75,56.04,51.6377606524012,49.4069739881088,1.24488938578894,1.0766988370367,82.0,24.84,30.8737347918907,23.8972467033338,3.5,3.64,3.30975091964687,3.43273321468726,1.33373602720281,1.06954330840757,3,1.84,1.11803398874989,1.19599331101808,24.0,ba1fe1.8co0.2as2,87,iron_122,iron-based,121500,0.7997,24.0,ARPES measured,High
4,71.9184125,76.4523864864865,55.4188362546677,61.2921702849296,1.17889714596417,1.14717115879741,124.90825,35.0562351351351,45.1492651500605,43.9277145241362,886.25,851.64054054054,839.489266657433,809.585088118127,1.33368773734611,1.36250660201708,786.5,113.405405405405,287.79774582161,271.242376362623,141.25,148.810810810811,120.501349350199,129.838690519113,1.24949700916664,1.21363998528901,199,57.6756756756757,72.1781649808306,69.7845479054612,5060.60725,5470.81089189189,808.780600050688,1352.16784338601,1.0908104972343,1.09062760828079,7872.571,2127.83775675676,3018.65135809979,2758.17461741235,72.675,67.0135135135135,56.2832823998133,52.1997514419353,1.17795805222542,1.24255711280717,125.3,22.3108108108108,45.9564127734095,43.0797949891114,12.1555,13.1230810810811,4.9191518624463,6.32394152446093,0.979681490563868,0.973404167148823,27.478,7.44448648648649,10.1779733125019,9.97534863816224,35.506645,38.383407027027,6.07818418394032,9.44195385044843,0.9142675955054,0.913827562865917,78.97342,21.3463227027027,31.0930593134235,30.5748639697246,3.5,3.62162162162162,3.30975091964687,3.44772834860474,1.33373602720281,1.29978716935059,3,0.972972972972973,1.11803398874989,1.07430307645145,48.5,pr1fe1as1o0.7,102,iron_1111,iron-based,138000,0.9082,44.0,ARPES/DFT measured,High
3,45.9025333333333,45.9025333333333,30.7376830237545,30.7376830237544,0.847771942608817,0.847771942608817,67.9806,22.6602,28.6295881522751,28.6295881522751,741.733333333333,741.733333333333,720.112888908002,720.112888908002,1.07021662766209,1.07021662766209,426.3,142.1,174.468952984637,174.468952984637,145.666666666667,145.666666666667,143.741434146168,143.741434146168,1.08586196644228,1.08586196644228,53,17.6666666666667,22.8375908439475,22.8375908439475,4712.0,4712.0,2889.5183614054,2889.5183614054,0.815915067134154,0.815915067134154,7339.0,2446.33333333333,3080.89802925489,3080.89802925489,52.6,52.6,43.716521217521,43.716521217521,0.954360096326002,0.954360096326002,62.3,20.7666666666667,26.134396236888,26.134396236888,14.8333333333333,14.8333333333333,10.4671079551234,10.4671079551234,0.839984890670843,0.839984890670843,24.7,8.23333333333333,10.1101708964565,10.1101708964565,71.3333333333333,71.3333333333333,69.5032864239631,69.5032864239631,1.07432700839578,1.07432700839578,35.0,11.6666666666667,15.2825245151302,15.2825245151302,3.0,3.0,2.46621207433047,2.46621207433047,0.936888307539016,0.936888307539016,4,1.33333333333333,1.63299316185545,1.63299316185545,16.0,li1fe1as1,114,iron_111,iron-based,109000,0.7174,15.1,ARPES measured,Medium
3,45.9025333333333,45.9025333333333,30.7376830237545,30.7376830237544,0.847771942608817,0.847771942608817,67.9806,22.6602,28.6295881522751,28.6295881522751,741.733333333333,741.733333333333,720.112888908002,720.112888908002,1.07021662766209,1.07021662766209,426.3,142.1,174.468952984637,174.468952984637,145.666666666667,145.666666666667,143.741434146168,143.741434146168,1.08586196644228,1.08586196644228,53,17.6666666666667,22.8375908439475,22.8375908439475,4712.0,4712.0,2889.5183614054,2889.5183614054,0.815915067134154,0.815915067134154,7339.0,2446.33333333333,3080.89802925489,3080.89802925489,52.6,52.6,43.716521217521,43.716521217521,0.954360096326002,0.954360096326002,62.3,20.7666666666667,26.134396236888,26.134396236888,14.8333333333333,14.8333333333333,10.4671079551234,10.4671079551234,0.839984890670843,0.839984890670843,24.7,8.23333333333333,10.1101708964565,10.1101708964565,71.3333333333333,71.3333333333333,69.5032864239631,69.5032864239631,1.07432700839578,1.07432700839578,35.0,11.6666666666667,15.2825245151302,15.2825245151302,3.0,3.0,2.46621207433047,2.46621207433047,0.936888307539016,0.936888307539016,4,1.33333333333333,1.63299316185545,1.63299316185545,12.0,li1fe1as1,114,iron_111,iron-based,109000,0.7174,15.1,ARPES measured,Medium
4,81.75669875,79.8955678,76.2828331659138,75.3568523438184,1.31259587756208,1.18603089464736,81.482,27.6113122,32.8903686946309,29.9229276351082,741.475,782.58,723.246139987131,763.338359957867,1.36274578473721,1.10825829944586,443.7,348.156,157.803998285848,163.156383877555,168.75,158.44,161.714286781057,151.420488765141,1.34244374262868,1.21572847533476,139,50.08,51.3292070852453,50.8142342262481,6502.75,6183.44,6126.39407758987,5927.04527315832,1.33216903974058,1.13678167525772,5390.0,2478.64,2072.76836320415,1684.29710158273,44.3375,43.69,34.2584660957039,32.7561380621539,1.16644465627036,0.86371395091204,64.05,29.192,28.4718144618498,30.7175584967295,16.425,18.296,14.9190429506386,16.4568600810136,1.29351872952397,0.989125528736617,19.7,10.432,7.15973986957627,8.00177380335135,61.75,56.04,51.6377606524012,49.4069739881088,1.24488938578894,1.0766988370367,82.0,24.84,30.8737347918907,23.8972467033338,3.5,3.64,3.30975091964687,3.43273321468726,1.33373602720281,1.06954330840757,3,1.84,1.11803398874989,1.19599331101808,17.4,ba1fe1.8co0.2as2,87,iron_122,iron-based,121500,0.7997,24.0,ARPES measured,High
3,87.4683333333333,79.5625,82.5557580889105,74.8697876137856,1.04127006958543,1.07975516913754,71.755,12.16,29.905281677694,29.2959213244779,856.166666666667,831.9,852.858789145939,828.385703159405,1.09478408478893,1.06579219659441,181.3,162.3,74.5696244384326,77.0524821144653,127.333333333333,134.5,125.493811962421,132.509764827919,1.08402453889614,0.969842284892234,53,52.25,21.853044537445,22.6329405955126,6311.0,6701.75,6186.50890144244,6571.02446621076,1.07897043586277,0.960307162768716,3055.0,2732.25,1248.20858299671,1275.3725681149,135.133333333333,105.65,86.5308636119092,57.777718729536,0.839248416383795,0.918831663909307,179.3,40.525,83.414480490833,88.4662788863644,12.2333333333333,12.625,10.9253904071815,11.5823716248894,1.0028994706628,0.93649244335651,12.1,5.55,5.06249828532207,4.43642592635108,27.5066666666667,40.38,4.97642232675805,9.93332614861179,0.194158290628553,0.114063035908906,78.48,39.37,36.4253586880837,38.6299521097296,5.0,4.5,4.7622031559046,4.24264068711928,1.05492016798614,1.09861228866811,3,0.0,1.4142135623731,1.5,14.0,fe1te0.5se0.5,107,iron_11,iron-based,95000,0.6252,14.3,ARPES measured,Medium
5,63.22488064,74.39396262,45.3219816369091,56.6897890163765,1.32088033921455,1.19169220821373,134.3606,36.87755988,48.9285851754545,48.6670259345705,1047.7,903.38375,969.332198662326,852.661019203467,1.5348178329633,1.51132307089925,1139.9,216.03375,405.337000531656,311.36125700051,119.6,138.775,96.8767112178107,118.792005136408,1.42217879228978,1.28759671546652,196,57.925,72.8329595718861,69.2188512978943,4191.425,5238.8672625,240.441288836698,835.015635813928,1.09120506335897,1.09049842743283,7872.571,1968.4364,3493.55982531664,3125.78371735875,124.04,79.6875,80.1446649370792,58.0805791175073,1.24332122095006,1.45509936897899,312.3,25.98125,110.648300484011,65.980677806082,10.0964,12.556925,2.84853015101062,5.21321880198271,1.03483936462622,1.01033230395233,27.478,6.91525,10.2020627247631,9.9915785736977,28.410856,35.506687,2.0678309853957,6.08759898357157,0.915950052563456,0.914357995960106,78.97342,19.74896125,31.2221645006323,31.0930113882186,2.8,3.2125,2.45950948584936,3.00104150967895,1.49440321137961,1.36607818307259,4,1.2125,1.32664991614216,1.14775596273772,51.5,sm1fe1as1f0.15o0.85,100,iron_1111,iron-based,138000,0.9082,42.3,ARPES/DFT measured,High
3,38.6155933333333,36.6787657142857,21.7699330327683,23.472596302382,0.619043469103431,0.677920838768926,85.96538,25.5531085714286,38.5670912420087,35.6930737410427,832.2,1014.21428571429,768.023776912797,946.52473628085,1.01687898115232,0.727868041147499,793.2,676.071428571428,345.071036165019,347.961009427253,137.666666666667,107.857142857143,116.647194936279,85.9864971394394,0.968727284789859,1.02038118532888,150,32.7142857142857,64.6546380565403,69.7760265245236,3035.47633333333,2525.81657142857,187.120891354966,40.0003210702773,0.225035344928602,0.138552746606503,8568.571,2447.75485714286,3919.55683427607,3826.93065562323,97.0666666666667,115.185714285714,91.3664449476501,109.875602255716,1.03872073733322,0.772379213491362,81.4,72.7,33.8989019815621,32.5828363481419,10.0073333333333,8.21257142857143,2.61338267526811,1.2667359785386,0.367792808562397,0.283809267962323,26.578,7.53028571428571,11.9282455075711,11.793174961539,46.3421933333333,27.5866171428571,4.95970547592119,0.741902136392869,0.669767923191609,0.690333961323096,84.97342,15.4133828571429,35.1103216431876,33.2304780677523,2.66666666666667,2.71428571428571,2.15443469003188,2.35354689365025,0.900256051268537,0.856997754778064,4,1.28571428571429,1.69967317119759,1.48461497791618,16.4,li0.5nb1o2,139,conventional_NbTi,conventional,760000,5.0019,5.0,Transport / band structure,High
5,60.93397464,71.53033012,44.6093912440798,55.5778315936912,1.34182238539412,1.21128706168307,122.90607,34.01392738,44.8972461624315,44.2493272211698,1047.9,903.63375,969.690878575021,853.055422851735,1.5349583785485,1.51143057507069,1138.9,216.03375,405.086662332889,311.069731709688,111.0,128.025,93.0916906741733,113.019043273226,1.45637559724317,1.31985409972262,153,47.175,59.6992462263972,54.814226027556,3950.025,4937.1172625,231.971507721961,798.411171951636,1.0903632453347,1.08961832439016,7872.571,1968.4364,3303.27832358498,2961.04777538692,123.64,79.1875,79.5122808428765,57.5082868744384,1.23923452185234,1.45267312800138,312.3,25.98125,110.913111939031,66.1996022929896,9.6564,12.006925,2.68290407719922,4.83711440081924,0.995338910983156,0.969736646722624,27.478,6.91525,10.3083129482957,10.256790915992,28.410856,35.506687,2.0678309853957,6.08759898357157,0.915950052563456,0.914357995960106,78.97342,19.74896125,31.2221645006323,31.0930113882186,2.8,3.2125,2.45950948584936,3.00104150967895,1.49440321137961,1.36607818307259,4,1.2125,1.32664991614216,1.14775596273772,24.3,la1fe1as1f0.15o0.85,95,iron_1111,iron-based,138000,0.9082,24.3,ARPES/DFT measured,High
4,60.931453,60.931453,44.4379616806093,44.4379616806093,1.09534782194759,1.09534782194759,124.90825,31.2270625,48.3177418955768,48.3177418955768,902.5,902.5,853.549430903289,853.549430903289,1.33301571129344,1.33301571129344,786.5,196.625,292.520264255316,292.520264255316,137.25,137.25,116.030514014565,116.030514014565,1.23753210688051,1.23753210688051,199,49.75,73.9978884833885,73.9978884833885,4084.60725,4084.60725,607.499041174659,607.499041174659,0.963227445000677,0.963227445000677,7872.571,1968.14275,3266.37189765,3266.37189765,70.925,70.925,55.0011964297805,55.0011964297805,1.17421214199081,1.17421214199081,125.3,31.325,45.7961993510379,45.7961993510379,5.3905,5.3905,1.91785284622409,1.91785284622409,0.80174721379371,0.80174721379371,13.578,3.3945,5.52899002983366,5.52899002983366,23.065645,23.065645,1.59315986021944,1.59315986021944,0.426622582541104,0.426622582541104,78.97342,19.743355,32.7183453334376,32.7183453334376,3.5,3.5,3.30975091964687,3.30975091964687,1.33373602720281,1.33373602720281,3,0.75,1.11803398874989,1.11803398874989,3.2,pr1fe1p1o1,117,iron_other,iron-based,121500,0.7997,3.96,Estimated (family canonical),Medium
4,60.931453,60.931453,44.4379616806093,44.4379616806093,1.09534782194759,1.09534782194759,124.90825,31.2270625,48.3177418955768,48.3177418955768,902.5,902.5,853.549430903289,853.549430903289,1.33301571129344,1.33301571129344,786.5,196.625,292.520264255316,292.520264255316,137.25,137.25,116.030514014565,116.030514014565,1.23753210688051,1.23753210688051,199,49.75,73.9978884833885,73.9978884833885,4084.60725,4084.60725,607.499041174659,607.499041174659,0.963227445000677,0.963227445000677,7872.571,1968.14275,3266.37189765,3266.37189765,70.925,70.925,55.0011964297805,55.0011964297805,1.17421214199081,1.17421214199081,125.3,31.325,45.7961993510379,45.7961993510379,5.3905,5.3905,1.91785284622409,1.91785284622409,0.80174721379371,0.80174721379371,13.578,3.3945,5.52899002983366,5.52899002983366,23.065645,23.065645,1.59315986021944,1.59315986021944,0.426622582541104,0.426622582541104,78.97342,19.743355,32.7183453334376,32.7183453334376,3.5,3.5,3.30975091964687,3.30975091964687,1.33373602720281,1.33373602720281,3,0.75,1.11803398874989,1.11803398874989,3.6,pr1fe1p1o1,117,iron_other,iron-based,121500,0.7997,3.96,Estimated (family canonical),Medium
4,76.5177175,56.8088170714286,59.3100961333418,35.7734324182576,1.19727303349869,0.981879783570863,122.90607,34.8331599285714,44.2894585275144,52.5332069817455,787.05,1011.54071428571,734.219624171273,940.294344338809,1.31300802421591,0.786865234305601,772.0,738.578571428571,314.505965762178,353.819831451067,151.75,104.371428571429,131.302196551623,84.1108347003322,1.27527399052522,1.16005975115976,171,46.8428571428571,65.5796271718588,67.1114577035996,4434.35725,2961.47371428571,674.484751445268,53.4270174887903,0.995982779568411,0.769628332487839,8958.571,1623.48342857143,3402.85619588643,3581.84892090518,79.6075,111.779214285714,48.4772646848066,98.4119621279586,1.09667176877521,0.777657155958259,135.97,81.2886428571429,54.3730969207199,42.5578923529527,6.9055,3.83471428571429,3.47947484936327,1.03921119227177,1.08857534188499,0.96403104867923,12.878,1.74457142857143,4.59906411675245,4.6583013524026,112.006645,61.34376,8.33981834610162,0.629441022509672,0.403693221013522,0.283412116654505,399.97342,57.1276685714286,166.742351106334,138.437713993087,2.25,2.26428571428571,2.21336383940064,2.2262216392083,1.36892236074022,1.04883427304761,1,1.1,0.433012701892219,0.440952123830019,45.3,la1.85sr0.15cu1o4,29,cuprate_LSCO,cuprate,245000,1.6125,31.6,ARPES measured,High
3,68.5874666666667,80.0671426666667,66.869420296385,78.3235956301667,1.07238488309938,0.702142197436914,35.379,54.67305,16.048630817058,15.7971164269742,718.333333333333,687.719,717.04613001291,686.582837813843,1.09684118409555,0.884020542814275,99.4,356.299,42.501006524029,40.109571663133,170.333333333333,187.77,168.548941337649,185.851806144001,1.08782159120673,0.754098619115735,57,120.173333333333,25.381533094402,25.8510560712711,7764.33333333333,7196.26,7700.89327643116,7130.67876281151,1.09053120403658,0.915204291722854,2397.0,3474.52666666667,981.638879063421,1008.93970701921,57.7666666666667,55.6403333333333,43.6493689297305,47.9877371063063,0.851382796941941,0.816415998589991,96.3,26.508,40.7508145794521,31.9933046103226,17.3333333333333,19.3593333333333,17.0821399655511,19.1778940854738,1.0841698884711,0.75492982170675,7.2,12.482,2.94089933334837,2.49710757121559,64.3333333333333,44.3466666666667,54.8864876505553,35.8159752836581,0.973617844841163,1.04416635617195,68.0,11.6333333333333,29.6348143611905,30.3640108608128,3.0,3.44333333333333,2.88449914061482,3.31960720049568,1.06085694715802,0.687640881035332,2,2.33666666666667,0.816496580927726,0.832739788622806,2.13,fe0.33ni0.67zr2,116,iron_other,iron-based,121500,0.7997,2.13,Estimated (family canonical),Medium
3,45.9025333333333,45.9025333333333,30.7376830237545,30.7376830237544,0.847771942608817,0.847771942608817,67.9806,22.6602,28.6295881522751,28.6295881522751,741.733333333333,741.733333333333,720.112888908002,720.112888908002,1.07021662766209,1.07021662766209,426.3,142.1,174.468952984637,174.468952984637,145.666666666667,145.666666666667,143.741434146168,143.741434146168,1.08586196644228,1.08586196644228,53,17.6666666666667,22.8375908439475,22.8375908439475,4712.0,4712.0,2889.5183614054,2889.5183614054,0.815915067134154,0.815915067134154,7339.0,2446.33333333333,3080.89802925489,3080.89802925489,52.6,52.6,43.716521217521,43.716521217521,0.954360096326002,0.954360096326002,62.3,20.7666666666667,26.134396236888,26.134396236888,14.8333333333333,14.8333333333333,10.4671079551234,10.4671079551234,0.839984890670843,0.839984890670843,24.7,8.23333333333333,10.1101708964565,10.1101708964565,71.3333333333333,71.3333333333333,69.5032864239631,69.5032864239631,1.07432700839578,1.07432700839578,35.0,11.6666666666667,15.2825245151302,15.2825245151302,3.0,3.0,2.46621207433047,2.46621207433047,0.936888307539016,0.936888307539016,4,1.33333333333333,1.63299316185545,1.63299316185545,18.3,li1fe1as1,114,iron_111,iron-based,109000,0.7174,15.1,ARPES measured,Medium
4,71.4178675,71.4178675,55.2209146553217,55.2209146553217,1.18213182543465,1.18213182543465,122.90607,30.7265175,44.3862968010699,44.3862968010699,889.875,889.875,845.20939841547,845.20939841547,1.33597532730112,1.33597532730112,772.0,193.0,283.301079904401,283.301079904401,128.25,128.25,113.586397213559,113.586397213559,1.28558437793605,1.28558437793605,147,36.75,54.4718964237523,54.4718964237523,4937.10725,4937.10725,793.298886267847,793.298886267847,1.08956694336562,1.08956694336562,7872.571,1968.14275,2961.06446442959,2961.06446442959,72.175,72.175,55.7286996731724,55.7286996731724,1.17401639728156,1.17401639728156,125.3,31.325,46.1943381270909,46.1943381270909,12.0055,12.0055,4.80853846931091,4.80853846931091,0.967043858484939,0.967043858484939,27.478,6.8695,10.2584253543124,10.2584253543124,35.506645,35.506645,6.07818418394032,6.07818418394032,0.9142675955054,0.9142675955054,78.97342,19.743355,31.0930593134235,31.0930593134235,3.25,3.25,3.08007028824102,3.08007028824102,1.33224492243853,1.33224492243853,3,0.75,1.08972473588517,1.08972473588517,10.2,la1fe1as1o1.0,93,iron_1111,iron-based,138000,0.9082,10.2,ARPES/DFT measured,High
2,67.4025,66.4654054054054,66.4042257691481,65.4783148750822,0.678373316815239,0.688940205636412,23.115,6.09243243243243,11.5575,11.5194470340716,849.75,842.4,844.900964610645,837.596749217115,0.687446194319475,0.692813789428153,181.3,21.7513513513514,90.65,90.3515356814703,129.5,131.648648648649,126.759615019927,128.910964898651,0.672061177844016,0.65311520719198,53,37.0,26.5,26.412748985758,6346.5,6470.35135135135,6159.93555161091,6283.78000204119,0.66389649173122,0.642482023220537,3055.0,2042.08108108108,1527.5,1522.47071983945,106.85,99.5810810810811,58.1360473372588,52.6696381004355,0.279956367032756,0.310252776038236,179.3,80.9864864864865,89.65,89.3548281725738,9.6,9.94054054054054,8.6324967419629,8.96718435640397,0.594130022724839,0.561886653496917,8.4,4.97837837837838,4.2,4.18617153736542,39.76,42.9416216216216,6.40936814358483,7.85704830971163,0.0394097371239318,0.0344326552409716,78.48,42.4637837837838,39.24,39.1108026490998,4.5,4.37837837837838,4.24264068711928,4.12507960414106,0.636514168294813,0.659152503822991,3,1.13513513513514,1.5,1.49506126334479,8.26,fe1se0.85,104,iron_11,iron-based,95000,0.6252,8.26,ARPES measured,Medium
4,81.75669875,79.8955678,76.2828331659138,75.3568523438184,1.31259587756208,1.18603089464736,81.482,27.6113122,32.8903686946309,29.9229276351082,741.475,782.58,723.246139987131,763.338359957867,1.36274578473721,1.10825829944586,443.7,348.156,157.803998285848,163.156383877555,168.75,158.44,161.714286781057,151.420488765141,1.34244374262868,1.21572847533476,139,50.08,51.3292070852453,50.8142342262481,6502.75,6183.44,6126.39407758987,5927.04527315832,1.33216903974058,1.13678167525772,5390.0,2478.64,2072.76836320415,1684.29710158273,44.3375,43.69,34.2584660957039,32.7561380621539,1.16644465627036,0.86371395091204,64.05,29.192,28.4718144618498,30.7175584967295,16.425,18.296,14.9190429506386,16.4568600810136,1.29351872952397,0.989125528736617,19.7,10.432,7.15973986957627,8.00177380335135,61.75,56.04,51.6377606524012,49.4069739881088,1.24488938578894,1.0766988370367,82.0,24.84,30.8737347918907,23.8972467033338,3.5,3.64,3.30975091964687,3.43273321468726,1.33373602720281,1.06954330840757,3,1.84,1.11803398874989,1.19599331101808,15.5,ba1fe1.8co0.2as2,87,iron_122,iron-based,121500,0.7997,24.0,ARPES measured,High
4,81.69675,79.83356544,76.2051171197932,75.2756283581176,1.3123003689315,1.15250678016903,81.482,28.70086256,32.9321061498881,29.969216022748,736.0,782.12536,717.965297907083,762.873692500667,1.36265459349296,1.06198654277623,443.7,362.57808,157.511856696567,163.255738192783,168.0,158.4488,160.910379765458,151.427661709647,1.3417468814728,1.16997283360829,139,55.812,51.5897276596805,50.817927727919,6504.75,6164.7344,6127.77033154112,5913.81714944007,1.33208909928805,1.07489142958605,5398.0,2787.1088,2075.08305556669,1659.59262418723,56.4125,43.85008,39.350928142586,32.3477757066699,1.09298997574816,0.864325782559446,98.05,29.3484,41.8555906510707,32.2988148388389,16.675,18.27344,15.1441297665677,16.4296217780173,1.29477649486403,0.953750232657754,19.7,10.70848,7.16497557567365,8.01561167762012,59.5,55.4592,50.4345033221085,49.0930357406632,1.25671421421153,0.996812545197546,73.0,27.928,28.2179021190449,23.0117608052926,3.0,3.5784,2.78315768371374,3.36386789194615,1.30860538725345,0.98763633185753,3,1.9568,1.22474487139159,1.21944800627169,13.9,ba1fe1.892ni0.108as2,91,iron_122,iron-based,121500,0.7997,14.8,ARPES measured,High
3,86.2991,65.78961,64.9841388343543,49.7653999076525,0.836621256214373,1.01375868965833,146.8813,20.95061,63.713516240172,55.8963352924045,686.033333333333,723.33,673.92717281719,714.207560843491,1.08177984360802,0.972338045687426,273.0,290.4,122.844897691719,105.808100351533,161.333333333333,145.7,155.466123726079,140.569407947881,1.06230574309085,1.09318642361572,106,12.1,43.4383343245213,40.6276999102829,6681.66666666667,5495.4,5651.93104140329,4478.62221543402,0.96648042123719,1.05952552696123,7511.0,1197.2,3180.1492976833,3237.90794186617,67.9333333333333,83.01,49.2792029645294,60.0271403529167,0.828785028091813,0.599330283505949,117.9,62.39,49.5152726158528,53.4279599086471,28.6666666666667,33.64,24.7933471575438,28.8934978428896,0.956587820835388,0.742388739986737,36.4,20.96,15.5900253010984,16.8018570402203,81.6666666666667,101.9,57.4485993079198,79.0965886853516,0.843531296197096,0.6734968494775,134.0,71.8,54.7377586517956,52.8194093113507,3.33333333333333,3.5,3.30192724889463,3.46410161513775,1.08889997534522,0.971341676275867,1,1.4,0.471404520791032,0.5,6.15,lu2fe3si5,120,iron_other,iron-based,121500,0.7997,6.25,Estimated (family canonical),Medium
3,86.2991,65.78961,64.9841388343543,49.7653999076525,0.836621256214373,1.01375868965833,146.8813,20.95061,63.713516240172,55.8963352924045,686.033333333333,723.33,673.92717281719,714.207560843491,1.08177984360802,0.972338045687426,273.0,290.4,122.844897691719,105.808100351533,161.333333333333,145.7,155.466123726079,140.569407947881,1.06230574309085,1.09318642361572,106,12.1,43.4383343245213,40.6276999102829,6681.66666666667,5495.4,5651.93104140329,4478.62221543402,0.96648042123719,1.05952552696123,7511.0,1197.2,3180.1492976833,3237.90794186617,67.9333333333333,83.01,49.2792029645294,60.0271403529167,0.828785028091813,0.599330283505949,117.9,62.39,49.5152726158528,53.4279599086471,28.6666666666667,33.64,24.7933471575438,28.8934978428896,0.956587820835388,0.742388739986737,36.4,20.96,15.5900253010984,16.8018570402203,81.6666666666667,101.9,57.4485993079198,79.0965886853516,0.843531296197096,0.6734968494775,134.0,71.8,54.7377586517956,52.8194093113507,3.33333333333333,3.5,3.30192724889463,3.46410161513775,1.08889997534522,0.971341676275867,1,1.4,0.471404520791032,0.5,5.85,lu2fe3si5,120,iron_other,iron-based,121500,0.7997,6.25,Estimated (family canonical),Medium
5,63.22488064,74.39396262,45.3219816369091,56.6897890163765,1.32088033921455,1.19169220821373,134.3606,36.87755988,48.9285851754545,48.6670259345705,1047.7,903.38375,969.332198662326,852.661019203467,1.5348178329633,1.51132307089925,1139.9,216.03375,405.337000531656,311.36125700051,119.6,138.775,96.8767112178107,118.792005136408,1.42217879228978,1.28759671546652,196,57.925,72.8329595718861,69.2188512978943,4191.425,5238.8672625,240.441288836698,835.015635813928,1.09120506335897,1.09049842743283,7872.571,1968.4364,3493.55982531664,3125.78371735875,124.04,79.6875,80.1446649370792,58.0805791175073,1.24332122095006,1.45509936897899,312.3,25.98125,110.648300484011,65.980677806082,10.0964,12.556925,2.84853015101062,5.21321880198271,1.03483936462622,1.01033230395233,27.478,6.91525,10.2020627247631,9.9915785736977,28.410856,35.506687,2.0678309853957,6.08759898357157,0.915950052563456,0.914357995960106,78.97342,19.74896125,31.2221645006323,31.0930113882186,2.8,3.2125,2.45950948584936,3.00104150967895,1.49440321137961,1.36607818307259,4,1.2125,1.32664991614216,1.14775596273772,41.8,sm1fe1as1f0.15o0.85,100,iron_1111,iron-based,138000,0.9082,42.3,ARPES/DFT measured,High
4,71.9184125,76.4523864864865,55.4188362546677,61.2921702849296,1.17889714596417,1.14717115879741,124.90825,35.0562351351351,45.1492651500605,43.9277145241362,886.25,851.64054054054,839.489266657433,809.585088118127,1.33368773734611,1.36250660201708,786.5,113.405405405405,287.79774582161,271.242376362623,141.25,148.810810810811,120.501349350199,129.838690519113,1.24949700916664,1.21363998528901,199,57.6756756756757,72.1781649808306,69.7845479054612,5060.60725,5470.81089189189,808.780600050688,1352.16784338601,1.0908104972343,1.09062760828079,7872.571,2127.83775675676,3018.65135809979,2758.17461741235,72.675,67.0135135135135,56.2832823998133,52.1997514419353,1.17795805222542,1.24255711280717,125.3,22.3108108108108,45.9564127734095,43.0797949891114,12.1555,13.1230810810811,4.9191518624463,6.32394152446093,0.979681490563868,0.973404167148823,27.478,7.44448648648649,10.1779733125019,9.97534863816224,35.506645,38.383407027027,6.07818418394032,9.44195385044843,0.9142675955054,0.913827562865917,78.97342,21.3463227027027,31.0930593134235,30.5748639697246,3.5,3.62162162162162,3.30975091964687,3.44772834860474,1.33373602720281,1.29978716935059,3,0.972972972972973,1.11803398874989,1.07430307645145,44.0,pr1fe1as1o0.7,102,iron_1111,iron-based,138000,0.9082,44.0,ARPES/DFT measured,High
4,97.9598,57.8657384615385,70.3033263954757,36.8028446101478,1.15307517091914,1.33852775623715,158.9674,12.5121692307692,62.0114329850553,54.566241304048,768.4,995.746153846154,708.641979880737,924.525057808176,1.30174309365185,0.87273452838423,810.6,667.592307692308,329.08115260525,352.272024731292,165.75,114.923076923077,139.812941759091,89.8461549351321,1.25570514472447,1.34174907677111,205,22.2307692307692,78.3178619473234,79.7182167565246,5578.10725,3365.46176923077,815.49564606351,70.4918161122723,1.01899345593772,0.930382622333031,9839.571,2066.92284615385,4030.69042076016,4067.58260596263,82.3375,110.738461538462,60.7214928257155,89.9629157631912,1.1640132003214,0.802321609327215,127.05,74.3538461538461,51.12571973821,47.2166412720955,10.8305,6.06569230769231,4.75646422349896,1.406268532004,1.04474296689737,1.10424386222608,21.778,2.90353846153846,7.91296978068285,7.06492357609724,108.506645,96.3220046153846,7.43878255508962,1.09119481211891,0.329500146289958,0.199852625126025,399.97342,92.29338,168.437846600662,166.477287315448,2.25,2.07692307692308,2.21336383940064,2.06336223306145,1.36892236074022,1.20182302376485,1,0.846153846153846,0.433012701892219,0.266469355010596,81.0,lu1ba2cu3o7,19,cuprate_YBCO,cuprate,273400,1.7994,91.85,ARPES measured (canonical vmid),High
5,63.22488064,74.39396262,45.3219816369091,56.6897890163765,1.32088033921455,1.19169220821373,134.3606,36.87755988,48.9285851754545,48.6670259345705,1047.7,903.38375,969.332198662326,852.661019203467,1.5348178329633,1.51132307089925,1139.9,216.03375,405.337000531656,311.36125700051,119.6,138.775,96.8767112178107,118.792005136408,1.42217879228978,1.28759671546652,196,57.925,72.8329595718861,69.2188512978943,4191.425,5238.8672625,240.441288836698,835.015635813928,1.09120506335897,1.09049842743283,7872.571,1968.4364,3493.55982531664,3125.78371735875,124.04,79.6875,80.1446649370792,58.0805791175073,1.24332122095006,1.45509936897899,312.3,25.98125,110.648300484011,65.980677806082,10.0964,12.556925,2.84853015101062,5.21321880198271,1.03483936462622,1.01033230395233,27.478,6.91525,10.2020627247631,9.9915785736977,28.410856,35.506687,2.0678309853957,6.08759898357157,0.915950052563456,0.914357995960106,78.97342,19.74896125,31.2221645006323,31.0930113882186,2.8,3.2125,2.45950948584936,3.00104150967895,1.49440321137961,1.36607818307259,4,1.2125,1.32664991614216,1.14775596273772,41.5,sm1fe1as1f0.15o0.85,100,iron_1111,iron-based,138000,0.9082,42.3,ARPES/DFT measured,High
5,63.22488064,74.39396262,45.3219816369091,56.6897890163765,1.32088033921455,1.19169220821373,134.3606,36.87755988,48.9285851754545,48.6670259345705,1047.7,903.38375,969.332198662326,852.661019203467,1.5348178329633,1.51132307089925,1139.9,216.03375,405.337000531656,311.36125700051,119.6,138.775,96.8767112178107,118.792005136408,1.42217879228978,1.28759671546652,196,57.925,72.8329595718861,69.2188512978943,4191.425,5238.8672625,240.441288836698,835.015635813928,1.09120506335897,1.09049842743283,7872.571,1968.4364,3493.55982531664,3125.78371735875,124.04,79.6875,80.1446649370792,58.0805791175073,1.24332122095006,1.45509936897899,312.3,25.98125,110.648300484011,65.980677806082,10.0964,12.556925,2.84853015101062,5.21321880198271,1.03483936462622,1.01033230395233,27.478,6.91525,10.2020627247631,9.9915785736977,28.410856,35.506687,2.0678309853957,6.08759898357157,0.915950052563456,0.914357995960106,78.97342,19.74896125,31.2221645006323,31.0930113882186,2.8,3.2125,2.45950948584936,3.00104150967895,1.49440321137961,1.36607818307259,4,1.2125,1.32664991614216,1.14775596273772,41.0,sm1fe1as1f0.15o0.85,100,iron_1111,iron-based,138000,0.9082,42.3,ARPES/DFT measured,High
4,69.27,69.916092,68.1076607208905,68.8343688131953,1.3692913104312,1.162903982737,31.775,28.207838,12.852608442647,12.2370161162081,747.625,791.233,734.027825039058,776.297428569388,1.36838023336347,1.09434881440923,397.2,356.394,140.664607755469,147.696203779921,159.5,151.59,155.208305766129,147.062672165318,1.35881027603509,1.19164901927038,105,53.25,37.8582883923719,38.4892439520446,6284.75,5997.42,5701.17848588267,5587.88849214081,1.30438582896005,1.07042246862103,6278.0,2646.14,2401.84505901193,1963.23024212648,54.1825,42.875,31.7286178975511,27.6646314518848,1.01323138246177,0.812301023505836,106.97,30.494,44.1531643118588,34.5585134952301,16.675,18.302,15.1441297665677,16.4600450836612,1.29477649486403,0.973644005020111,19.7,10.564,7.16497557567365,8.00567273875219,63.75,58.96,59.556152468442,56.1429044299562,1.32278147511347,1.10985235023277,56.0,26.5,22.3089107757416,18.0642852058973,3.0,3.57,2.78315768371374,3.35243035969653,1.30860538725345,1.00174961753538,3,1.94,1.22474487139159,1.22682517091882,8.66,sr1fe1.85ni0.15as2,83,iron_122,iron-based,121500,0.7997,8.66,ARPES measured,High
4,53.17239107,51.2624170766667,48.7945688051842,45.8268390936869,1.31475818124945,1.02355930364751,51.93183072,24.7774226833333,18.8702705837224,21.4513249315773,739.75,733.63,720.750466859291,708.710993049052,1.36177029969475,1.08507238307143,450.6,312.873,160.422855291882,184.835519043283,153.0,153.32,150.541645796024,150.045651478035,1.3705418035466,1.09625557312591,76,62.8266666666667,26.9258240356725,31.083826448278,5867.25,4859.75333333333,4439.63216699754,3522.43752396502,1.2098110527298,0.913006905458908,7932.0,2568.75333333333,3051.51350767123,2889.97825006041,54.05,50.4933333333333,46.9067939516844,42.2176639758783,1.27778509150979,0.975243270144288,62.3,26.2826666666667,23.0760156872888,25.5303862528992,15.075,14.708,11.264497020771,9.98488010177614,1.18348440392156,0.842709217184177,25.1,9.17933333333333,8.91498037014104,10.2670055355331,92.25,89.7366666666667,86.234546308491,82.1453441544486,1.32235629612613,1.03258706303813,90.0,46.3333333333333,32.7900518450337,37.5081411903543,3.25,3.00333333333333,2.78315768371374,2.46857815861804,1.26585675187274,0.96065876429115,4,1.65333333333333,1.4790199457749,1.6340100638885,17.9,na1fe0.99co0.01as1,112,iron_111,iron-based,109000,0.7174,17.8,ARPES measured,Medium
5,69.321369,72.150027125,56.1045287301917,55.6430053297364,1.43438261262215,1.302362019914,124.90825,31.2270625,40.7153957936791,45.0740734188235,860.62,886.175,822.540740093838,839.406273522945,1.56426898488181,1.46438525002685,786.5,271.4175,262.468324946078,287.830999676894,143.4,140.95,126.229902176896,120.266821786036,1.50119778329526,1.41585184052015,199,50.35,64.7011591859064,72.1245277280898,5828.4858,5137.55725,1306.59978284381,816.244598119891,1.37304839174241,1.33988311590916,8898.571,1659.64275,3106.18007971311,3101.33303008282,71.18,76.275,57.9632933173324,62.1989929810009,1.43836662294163,1.30998694311121,125.3,32.615,41.2132697077046,43.2713747759417,12.9644,12.3355,6.24331413280121,4.97866522856297,1.29708615233349,1.17108496108853,27.478,6.8695,9.24609049490648,10.2265713095837,48.405316,37.081645,10.6418978261736,6.18659696645823,1.21450684383466,1.27256363932718,99.97342,13.818355,37.9331718188636,33.6805103987169,3.6,3.575,3.43754385517496,3.38193858564609,1.56705644243762,1.48854515545786,3,0.95,1.01980390271856,1.11551557586616,4.0,pr1fe0.7co0.3as1o1,94,iron_1111,iron-based,138000,0.9082,4.0,ARPES/DFT measured,High
2,67.4025,67.0450515463917,66.4042257691481,66.0495086215568,0.678373316815239,0.683132077165277,23.115,9.47288659793814,11.5575,11.5519711241421,849.75,846.946391752577,844.900964610645,842.107336259114,0.687446194319475,0.690256290865193,181.3,64.3690721649484,90.65,90.6066348607815,129.5,130.319587628866,126.759615019927,127.57596456944,0.672061177844016,0.665494713248822,53,30.5051546391753,26.5,26.4873229322748,6346.5,6393.74226804124,6159.93555161091,6206.8845966354,0.66389649173122,0.656350207320138,3055.0,1723.78350515464,1527.5,1526.76927468112,106.85,104.077319587629,58.1360473372588,55.9870057328532,0.279956367032756,0.291257280801797,179.3,86.3453608247423,89.65,89.6071132406957,9.6,9.7298969072165,8.6324967419629,8.75866150617316,0.594130022724839,0.582174590726767,8.4,4.49690721649485,4.2,4.19799080436053,39.76,40.9736082474227,6.40936814358483,6.92710334934809,0.0394097371239318,0.0374389743212767,78.48,40.4696907216495,39.24,39.2212283721684,4.5,4.45360824742268,4.24264068711928,4.19740764823011,0.636514168294813,0.645710106487198,3,1.36082474226804,1.5,1.49928243012876,8.3,fe1se0.94,103,iron_11,iron-based,95000,0.6252,8.79,ARPES measured,Medium
4,81.75669875,79.8955678,76.2828331659138,75.3568523438184,1.31259587756208,1.18603089464736,81.482,27.6113122,32.8903686946309,29.9229276351082,741.475,782.58,723.246139987131,763.338359957867,1.36274578473721,1.10825829944586,443.7,348.156,157.803998285848,163.156383877555,168.75,158.44,161.714286781057,151.420488765141,1.34244374262868,1.21572847533476,139,50.08,51.3292070852453,50.8142342262481,6502.75,6183.44,6126.39407758987,5927.04527315832,1.33216903974058,1.13678167525772,5390.0,2478.64,2072.76836320415,1684.29710158273,44.3375,43.69,34.2584660957039,32.7561380621539,1.16644465627036,0.86371395091204,64.05,29.192,28.4718144618498,30.7175584967295,16.425,18.296,14.9190429506386,16.4568600810136,1.29351872952397,0.989125528736617,19.7,10.432,7.15973986957627,8.00177380335135,61.75,56.04,51.6377606524012,49.4069739881088,1.24488938578894,1.0766988370367,82.0,24.84,30.8737347918907,23.8972467033338,3.5,3.64,3.30975091964687,3.43273321468726,1.33373602720281,1.06954330840757,3,1.84,1.11803398874989,1.19599331101808,20.0,ba1fe1.8co0.2as2,87,iron_122,iron-based,121500,0.7997,24.0,ARPES measured,High
3,87.4683333333333,79.5625,82.5557580889105,74.8697876137856,1.04127006958543,1.07975516913754,71.755,12.16,29.905281677694,29.2959213244779,856.166666666667,831.9,852.858789145939,828.385703159405,1.09478408478893,1.06579219659441,181.3,162.3,74.5696244384326,77.0524821144653,127.333333333333,134.5,125.493811962421,132.509764827919,1.08402453889614,0.969842284892234,53,52.25,21.853044537445,22.6329405955126,6311.0,6701.75,6186.50890144244,6571.02446621076,1.07897043586277,0.960307162768716,3055.0,2732.25,1248.20858299671,1275.3725681149,135.133333333333,105.65,86.5308636119092,57.777718729536,0.839248416383795,0.918831663909307,179.3,40.525,83.414480490833,88.4662788863644,12.2333333333333,12.625,10.9253904071815,11.5823716248894,1.0028994706628,0.93649244335651,12.1,5.55,5.06249828532207,4.43642592635108,27.5066666666667,40.38,4.97642232675805,9.93332614861179,0.194158290628553,0.114063035908906,78.48,39.37,36.4253586880837,38.6299521097296,5.0,4.5,4.7622031559046,4.24264068711928,1.05492016798614,1.09861228866811,3,0.0,1.4142135623731,1.5,15.0,fe1te0.5se0.5,107,iron_11,iron-based,95000,0.6252,14.3,ARPES measured,Medium
2,67.4025,66.4654054054054,66.4042257691481,65.4783148750822,0.678373316815239,0.688940205636412,23.115,6.09243243243243,11.5575,11.5194470340716,849.75,842.4,844.900964610645,837.596749217115,0.687446194319475,0.692813789428153,181.3,21.7513513513514,90.65,90.3515356814703,129.5,131.648648648649,126.759615019927,128.910964898651,0.672061177844016,0.65311520719198,53,37.0,26.5,26.412748985758,6346.5,6470.35135135135,6159.93555161091,6283.78000204119,0.66389649173122,0.642482023220537,3055.0,2042.08108108108,1527.5,1522.47071983945,106.85,99.5810810810811,58.1360473372588,52.6696381004355,0.279956367032756,0.310252776038236,179.3,80.9864864864865,89.65,89.3548281725738,9.6,9.94054054054054,8.6324967419629,8.96718435640397,0.594130022724839,0.561886653496917,8.4,4.97837837837838,4.2,4.18617153736542,39.76,42.9416216216216,6.40936814358483,7.85704830971163,0.0394097371239318,0.0344326552409716,78.48,42.4637837837838,39.24,39.1108026490998,4.5,4.37837837837838,4.24264068711928,4.12507960414106,0.636514168294813,0.659152503822991,3,1.13513513513514,1.5,1.49506126334479,10.6,fe1se0.85,104,iron_11,iron-based,95000,0.6252,8.26,ARPES measured,Medium
3,63.2476816666667,66.4163808108108,62.3382890785035,65.4203872494271,1.08369621804715,0.834912143729626,24.021955,33.3092948648649,11.1164548425299,11.566375482404,805.433333333333,840.113513513513,799.840153663563,835.004821926095,1.09151469264146,0.845176804163705,223.6,393.32972972973,96.9856461315568,92.9291074237461,140.0,131.918918918919,137.27640574753,129.130986461334,1.08011012632246,0.865174196127476,58,67.1891891891892,26.2424592343528,26.6847242245329,6721.0,6448.51351351351,6568.87472509502,6265.914948985,1.07714669210475,0.849923693727224,3055.0,3426.81081081081,1354.9924969042,1504.97753636143,71.7333333333333,98.7324324324324,17.1788499724624,46.1629399065329,0.319565937878072,0.296802451535646,195.0,90.2027027027027,88.4558772621821,90.2037365261133,10.8,9.90810810810811,9.94524742940015,8.94566388899649,1.02797808107762,0.799925340465988,8.4,6.0,3.8262252939418,4.15837665691133,29.0733333333333,39.0875675675676,6.81355427950241,6.92792860818681,0.334476598506544,0.0961453909535923,78.48,38.1935135135135,35.4249642044828,38.8799861949012,4.33333333333333,4.43243243243243,4.16016764610381,4.18972751612675,1.05790542470367,0.808476807074777,3,2.54054054054054,1.24721912892465,1.46195982014038,11.0,mn0.1fe0.9se0.85,106,iron_11,iron-based,95000,0.6252,11.0,ARPES measured,Medium
2,67.4025,66.4654054054054,66.4042257691481,65.4783148750822,0.678373316815239,0.688940205636412,23.115,6.09243243243243,11.5575,11.5194470340716,849.75,842.4,844.900964610645,837.596749217115,0.687446194319475,0.692813789428153,181.3,21.7513513513514,90.65,90.3515356814703,129.5,131.648648648649,126.759615019927,128.910964898651,0.672061177844016,0.65311520719198,53,37.0,26.5,26.412748985758,6346.5,6470.35135135135,6159.93555161091,6283.78000204119,0.66389649173122,0.642482023220537,3055.0,2042.08108108108,1527.5,1522.47071983945,106.85,99.5810810810811,58.1360473372588,52.6696381004355,0.279956367032756,0.310252776038236,179.3,80.9864864864865,89.65,89.3548281725738,9.6,9.94054054054054,8.6324967419629,8.96718435640397,0.594130022724839,0.561886653496917,8.4,4.97837837837838,4.2,4.18617153736542,39.76,42.9416216216216,6.40936814358483,7.85704830971163,0.0394097371239318,0.0344326552409716,78.48,42.4637837837838,39.24,39.1108026490998,4.5,4.37837837837838,4.24264068711928,4.12507960414106,0.636514168294813,0.659152503822991,3,1.13513513513514,1.5,1.49506126334479,10.0,fe1se0.85,104,iron_11,iron-based,95000,0.6252,8.26,ARPES measured,Medium
4,76.797975,75.2535198,68.8456154214048,70.9725176289125,1.27635655631019,1.17313739722155,98.2287,28.1701182,37.1738359167019,28.3589761855739,656.575,778.756,623.416605220372,756.982290750009,1.33563925866593,1.03880693701353,527.7,359.229,209.053119744719,170.565232283722,191.5,158.14,181.839848597122,151.296969358362,1.33770223288979,1.25794714975746,139,51.222,58.5256354087677,49.9818006878504,4491.75,6020.316,3411.73953961297,5527.39022971994,1.19001439294508,0.955913555100164,7018.0,3110.224,2605.18563398081,1898.98881411766,40.5125,43.3547,32.0428510683132,32.7767464684322,1.17422870766256,0.834333549613304,64.05,29.5046,26.3616761369606,30.3002744692189,12.9575,17.93918,9.18758120972356,15.4496189540271,1.11504399590603,0.874804905526902,25.37,10.97282,9.42830412905736,8.44887864320467,61.75,58.972,51.6377606524012,52.9603448131316,1.24488938578894,1.0437500816624,82.0,28.828,30.8737347918907,22.9912856534818,2.75,3.554,2.34034731932072,3.28696532747714,1.2406842919534,0.958359858627418,4,1.954,1.4790199457749,1.27713899008683,24.0,ba0.77k0.23fe2as2,86,iron_122,iron-based,121500,0.7997,16.5,ARPES measured,High
5,74.915464,73.40884,60.7391827775422,61.05655245204,1.44955886804559,1.40559981393817,122.90607,24.3428302777778,40.3118766628073,38.5976264874151,834.98,849.041666666667,793.236980067014,813.507768981638,1.55722703386226,1.48666766141036,772.0,211.55,276.154749370711,252.485150690975,145.0,138.583333333333,128.685090370939,125.868320824729,1.51396060254864,1.48266524991628,164,35.3333333333333,59.1269819963779,51.8434475662601,4844.0858,5346.01594444444,1121.11415163885,1559.06107025402,1.36674521204719,1.24734750241827,7872.571,2186.98405555556,2654.98289460527,2600.84234770997,63.96,62.8277777777778,49.5924090558453,48.3008211256561,1.37883973441242,1.35008733817795,125.3,21.1583333333333,44.4643497647272,42.8005426439582,11.8844,13.7397777777778,5.7146738094658,7.11022700884879,1.27041000852764,1.09702615477313,27.478,7.65744444444444,9.17861064867663,9.78827521723797,31.805316,39.7822077777778,7.46635902058026,11.3662730448052,1.15651738372099,0.990452924218809,78.97342,21.9400144444444,28.7788466662482,30.039574931665,3.2,3.38888888888889,3.06388706280041,3.23144943236786,1.56502656465832,1.43380838975829,3,1.13888888888889,0.979795897113271,1.06138739858571,35.6,la0.7y0.3fe1as1o0.6,98,iron_1111,iron-based,138000,0.9082,35.6,ARPES/DFT measured,High
4,105.313925,76.633,73.0883762545777,42.6054174665645,1.12584817902596,1.15864641056541,188.3839,31.3836909090909,71.6959238182819,75.2194799690394,787.375,982.4,733.513183093207,905.220525559067,1.31211186553251,0.877226855858847,810.6,648.509090909091,315.724764430983,367.154441123029,150.5,113.727272727273,128.740025194666,88.9630381515022,1.25878050352551,1.30036073254033,205,32.8181818181818,72.5827114401219,79.3531701939797,6080.35725,3608.05218181818,854.262665195479,67.4747244434402,0.998141383301719,0.952104272052556,11848.571,2153.766,4613.60013686521,4695.92053361497,74.6375,95.2,48.3485238699581,65.951977310881,1.05768348464572,0.645370390180314,127.05,74.9181818181818,57.1542362275099,58.6627146568337,6.3805,3.53018181818182,3.14406044539472,1.05329884711804,1.04418073353965,1.17877374986123,12.878,1.33345454545455,4.75542224728783,4.24372995923894,116.006645,48.0144981818182,9.6863760659405,0.808664223122662,0.483727931942032,0.700428338207067,399.97342,36.3491381818182,164.780030624066,112.621930629877,2.25,2.18181818181818,2.21336383940064,2.15301268319815,1.36892236074022,1.19884931291362,1,0.909090909090909,0.433012701892219,0.385694607919935,80.0,tl2ba2cu1o6,52,cuprate_Tl_based,cuprate,320000,2.1061,83.0,ARPES measured,High
4,105.313925,76.633,73.0883762545777,42.6054174665645,1.12584817902596,1.15864641056541,188.3839,31.3836909090909,71.6959238182819,75.2194799690394,787.375,982.4,733.513183093207,905.220525559067,1.31211186553251,0.877226855858847,810.6,648.509090909091,315.724764430983,367.154441123029,150.5,113.727272727273,128.740025194666,88.9630381515022,1.25878050352551,1.30036073254033,205,32.8181818181818,72.5827114401219,79.3531701939797,6080.35725,3608.05218181818,854.262665195479,67.4747244434402,0.998141383301719,0.952104272052556,11848.571,2153.766,4613.60013686521,4695.92053361497,74.6375,95.2,48.3485238699581,65.951977310881,1.05768348464572,0.645370390180314,127.05,74.9181818181818,57.1542362275099,58.6627146568337,6.3805,3.53018181818182,3.14406044539472,1.05329884711804,1.04418073353965,1.17877374986123,12.878,1.33345454545455,4.75542224728783,4.24372995923894,116.006645,48.0144981818182,9.6863760659405,0.808664223122662,0.483727931942032,0.700428338207067,399.97342,36.3491381818182,164.780030624066,112.621930629877,2.25,2.18181818181818,2.21336383940064,2.15301268319815,1.36892236074022,1.19884931291362,1,0.909090909090909,0.433012701892219,0.385694607919935,62.0,tl2ba2cu1o6,52,cuprate_Tl_based,cuprate,320000,2.1061,83.0,ARPES measured,High
4,105.313925,76.633,73.0883762545777,42.6054174665645,1.12584817902596,1.15864641056541,188.3839,31.3836909090909,71.6959238182819,75.2194799690394,787.375,982.4,733.513183093207,905.220525559067,1.31211186553251,0.877226855858847,810.6,648.509090909091,315.724764430983,367.154441123029,150.5,113.727272727273,128.740025194666,88.9630381515022,1.25878050352551,1.30036073254033,205,32.8181818181818,72.5827114401219,79.3531701939797,6080.35725,3608.05218181818,854.262665195479,67.4747244434402,0.998141383301719,0.952104272052556,11848.571,2153.766,4613.60013686521,4695.92053361497,74.6375,95.2,48.3485238699581,65.951977310881,1.05768348464572,0.645370390180314,127.05,74.9181818181818,57.1542362275099,58.6627146568337,6.3805,3.53018181818182,3.14406044539472,1.05329884711804,1.04418073353965,1.17877374986123,12.878,1.33345454545455,4.75542224728783,4.24372995923894,116.006645,48.0144981818182,9.6863760659405,0.808664223122662,0.483727931942032,0.700428338207067,399.97342,36.3491381818182,164.780030624066,112.621930629877,2.25,2.18181818181818,2.21336383940064,2.15301268319815,1.36892236074022,1.19884931291362,1,0.909090909090909,0.433012701892219,0.385694607919935,52.0,tl2ba2cu1o6,52,cuprate_Tl_based,cuprate,320000,2.1061,83.0,ARPES measured,High
5,63.22488064,74.39396262,45.3219816369091,56.6897890163765,1.32088033921455,1.19169220821373,134.3606,36.87755988,48.9285851754545,48.6670259345705,1047.7,903.38375,969.332198662326,852.661019203467,1.5348178329633,1.51132307089925,1139.9,216.03375,405.337000531656,311.36125700051,119.6,138.775,96.8767112178107,118.792005136408,1.42217879228978,1.28759671546652,196,57.925,72.8329595718861,69.2188512978943,4191.425,5238.8672625,240.441288836698,835.015635813928,1.09120506335897,1.09049842743283,7872.571,1968.4364,3493.55982531664,3125.78371735875,124.04,79.6875,80.1446649370792,58.0805791175073,1.24332122095006,1.45509936897899,312.3,25.98125,110.648300484011,65.980677806082,10.0964,12.556925,2.84853015101062,5.21321880198271,1.03483936462622,1.01033230395233,27.478,6.91525,10.2020627247631,9.9915785736977,28.410856,35.506687,2.0678309853957,6.08759898357157,0.915950052563456,0.914357995960106,78.97342,19.74896125,31.2221645006323,31.0930113882186,2.8,3.2125,2.45950948584936,3.00104150967895,1.49440321137961,1.36607818307259,4,1.2125,1.32664991614216,1.14775596273772,51.1,sm1fe1as1f0.15o0.85,100,iron_1111,iron-based,138000,0.9082,42.3,ARPES/DFT measured,High
4,62.6123275,53.3256183333333,33.6849002033018,30.5749695081832,0.886945924655561,1.01039631573492,158.12321,26.1539183333333,64.3498308612872,55.8940674373409,802.775,791.25,783.43843363223,778.100406413174,1.36166399513975,1.32596930519581,496.7,168.566666666667,180.405908647694,149.346953433942,131.25,126.833333333333,117.837446942918,116.494781158223,1.28200628128941,1.27784194483044,155,38.5,60.4912183709338,52.9037385782475,5737.0,5719.33333333333,4635.10862858114,4650.42341965199,1.20093928133795,1.15196079535254,7060.0,2592.66666666667,3380.8796192707,3329.50159767027,87.15,81.7166666666667,71.1419562770795,65.9110196899252,1.21144451427218,1.20616336654875,127.2,29.25,50.2454226770957,48.4608232378371,47.25,42.7,35.0953241484343,33.0559198802781,1.11159572547596,1.18104361010403,88.2,14.7,35.9611943628128,31.5150228726978,68.75,65.5,49.1751313230727,49.3057850815653,1.10960609225054,1.13276909895143,123.0,27.5,49.9818717136523,45.0323957464697,3.0,2.83333333333333,2.91295063024394,2.74945927399721,1.35797785498732,1.35458107521317,2,0.5,0.707106781186548,0.687184270936277,10.92,tm1ni2b2c1,153,borocarbide,borocarbide,165000,1.0859,10.9,dHvA measured,High
3,45.9025333333333,45.9025333333333,30.7376830237545,30.7376830237544,0.847771942608817,0.847771942608817,67.9806,22.6602,28.6295881522751,28.6295881522751,741.733333333333,741.733333333333,720.112888908002,720.112888908002,1.07021662766209,1.07021662766209,426.3,142.1,174.468952984637,174.468952984637,145.666666666667,145.666666666667,143.741434146168,143.741434146168,1.08586196644228,1.08586196644228,53,17.6666666666667,22.8375908439475,22.8375908439475,4712.0,4712.0,2889.5183614054,2889.5183614054,0.815915067134154,0.815915067134154,7339.0,2446.33333333333,3080.89802925489,3080.89802925489,52.6,52.6,43.716521217521,43.716521217521,0.954360096326002,0.954360096326002,62.3,20.7666666666667,26.134396236888,26.134396236888,14.8333333333333,14.8333333333333,10.4671079551234,10.4671079551234,0.839984890670843,0.839984890670843,24.7,8.23333333333333,10.1101708964565,10.1101708964565,71.3333333333333,71.3333333333333,69.5032864239631,69.5032864239631,1.07432700839578,1.07432700839578,35.0,11.6666666666667,15.2825245151302,15.2825245151302,3.0,3.0,2.46621207433047,2.46621207433047,0.936888307539016,0.936888307539016,4,1.33333333333333,1.63299316185545,1.63299316185545,17.0,li1fe1as1,114,iron_111,iron-based,109000,0.7174,15.1,ARPES measured,Medium
4,81.75669875,79.8955678,76.2828331659138,75.3568523438184,1.31259587756208,1.18603089464736,81.482,27.6113122,32.8903686946309,29.9229276351082,741.475,782.58,723.246139987131,763.338359957867,1.36274578473721,1.10825829944586,443.7,348.156,157.803998285848,163.156383877555,168.75,158.44,161.714286781057,151.420488765141,1.34244374262868,1.21572847533476,139,50.08,51.3292070852453,50.8142342262481,6502.75,6183.44,6126.39407758987,5927.04527315832,1.33216903974058,1.13678167525772,5390.0,2478.64,2072.76836320415,1684.29710158273,44.3375,43.69,34.2584660957039,32.7561380621539,1.16644465627036,0.86371395091204,64.05,29.192,28.4718144618498,30.7175584967295,16.425,18.296,14.9190429506386,16.4568600810136,1.29351872952397,0.989125528736617,19.7,10.432,7.15973986957627,8.00177380335135,61.75,56.04,51.6377606524012,49.4069739881088,1.24488938578894,1.0766988370367,82.0,24.84,30.8737347918907,23.8972467033338,3.5,3.64,3.30975091964687,3.43273321468726,1.33373602720281,1.06954330840757,3,1.84,1.11803398874989,1.19599331101808,25.4,ba1fe1.8co0.2as2,87,iron_122,iron-based,121500,0.7997,24.0,ARPES measured,High
4,81.75669875,79.8955678,76.2828331659138,75.3568523438184,1.31259587756208,1.18603089464736,81.482,27.6113122,32.8903686946309,29.9229276351082,741.475,782.58,723.246139987131,763.338359957867,1.36274578473721,1.10825829944586,443.7,348.156,157.803998285848,163.156383877555,168.75,158.44,161.714286781057,151.420488765141,1.34244374262868,1.21572847533476,139,50.08,51.3292070852453,50.8142342262481,6502.75,6183.44,6126.39407758987,5927.04527315832,1.33216903974058,1.13678167525772,5390.0,2478.64,2072.76836320415,1684.29710158273,44.3375,43.69,34.2584660957039,32.7561380621539,1.16644465627036,0.86371395091204,64.05,29.192,28.4718144618498,30.7175584967295,16.425,18.296,14.9190429506386,16.4568600810136,1.29351872952397,0.989125528736617,19.7,10.432,7.15973986957627,8.00177380335135,61.75,56.04,51.6377606524012,49.4069739881088,1.24488938578894,1.0766988370367,82.0,24.84,30.8737347918907,23.8972467033338,3.5,3.64,3.30975091964687,3.43273321468726,1.33373602720281,1.06954330840757,3,1.84,1.11803398874989,1.19599331101808,17.2,ba1fe1.8co0.2as2,87,iron_122,iron-based,121500,0.7997,24.0,ARPES measured,High
4,81.69675,79.83356544,76.2051171197932,75.2756283581176,1.3123003689315,1.15250678016903,81.482,28.70086256,32.9321061498881,29.969216022748,736.0,782.12536,717.965297907083,762.873692500667,1.36265459349296,1.06198654277623,443.7,362.57808,157.511856696567,163.255738192783,168.0,158.4488,160.910379765458,151.427661709647,1.3417468814728,1.16997283360829,139,55.812,51.5897276596805,50.817927727919,6504.75,6164.7344,6127.77033154112,5913.81714944007,1.33208909928805,1.07489142958605,5398.0,2787.1088,2075.08305556669,1659.59262418723,56.4125,43.85008,39.350928142586,32.3477757066699,1.09298997574816,0.864325782559446,98.05,29.3484,41.8555906510707,32.2988148388389,16.675,18.27344,15.1441297665677,16.4296217780173,1.29477649486403,0.953750232657754,19.7,10.70848,7.16497557567365,8.01561167762012,59.5,55.4592,50.4345033221085,49.0930357406632,1.25671421421153,0.996812545197546,73.0,27.928,28.2179021190449,23.0117608052926,3.0,3.5784,2.78315768371374,3.36386789194615,1.30860538725345,0.98763633185753,3,1.9568,1.22474487139159,1.21944800627169,14.4,ba1fe1.892ni0.108as2,91,iron_122,iron-based,121500,0.7997,14.8,ARPES measured,High
3,30.3203333333333,15.8346666666667,24.4820959683296,14.3603138342084,0.905294719592208,0.875492596488707,45.034,6.76583333333333,18.8706732848148,8.13787465428713,765.533333333333,779.596666666667,765.092463732759,779.036887310365,1.09803421600559,0.687568216148757,62.9000000000001,520.815,26.0786417505889,29.2663513650442,129.333333333333,106.516666666667,125.31525756624,103.275691708066,1.06941272079632,0.784353252567258,69,55.4,30.2691628926573,27.6354191010176,4024.0,2321.6,3228.94090336192,2246.85867219383,0.881911700472254,0.749159922651556,6136.0,1508.76666666667,2738.27147424551,796.518658496669,15.6333333333333,19.5616666666667,8.99407016794234,11.0455440428466,0.783848830209616,0.190336194886901,26.7,18.5133333333333,10.956378152575,12.3751510652957,24.1666666666667,36.3183333333333,18.1742339580272,28.129310329648,0.826448807839862,0.306400875691111,41.3,33.1033333333333,18.385199361322,19.3594377644485,88.6666666666667,69.9833333333333,69.8827970707053,48.288193174081,0.898527187862812,0.657842714013692,133.0,49.35,54.7255780132918,61.6361613737333,2.66666666666667,2.68333333333333,2.6207413942089,2.63851169008556,1.08219553003877,0.634055793124509,1,1.95,0.471404520791032,0.465176191231762,29.5,mg0.95fe0.05b2,119,iron_other,iron-based,121500,0.7997,29.5,Estimated (family canonical),Medium
4,105.313925,76.633,73.0883762545777,42.6054174665645,1.12584817902596,1.15864641056541,188.3839,31.3836909090909,71.6959238182819,75.2194799690394,787.375,982.4,733.513183093207,905.220525559067,1.31211186553251,0.877226855858847,810.6,648.509090909091,315.724764430983,367.154441123029,150.5,113.727272727273,128.740025194666,88.9630381515022,1.25878050352551,1.30036073254033,205,32.8181818181818,72.5827114401219,79.3531701939797,6080.35725,3608.05218181818,854.262665195479,67.4747244434402,0.998141383301719,0.952104272052556,11848.571,2153.766,4613.60013686521,4695.92053361497,74.6375,95.2,48.3485238699581,65.951977310881,1.05768348464572,0.645370390180314,127.05,74.9181818181818,57.1542362275099,58.6627146568337,6.3805,3.53018181818182,3.14406044539472,1.05329884711804,1.04418073353965,1.17877374986123,12.878,1.33345454545455,4.75542224728783,4.24372995923894,116.006645,48.0144981818182,9.6863760659405,0.808664223122662,0.483727931942032,0.700428338207067,399.97342,36.3491381818182,164.780030624066,112.621930629877,2.25,2.18181818181818,2.21336383940064,2.15301268319815,1.36892236074022,1.19884931291362,1,0.909090909090909,0.433012701892219,0.385694607919935,86.5,tl2ba2cu1o6,52,cuprate_Tl_based,cuprate,320000,2.1061,83.0,ARPES measured,High
4,64.120475,54.33105,33.9816745291756,30.7542900918034,0.875211608433522,1.0033640413319,164.1558,27.15935,66.8462595894256,57.9799475411327,783.775,778.583333333333,756.842289429778,760.389282929366,1.3522137404704,1.31262207018237,572.7,181.233333333333,204.334876795421,168.019050672502,130.0,126.0,117.168269142722,116.053327313551,1.28599393248644,1.27809215361417,150,38.5,58.6259328283994,51.416599135558,5867.25,5806.16666666667,4698.5704888077,4692.77483761293,1.19392316970841,1.15392888337878,7581.0,2592.66666666667,3523.43776552105,3427.62261714378,87.15,81.7166666666667,71.1419562770795,65.9110196899252,1.21144451427218,1.20616336654875,127.2,29.25,50.2454226770957,48.4608232378371,48.55,43.5666666666667,37.5428819450173,34.5754743532723,1.14323272468563,1.20914692301919,87.8,13.8333333333333,34.9157199553439,30.855451526252,68.5,65.3333333333333,48.4354449484381,48.8101027492021,1.10339391224103,1.12757379314866,124.0,27.6666666666667,50.2419147724288,45.2130757881193,3.0,2.83333333333333,2.91295063024394,2.74945927399721,1.35797785498732,1.35458107521317,2,0.5,0.707106781186548,0.687184270936277,16.35,lu1ni2b2c1,154,borocarbide,borocarbide,165000,1.0859,16.7,dHvA measured,High
5,57.577988,66.9254771428571,24.8383927087314,35.1445220742742,1.19933760236224,1.14908435070263,139.10806,33.216960952381,49.082128846094,48.0741486125388,973.96,909.533333333333,922.467756540476,862.579345528998,1.5586553937124,1.59438939740872,773.0,96.6904761904762,304.625721829264,290.740075920111,111.2,122.761904761905,96.5036316230664,109.198584815988,1.4831547909606,1.39610740168513,137,37.1904761904762,54.4844932067832,51.9357705540078,4058.30378,4831.16936666667,131.115834076468,403.547801969662,1.0909163542094,1.0906508385094,7873.9101,1874.74906190476,3382.06978627915,3143.86393829376,73.0,66.2571428571429,59.4978533004305,53.6027298165197,1.44347141826677,1.4981559102184,125.3,16.2619047619048,41.1098041834305,38.8107320875305,9.556,11.3019047619048,3.04187766216273,4.58723423107145,1.00054275330839,0.974630775154673,27.478,6.56352380952381,10.3126618096396,10.3707185493111,28.041416,33.3629161904762,2.90940641930793,5.92928279562761,0.900821491084733,0.897136568925547,78.97342,18.8057266666667,31.4020006697698,31.5740491308408,3.0,3.28571428571429,2.60517108469735,2.92666915492434,1.48975031885059,1.40724146415247,4,1.04761904761905,1.4142135623731,1.35023303607217,45.8,ce1fe1as1h0.6o0.6,99,iron_1111,iron-based,138000,0.9082,45.8,ARPES/DFT measured,High
4,76.5177175,56.8088170714286,59.3100961333418,35.7734324182576,1.19727303349869,0.981879783570863,122.90607,34.8331599285714,44.2894585275144,52.5332069817455,787.05,1011.54071428571,734.219624171273,940.294344338809,1.31300802421591,0.786865234305601,772.0,738.578571428571,314.505965762178,353.819831451067,151.75,104.371428571429,131.302196551623,84.1108347003322,1.27527399052522,1.16005975115976,171,46.8428571428571,65.5796271718588,67.1114577035996,4434.35725,2961.47371428571,674.484751445268,53.4270174887903,0.995982779568411,0.769628332487839,8958.571,1623.48342857143,3402.85619588643,3581.84892090518,79.6075,111.779214285714,48.4772646848066,98.4119621279586,1.09667176877521,0.777657155958259,135.97,81.2886428571429,54.3730969207199,42.5578923529527,6.9055,3.83471428571429,3.47947484936327,1.03921119227177,1.08857534188499,0.96403104867923,12.878,1.74457142857143,4.59906411675245,4.6583013524026,112.006645,61.34376,8.33981834610162,0.629441022509672,0.403693221013522,0.283412116654505,399.97342,57.1276685714286,166.742351106334,138.437713993087,2.25,2.26428571428571,2.21336383940064,2.2262216392083,1.36892236074022,1.04883427304761,1,1.1,0.433012701892219,0.440952123830019,36.8,la1.85sr0.15cu1o4,29,cuprate_LSCO,cuprate,245000,1.6125,31.6,ARPES measured,High
4,69.27,69.916092,68.1076607208905,68.8343688131953,1.3692913104312,1.162903982737,31.775,28.207838,12.852608442647,12.2370161162081,747.625,791.233,734.027825039058,776.297428569388,1.36838023336347,1.09434881440923,397.2,356.394,140.664607755469,147.696203779921,159.5,151.59,155.208305766129,147.062672165318,1.35881027603509,1.19164901927038,105,53.25,37.8582883923719,38.4892439520446,6284.75,5997.42,5701.17848588267,5587.88849214081,1.30438582896005,1.07042246862103,6278.0,2646.14,2401.84505901193,1963.23024212648,54.1825,42.875,31.7286178975511,27.6646314518848,1.01323138246177,0.812301023505836,106.97,30.494,44.1531643118588,34.5585134952301,16.675,18.302,15.1441297665677,16.4600450836612,1.29477649486403,0.973644005020111,19.7,10.564,7.16497557567365,8.00567273875219,63.75,58.96,59.556152468442,56.1429044299562,1.32278147511347,1.10985235023277,56.0,26.5,22.3089107757416,18.0642852058973,3.0,3.57,2.78315768371374,3.35243035969653,1.30860538725345,1.00174961753538,3,1.94,1.22474487139159,1.22682517091882,9.2,sr1fe1.85ni0.15as2,83,iron_122,iron-based,121500,0.7997,8.66,ARPES measured,High
5,60.93397464,71.53033012,44.6093912440798,55.5778315936912,1.34182238539412,1.21128706168307,122.90607,34.01392738,44.8972461624315,44.2493272211698,1047.9,903.63375,969.690878575021,853.055422851735,1.5349583785485,1.51143057507069,1138.9,216.03375,405.086662332889,311.069731709688,111.0,128.025,93.0916906741733,113.019043273226,1.45637559724317,1.31985409972262,153,47.175,59.6992462263972,54.814226027556,3950.025,4937.1172625,231.971507721961,798.411171951636,1.0903632453347,1.08961832439016,7872.571,1968.4364,3303.27832358498,2961.04777538692,123.64,79.1875,79.5122808428765,57.5082868744384,1.23923452185234,1.45267312800138,312.3,25.98125,110.913111939031,66.1996022929896,9.6564,12.006925,2.68290407719922,4.83711440081924,0.995338910983156,0.969736646722624,27.478,6.91525,10.3083129482957,10.256790915992,28.410856,35.506687,2.0678309853957,6.08759898357157,0.915950052563456,0.914357995960106,78.97342,19.74896125,31.2221645006323,31.0930113882186,2.8,3.2125,2.45950948584936,3.00104150967895,1.49440321137961,1.36607818307259,4,1.2125,1.32664991614216,1.14775596273772,20.0,la1fe1as1f0.15o0.85,95,iron_1111,iron-based,138000,0.9082,24.3,ARPES/DFT measured,High
3,63.4576666666667,68.4327741935484,62.1599308314302,66.7182949451162,1.07838561814079,0.660740969303053,31.093,48.892064516129,12.6938177691172,14.446610169885,781.066666666667,842.935483870968,772.421322946613,831.723452235222,1.08735584573996,0.685346675327301,282.6,582.677419354839,118.156092615752,132.266772333325,141.333333333333,127.903225806452,138.008541094272,123.789877925308,1.07565642323821,0.821710519475778,73,61.7741935483871,29.9146935282461,33.9965414167949,6095.33333333333,4851.93548387097,5794.96518756618,4811.3666700592,1.04617176917616,0.814334356478326,4453.0,2820.0,2029.62596444654,763.854695500178,108.5,133.577419354839,59.8514087031084,71.7820107159635,0.772564407721893,0.236070277854487,187.4,123.838709677419,76.9292315486556,86.940538484932,12.4,9.93870967741936,10.9774690335286,8.29515677893557,0.993427996193498,0.804787586073455,13.3,5.60967741935484,5.45221667458903,6.19467395686341,140.84,20.3354838709677,16.6020610011788,2.15651927518083,0.213971538578306,0.723736106715236,399.48,12.5677419354839,183.463487375554,70.0290075767551,4.0,5.2258064516129,3.63424118566428,5.08108675559667,1.01140426470735,0.621914349679774,4,3.80645161290323,1.63299316185545,1.09867008812428,3.9,cu0.1ti1se2,158,chalcogenide,chalcogenide,95000,0.6252,3.9,DFT estimated,Medium
5,63.22488064,74.39396262,45.3219816369091,56.6897890163765,1.32088033921455,1.19169220821373,134.3606,36.87755988,48.9285851754545,48.6670259345705,1047.7,903.38375,969.332198662326,852.661019203467,1.5348178329633,1.51132307089925,1139.9,216.03375,405.337000531656,311.36125700051,119.6,138.775,96.8767112178107,118.792005136408,1.42217879228978,1.28759671546652,196,57.925,72.8329595718861,69.2188512978943,4191.425,5238.8672625,240.441288836698,835.015635813928,1.09120506335897,1.09049842743283,7872.571,1968.4364,3493.55982531664,3125.78371735875,124.04,79.6875,80.1446649370792,58.0805791175073,1.24332122095006,1.45509936897899,312.3,25.98125,110.648300484011,65.980677806082,10.0964,12.556925,2.84853015101062,5.21321880198271,1.03483936462622,1.01033230395233,27.478,6.91525,10.2020627247631,9.9915785736977,28.410856,35.506687,2.0678309853957,6.08759898357157,0.915950052563456,0.914357995960106,78.97342,19.74896125,31.2221645006323,31.0930113882186,2.8,3.2125,2.45950948584936,3.00104150967895,1.49440321137961,1.36607818307259,4,1.2125,1.32664991614216,1.14775596273772,49.5,sm1fe1as1f0.15o0.85,100,iron_1111,iron-based,138000,0.9082,42.3,ARPES/DFT measured,High
3,45.9025333333333,45.9025333333333,30.7376830237545,30.7376830237544,0.847771942608817,0.847771942608817,67.9806,22.6602,28.6295881522751,28.6295881522751,741.733333333333,741.733333333333,720.112888908002,720.112888908002,1.07021662766209,1.07021662766209,426.3,142.1,174.468952984637,174.468952984637,145.666666666667,145.666666666667,143.741434146168,143.741434146168,1.08586196644228,1.08586196644228,53,17.6666666666667,22.8375908439475,22.8375908439475,4712.0,4712.0,2889.5183614054,2889.5183614054,0.815915067134154,0.815915067134154,7339.0,2446.33333333333,3080.89802925489,3080.89802925489,52.6,52.6,43.716521217521,43.716521217521,0.954360096326002,0.954360096326002,62.3,20.7666666666667,26.134396236888,26.134396236888,14.8333333333333,14.8333333333333,10.4671079551234,10.4671079551234,0.839984890670843,0.839984890670843,24.7,8.23333333333333,10.1101708964565,10.1101708964565,71.3333333333333,71.3333333333333,69.5032864239631,69.5032864239631,1.07432700839578,1.07432700839578,35.0,11.6666666666667,15.2825245151302,15.2825245151302,3.0,3.0,2.46621207433047,2.46621207433047,0.936888307539016,0.936888307539016,4,1.33333333333333,1.63299316185545,1.63299316185545,17.5,li1fe1as1,114,iron_111,iron-based,109000,0.7174,15.1,ARPES measured,Medium
4,64.120475,54.33105,33.9816745291756,30.7542900918034,0.875211608433522,1.0033640413319,164.1558,27.15935,66.8462595894256,57.9799475411327,783.775,778.583333333333,756.842289429778,760.389282929366,1.3522137404704,1.31262207018237,572.7,181.233333333333,204.334876795421,168.019050672502,130.0,126.0,117.168269142722,116.053327313551,1.28599393248644,1.27809215361417,150,38.5,58.6259328283994,51.416599135558,5867.25,5806.16666666667,4698.5704888077,4692.77483761293,1.19392316970841,1.15392888337878,7581.0,2592.66666666667,3523.43776552105,3427.62261714378,87.15,81.7166666666667,71.1419562770795,65.9110196899252,1.21144451427218,1.20616336654875,127.2,29.25,50.2454226770957,48.4608232378371,48.55,43.5666666666667,37.5428819450173,34.5754743532723,1.14323272468563,1.20914692301919,87.8,13.8333333333333,34.9157199553439,30.855451526252,68.5,65.3333333333333,48.4354449484381,48.8101027492021,1.10339391224103,1.12757379314866,124.0,27.6666666666667,50.2419147724288,45.2130757881193,3.0,2.83333333333333,2.91295063024394,2.74945927399721,1.35797785498732,1.35458107521317,2,0.5,0.707106781186548,0.687184270936277,15.0,lu1ni2b2c1,154,borocarbide,borocarbide,165000,1.0859,16.7,dHvA measured,High
3,45.9025333333333,45.9025333333333,30.7376830237545,30.7376830237544,0.847771942608817,0.847771942608817,67.9806,22.6602,28.6295881522751,28.6295881522751,741.733333333333,741.733333333333,720.112888908002,720.112888908002,1.07021662766209,1.07021662766209,426.3,142.1,174.468952984637,174.468952984637,145.666666666667,145.666666666667,143.741434146168,143.741434146168,1.08586196644228,1.08586196644228,53,17.6666666666667,22.8375908439475,22.8375908439475,4712.0,4712.0,2889.5183614054,2889.5183614054,0.815915067134154,0.815915067134154,7339.0,2446.33333333333,3080.89802925489,3080.89802925489,52.6,52.6,43.716521217521,43.716521217521,0.954360096326002,0.954360096326002,62.3,20.7666666666667,26.134396236888,26.134396236888,14.8333333333333,14.8333333333333,10.4671079551234,10.4671079551234,0.839984890670843,0.839984890670843,24.7,8.23333333333333,10.1101708964565,10.1101708964565,71.3333333333333,71.3333333333333,69.5032864239631,69.5032864239631,1.07432700839578,1.07432700839578,35.0,11.6666666666667,15.2825245151302,15.2825245151302,3.0,3.0,2.46621207433047,2.46621207433047,0.936888307539016,0.936888307539016,4,1.33333333333333,1.63299316185545,1.63299316185545,15.6,li1fe1as1,114,iron_111,iron-based,109000,0.7174,15.1,ARPES measured,Medium
3,45.9025333333333,45.9025333333333,30.7376830237545,30.7376830237544,0.847771942608817,0.847771942608817,67.9806,22.6602,28.6295881522751,28.6295881522751,741.733333333333,741.733333333333,720.112888908002,720.112888908002,1.07021662766209,1.07021662766209,426.3,142.1,174.468952984637,174.468952984637,145.666666666667,145.666666666667,143.741434146168,143.741434146168,1.08586196644228,1.08586196644228,53,17.6666666666667,22.8375908439475,22.8375908439475,4712.0,4712.0,2889.5183614054,2889.5183614054,0.815915067134154,0.815915067134154,7339.0,2446.33333333333,3080.89802925489,3080.89802925489,52.6,52.6,43.716521217521,43.716521217521,0.954360096326002,0.954360096326002,62.3,20.7666666666667,26.134396236888,26.134396236888,14.8333333333333,14.8333333333333,10.4671079551234,10.4671079551234,0.839984890670843,0.839984890670843,24.7,8.23333333333333,10.1101708964565,10.1101708964565,71.3333333333333,71.3333333333333,69.5032864239631,69.5032864239631,1.07432700839578,1.07432700839578,35.0,11.6666666666667,15.2825245151302,15.2825245151302,3.0,3.0,2.46621207433047,2.46621207433047,0.936888307539016,0.936888307539016,4,1.33333333333333,1.63299316185545,1.63299316185545,16.3,li1fe1as1,114,iron_111,iron-based,109000,0.7174,15.1,ARPES measured,Medium
3,45.9025333333333,45.9025333333333,30.7376830237545,30.7376830237544,0.847771942608817,0.847771942608817,67.9806,22.6602,28.6295881522751,28.6295881522751,741.733333333333,741.733333333333,720.112888908002,720.112888908002,1.07021662766209,1.07021662766209,426.3,142.1,174.468952984637,174.468952984637,145.666666666667,145.666666666667,143.741434146168,143.741434146168,1.08586196644228,1.08586196644228,53,17.6666666666667,22.8375908439475,22.8375908439475,4712.0,4712.0,2889.5183614054,2889.5183614054,0.815915067134154,0.815915067134154,7339.0,2446.33333333333,3080.89802925489,3080.89802925489,52.6,52.6,43.716521217521,43.716521217521,0.954360096326002,0.954360096326002,62.3,20.7666666666667,26.134396236888,26.134396236888,14.8333333333333,14.8333333333333,10.4671079551234,10.4671079551234,0.839984890670843,0.839984890670843,24.7,8.23333333333333,10.1101708964565,10.1101708964565,71.3333333333333,71.3333333333333,69.5032864239631,69.5032864239631,1.07432700839578,1.07432700839578,35.0,11.6666666666667,15.2825245151302,15.2825245151302,3.0,3.0,2.46621207433047,2.46621207433047,0.936888307539016,0.936888307539016,4,1.33333333333333,1.63299316185545,1.63299316185545,16.9,li1fe1as1,114,iron_111,iron-based,109000,0.7174,15.1,ARPES measured,Medium
4,81.69675,79.83356544,76.2051171197932,75.2756283581176,1.3123003689315,1.15250678016903,81.482,28.70086256,32.9321061498881,29.969216022748,736.0,782.12536,717.965297907083,762.873692500667,1.36265459349296,1.06198654277623,443.7,362.57808,157.511856696567,163.255738192783,168.0,158.4488,160.910379765458,151.427661709647,1.3417468814728,1.16997283360829,139,55.812,51.5897276596805,50.817927727919,6504.75,6164.7344,6127.77033154112,5913.81714944007,1.33208909928805,1.07489142958605,5398.0,2787.1088,2075.08305556669,1659.59262418723,56.4125,43.85008,39.350928142586,32.3477757066699,1.09298997574816,0.864325782559446,98.05,29.3484,41.8555906510707,32.2988148388389,16.675,18.27344,15.1441297665677,16.4296217780173,1.29477649486403,0.953750232657754,19.7,10.70848,7.16497557567365,8.01561167762012,59.5,55.4592,50.4345033221085,49.0930357406632,1.25671421421153,0.996812545197546,73.0,27.928,28.2179021190449,23.0117608052926,3.0,3.5784,2.78315768371374,3.36386789194615,1.30860538725345,0.98763633185753,3,1.9568,1.22474487139159,1.21944800627169,14.8,ba1fe1.892ni0.108as2,91,iron_122,iron-based,121500,0.7997,14.8,ARPES measured,High
3,45.9025333333333,45.9025333333333,30.7376830237545,30.7376830237544,0.847771942608817,0.847771942608817,67.9806,22.6602,28.6295881522751,28.6295881522751,741.733333333333,741.733333333333,720.112888908002,720.112888908002,1.07021662766209,1.07021662766209,426.3,142.1,174.468952984637,174.468952984637,145.666666666667,145.666666666667,143.741434146168,143.741434146168,1.08586196644228,1.08586196644228,53,17.6666666666667,22.8375908439475,22.8375908439475,4712.0,4712.0,2889.5183614054,2889.5183614054,0.815915067134154,0.815915067134154,7339.0,2446.33333333333,3080.89802925489,3080.89802925489,52.6,52.6,43.716521217521,43.716521217521,0.954360096326002,0.954360096326002,62.3,20.7666666666667,26.134396236888,26.134396236888,14.8333333333333,14.8333333333333,10.4671079551234,10.4671079551234,0.839984890670843,0.839984890670843,24.7,8.23333333333333,10.1101708964565,10.1101708964565,71.3333333333333,71.3333333333333,69.5032864239631,69.5032864239631,1.07432700839578,1.07432700839578,35.0,11.6666666666667,15.2825245151302,15.2825245151302,3.0,3.0,2.46621207433047,2.46621207433047,0.936888307539016,0.936888307539016,4,1.33333333333333,1.63299316185545,1.63299316185545,17.8,li1fe1as1,114,iron_111,iron-based,109000,0.7174,15.1,ARPES measured,Medium
4,49.16019875,45.9282682916667,36.1695697260736,30.7514731243881,1.20430458953008,0.897237607924252,67.9806,24.4827567083333,25.4278811588285,28.6398999296655,745.825,741.725,729.427382039221,720.104978403587,1.36506946902318,1.11005691867832,426.3,309.0825,151.260658715345,174.468147164461,147.25,145.633333333333,145.763026550537,143.710322899595,1.37666223443235,1.12677036032819,53,54.4,19.9671605392454,22.8254000816829,5759.0,4720.55,3827.95298883351,2892.46922463426,1.16777301133888,0.887068196121143,8365.0,2484.88333333333,3226.07757191299,3091.06811056739,55.75,53.0,48.3110075919426,44.2046803873909,1.27959348885231,0.998287256331235,62.3,25.9566666666667,23.2813766775077,25.9562452343683,15.175,14.8533333333333,11.6747820357478,10.481103335177,1.19594166499179,0.881492949147404,24.7,9.09833333333333,8.77564100222884,10.1104808106352,78.5,71.5083333333333,76.1209159320043,69.6399495812049,1.35789646993122,1.1259191119971,50.0,27.5,18.1452473116241,15.4881652847872,3.25,3.00833333333333,2.78315768371374,2.47213154202052,1.26585675187274,0.986002115424344,4,1.63333333333333,1.4790199457749,1.6355214934557,13.8,li1fe0.975co0.025as1,111,iron_111,iron-based,109000,0.7174,13.0,ARPES measured,Medium
3,45.9025333333333,45.9025333333333,30.7376830237545,30.7376830237544,0.847771942608817,0.847771942608817,67.9806,22.6602,28.6295881522751,28.6295881522751,741.733333333333,741.733333333333,720.112888908002,720.112888908002,1.07021662766209,1.07021662766209,426.3,142.1,174.468952984637,174.468952984637,145.666666666667,145.666666666667,143.741434146168,143.741434146168,1.08586196644228,1.08586196644228,53,17.6666666666667,22.8375908439475,22.8375908439475,4712.0,4712.0,2889.5183614054,2889.5183614054,0.815915067134154,0.815915067134154,7339.0,2446.33333333333,3080.89802925489,3080.89802925489,52.6,52.6,43.716521217521,43.716521217521,0.954360096326002,0.954360096326002,62.3,20.7666666666667,26.134396236888,26.134396236888,14.8333333333333,14.8333333333333,10.4671079551234,10.4671079551234,0.839984890670843,0.839984890670843,24.7,8.23333333333333,10.1101708964565,10.1101708964565,71.3333333333333,71.3333333333333,69.5032864239631,69.5032864239631,1.07432700839578,1.07432700839578,35.0,11.6666666666667,15.2825245151302,15.2825245151302,3.0,3.0,2.46621207433047,2.46621207433047,0.936888307539016,0.936888307539016,4,1.33333333333333,1.63299316185545,1.63299316185545,16.8,li1fe1as1,114,iron_111,iron-based,109000,0.7174,15.1,ARPES measured,Medium
3,45.9025333333333,45.9025333333333,30.7376830237545,30.7376830237544,0.847771942608817,0.847771942608817,67.9806,22.6602,28.6295881522751,28.6295881522751,741.733333333333,741.733333333333,720.112888908002,720.112888908002,1.07021662766209,1.07021662766209,426.3,142.1,174.468952984637,174.468952984637,145.666666666667,145.666666666667,143.741434146168,143.741434146168,1.08586196644228,1.08586196644228,53,17.6666666666667,22.8375908439475,22.8375908439475,4712.0,4712.0,2889.5183614054,2889.5183614054,0.815915067134154,0.815915067134154,7339.0,2446.33333333333,3080.89802925489,3080.89802925489,52.6,52.6,43.716521217521,43.716521217521,0.954360096326002,0.954360096326002,62.3,20.7666666666667,26.134396236888,26.134396236888,14.8333333333333,14.8333333333333,10.4671079551234,10.4671079551234,0.839984890670843,0.839984890670843,24.7,8.23333333333333,10.1101708964565,10.1101708964565,71.3333333333333,71.3333333333333,69.5032864239631,69.5032864239631,1.07432700839578,1.07432700839578,35.0,11.6666666666667,15.2825245151302,15.2825245151302,3.0,3.0,2.46621207433047,2.46621207433047,0.936888307539016,0.936888307539016,4,1.33333333333333,1.63299316185545,1.63299316185545,16.6,li1fe1as1,114,iron_111,iron-based,109000,0.7174,15.1,ARPES measured,Medium
4,49.16019875,45.9282682916667,36.1695697260736,30.7514731243881,1.20430458953008,0.897237607924252,67.9806,24.4827567083333,25.4278811588285,28.6398999296655,745.825,741.725,729.427382039221,720.104978403587,1.36506946902318,1.11005691867832,426.3,309.0825,151.260658715345,174.468147164461,147.25,145.633333333333,145.763026550537,143.710322899595,1.37666223443235,1.12677036032819,53,54.4,19.9671605392454,22.8254000816829,5759.0,4720.55,3827.95298883351,2892.46922463426,1.16777301133888,0.887068196121143,8365.0,2484.88333333333,3226.07757191299,3091.06811056739,55.75,53.0,48.3110075919426,44.2046803873909,1.27959348885231,0.998287256331235,62.3,25.9566666666667,23.2813766775077,25.9562452343683,15.175,14.8533333333333,11.6747820357478,10.481103335177,1.19594166499179,0.881492949147404,24.7,9.09833333333333,8.77564100222884,10.1104808106352,78.5,71.5083333333333,76.1209159320043,69.6399495812049,1.35789646993122,1.1259191119971,50.0,27.5,18.1452473116241,15.4881652847872,3.25,3.00833333333333,2.78315768371374,2.47213154202052,1.26585675187274,0.986002115424344,4,1.63333333333333,1.4790199457749,1.6355214934557,13.0,li1fe0.975co0.025as1,111,iron_111,iron-based,109000,0.7174,13.0,ARPES measured,Medium
4,49.10025,45.9215226666667,36.1327205972155,30.7478788235873,1.20430202940422,0.889143670237158,67.9806,24.5825773333333,25.4050420973377,28.6371201069268,740.35,741.580666666667,724.101407104214,719.965848708583,1.36495257929952,1.1028588159515,426.3,310.492,151.113541749242,174.463708813291,146.5,145.62,145.038415744705,143.697446702635,1.37673766243133,1.11962807379427,53,54.6733333333333,19.8305320150519,22.823575530578,5761.0,4718.89333333333,3828.81291318042,2891.89613288488,1.16769766269772,0.875731469965583,8373.0,2512.78666666667,3228.02609964666,3089.11092311184,67.825,53.242,55.4923557562568,44.2699173699323,1.23485359549341,1.01262244942296,96.3,25.7433333333333,34.7513578871387,26.4379557202645,15.425,14.856,11.850921988142,10.4824878042101,1.1976099813975,0.876642206501552,24.7,9.11866666666667,8.81543390877613,10.1116400252382,76.25,71.4133333333333,74.3471548523878,69.5688411510832,1.36325898148934,1.1146932755083,41.0,27.7266666666667,15.7380907355371,15.3536908338752,2.75,2.99333333333333,2.34034731932072,2.45955465658393,1.2406842919534,0.960149247754363,4,1.65333333333333,1.4790199457749,1.63501953776978,10.58,li1fe0.98ni0.02as1,110,iron_111,iron-based,109000,0.7174,10.58,ARPES measured,Medium
3,86.2991,65.78961,64.9841388343543,49.7653999076525,0.836621256214373,1.01375868965833,146.8813,20.95061,63.713516240172,55.8963352924045,686.033333333333,723.33,673.92717281719,714.207560843491,1.08177984360802,0.972338045687426,273.0,290.4,122.844897691719,105.808100351533,161.333333333333,145.7,155.466123726079,140.569407947881,1.06230574309085,1.09318642361572,106,12.1,43.4383343245213,40.6276999102829,6681.66666666667,5495.4,5651.93104140329,4478.62221543402,0.96648042123719,1.05952552696123,7511.0,1197.2,3180.1492976833,3237.90794186617,67.9333333333333,83.01,49.2792029645294,60.0271403529167,0.828785028091813,0.599330283505949,117.9,62.39,49.5152726158528,53.4279599086471,28.6666666666667,33.64,24.7933471575438,28.8934978428896,0.956587820835388,0.742388739986737,36.4,20.96,15.5900253010984,16.8018570402203,81.6666666666667,101.9,57.4485993079198,79.0965886853516,0.843531296197096,0.6734968494775,134.0,71.8,54.7377586517956,52.8194093113507,3.33333333333333,3.5,3.30192724889463,3.46410161513775,1.08889997534522,0.971341676275867,1,1.4,0.471404520791032,0.5,2.78,lu2fe3si5,120,iron_other,iron-based,121500,0.7997,6.25,Estimated (family canonical),Medium
3,45.9025333333333,45.9025333333333,30.7376830237545,30.7376830237544,0.847771942608817,0.847771942608817,67.9806,22.6602,28.6295881522751,28.6295881522751,741.733333333333,741.733333333333,720.112888908002,720.112888908002,1.07021662766209,1.07021662766209,426.3,142.1,174.468952984637,174.468952984637,145.666666666667,145.666666666667,143.741434146168,143.741434146168,1.08586196644228,1.08586196644228,53,17.6666666666667,22.8375908439475,22.8375908439475,4712.0,4712.0,2889.5183614054,2889.5183614054,0.815915067134154,0.815915067134154,7339.0,2446.33333333333,3080.89802925489,3080.89802925489,52.6,52.6,43.716521217521,43.716521217521,0.954360096326002,0.954360096326002,62.3,20.7666666666667,26.134396236888,26.134396236888,14.8333333333333,14.8333333333333,10.4671079551234,10.4671079551234,0.839984890670843,0.839984890670843,24.7,8.23333333333333,10.1101708964565,10.1101708964565,71.3333333333333,71.3333333333333,69.5032864239631,69.5032864239631,1.07432700839578,1.07432700839578,35.0,11.6666666666667,15.2825245151302,15.2825245151302,3.0,3.0,2.46621207433047,2.46621207433047,0.936888307539016,0.936888307539016,4,1.33333333333333,1.63299316185545,1.63299316185545,17.4,li1fe1as1,114,iron_111,iron-based,109000,0.7174,15.1,ARPES measured,Medium
5,97.8686,78.543125,71.9985631357199,58.5439568947932,1.37650032522038,1.33219069142686,176.2176,33.59015,64.268314636561,52.7932749407003,885.32,893.03125,849.42440372901,848.368314594807,1.56881548716221,1.42436221990428,773.0,301.146875,253.813698605887,282.673935875661,147.2,139.75,129.605678458267,119.923427677409,1.50523220804202,1.37216540101215,190,53.875,63.782129158566,69.2238217667878,8703.0858,5697.79475,1606.17069093428,857.414033105515,1.2175877293267,1.33285337777178,22558.571,1837.89275,7471.27972747953,4326.51047293112,88.64,76.903125,68.7001210874846,60.2554502341097,1.41634644325256,1.32535404960968,135.3,31.8625,52.049192116689,46.8729098492335,15.2444,12.93675,7.15518423606951,5.28602709114552,1.30577039545641,1.16801750464059,27.478,6.8695,10.4314009337193,10.2626298012498,58.405316,37.725395,11.5408377844554,6.20120175652587,1.13742671888997,1.19548375970502,149.97342,17.274605,53.5800261687079,36.2269029688997,3.8,3.34375,3.51948202893552,3.14751504520776,1.53519084913132,1.46838567879551,4,1.0625,1.46969384566991,1.18873291260064,16.5,sm1fe0.875ir0.125as1o1,96,iron_1111,iron-based,138000,0.9082,16.5,ARPES/DFT measured,High
2,17.558,15.309,16.2099153298221,14.1625825206729,0.617382033211245,0.691439830850295,13.494,0.894333333333334,6.747,6.36113260355418,768.75,779.233333333333,768.106411898768,778.658644365361,0.692310109639013,0.623349853826967,62.9000000000001,287.7,31.45,29.6513443577559,116.0,106.333333333333,112.316517040015,103.149905830212,0.661563238157982,0.689009238476659,58,9.66666666666667,29.0,27.3414622058798,2099.0,2219.33333333333,2067.72338575545,2190.9879823189,0.678283686496967,0.574141240874938,722.0,1060.66666666667,361.0,340.354064011125,14.85,19.3,6.50384501660364,10.6054676906229,0.199999657250238,0.120212061577419,26.7,18.3,13.35,12.5865007051205,29.35,36.2333333333333,20.8566536146142,27.9138508582921,0.419593720110814,0.278859237346522,41.3,30.4333333333333,20.65,19.4690067086696,93.5,71.3333333333333,65.7267069006199,48.8595170987083,0.412844414611115,0.564887468517725,133.0,35.3333333333333,66.5,62.6968012652072,2.5,2.66666666666667,2.44948974278318,2.6207413942089,0.673011667009257,0.562335144618808,1,1.33333333333333,0.5,0.471404520791032,40.5,b2mg1,127,MgB2_type,MgB2,560000,3.6856,40.0,DFT calculated,High
2,67.4025,67.0450515463917,66.4042257691481,66.0495086215568,0.678373316815239,0.683132077165277,23.115,9.47288659793814,11.5575,11.5519711241421,849.75,846.946391752577,844.900964610645,842.107336259114,0.687446194319475,0.690256290865193,181.3,64.3690721649484,90.65,90.6066348607815,129.5,130.319587628866,126.759615019927,127.57596456944,0.672061177844016,0.665494713248822,53,30.5051546391753,26.5,26.4873229322748,6346.5,6393.74226804124,6159.93555161091,6206.8845966354,0.66389649173122,0.656350207320138,3055.0,1723.78350515464,1527.5,1526.76927468112,106.85,104.077319587629,58.1360473372588,55.9870057328532,0.279956367032756,0.291257280801797,179.3,86.3453608247423,89.65,89.6071132406957,9.6,9.7298969072165,8.6324967419629,8.75866150617316,0.594130022724839,0.582174590726767,8.4,4.49690721649485,4.2,4.19799080436053,39.76,40.9736082474227,6.40936814358483,6.92710334934809,0.0394097371239318,0.0374389743212767,78.48,40.4696907216495,39.24,39.2212283721684,4.5,4.45360824742268,4.24264068711928,4.19740764823011,0.636514168294813,0.645710106487198,3,1.36082474226804,1.5,1.49928243012876,8.79,fe1se0.94,103,iron_11,iron-based,95000,0.6252,8.79,ARPES measured,Medium
4,74.7668405,75.3772562,64.9509200086705,68.8377098424565,1.25235119091335,1.22026653570632,106.353238,24.3680238,39.3372192699957,33.4273403185301,804.75,789.12,777.255431401199,768.467312329024,1.35424885512408,1.2610209504779,508.7,203.14,197.527649963239,170.660117192038,155.25,157.0,144.90855028453,149.302818584502,1.3154236522947,1.23678155470725,155,52.6,60.280075481041,52.406106514413,4733.5,5752.0,4121.48852166217,5260.1291732351,1.26433901246505,1.05680576935466,6051.0,2967.3,2281.323354985,2085.75118362666,46.1625,41.07,35.1795691658995,30.7709578095194,1.15855848865713,1.11570989220024,64.05,20.76,29.9463556839559,30.0171884093098,12.535,15.494,6.65131022184429,11.2184165075071,1.03141237144849,0.958962396242473,27.06,8.246,9.92011466667599,8.89606227496188,36.809,50.2236,11.3813925051241,28.6475534986937,0.968065319414094,0.84495168750635,78.764,31.5764,30.1887635222114,28.0855046712713,3.75,3.6,3.49963551158058,3.39345819027159,1.32294951100453,1.24929672121613,3,1.1,1.29903810567666,1.2,29.9,ba1fe2as1.5p0.5,85,iron_122,iron-based,121500,0.7997,15.9,ARPES measured,High
4,53.17239107,51.2624170766667,48.7945688051842,45.8268390936869,1.31475818124945,1.02355930364751,51.93183072,24.7774226833333,18.8702705837224,21.4513249315773,739.75,733.63,720.750466859291,708.710993049052,1.36177029969475,1.08507238307143,450.6,312.873,160.422855291882,184.835519043283,153.0,153.32,150.541645796024,150.045651478035,1.3705418035466,1.09625557312591,76,62.8266666666667,26.9258240356725,31.083826448278,5867.25,4859.75333333333,4439.63216699754,3522.43752396502,1.2098110527298,0.913006905458908,7932.0,2568.75333333333,3051.51350767123,2889.97825006041,54.05,50.4933333333333,46.9067939516844,42.2176639758783,1.27778509150979,0.975243270144288,62.3,26.2826666666667,23.0760156872888,25.5303862528992,15.075,14.708,11.264497020771,9.98488010177614,1.18348440392156,0.842709217184177,25.1,9.17933333333333,8.91498037014104,10.2670055355331,92.25,89.7366666666667,86.234546308491,82.1453441544486,1.32235629612613,1.03258706303813,90.0,46.3333333333333,32.7900518450337,37.5081411903543,3.25,3.00333333333333,2.78315768371374,2.46857815861804,1.26585675187274,0.96065876429115,4,1.65333333333333,1.4790199457749,1.6340100638885,13.7,na1fe0.99co0.01as1,112,iron_111,iron-based,109000,0.7174,17.8,ARPES measured,Medium
4,91.48215,72.1724411219512,75.6275023671877,65.1481646829288,1.18917288760684,1.27498488334943,155.006,23.117287804878,61.0737018631383,39.9568841332669,790.7,809.086975609756,778.60189379414,795.136702987587,1.37149323002252,1.1993220805828,356.8,341.849282926829,133.876118109243,144.570369990347,160.25,148.608634146341,157.199482313773,144.897272849909,1.36810411250296,1.30651155605339,80,35.0512682926829,29.9029680801087,33.3071845115384,9150.25,6539.29326829268,6222.57868587677,5014.27728058654,1.06784085256495,1.24453095184557,19900.0,2136.24390243902,7456.45868945172,5060.96686843132,76.8425,57.3651317073171,32.3436678757384,28.9012545651093,0.832816645696787,0.917740169914075,202.93,33.9585365853659,80.2779977250928,56.3917626816941,17.51,19.1448487804878,15.9849646598564,17.2007868996088,1.30139362199501,1.04348146158839,19.16,10.4663414634146,7.1459988804925,8.14013365393726,100.0,95.1026341463415,86.54089055089,80.3292726073352,1.23371135911838,1.17297291019353,150.0,42.7645365853659,58.6983815790521,60.7150979968623,4.0,3.88834146341463,3.66284150148471,3.60641719183491,1.30509637194834,1.15732845678139,4,1.70731707317073,1.58113883008419,1.40478995235302,11.85,ca10pt3.474fe9.526as18,84,iron_122,iron-based,121500,0.7997,11.85,ARPES measured,High
4,91.48215,72.6580795853659,75.6275023671877,65.4330088821117,1.18917288760684,1.27547734486148,155.006,23.117287804878,61.0737018631383,40.5965280793031,790.7,809.467146341463,778.60189379414,795.508890682657,1.37149323002252,1.20264491879174,356.8,338.821519512195,133.876118109243,144.581737397673,160.25,148.68187804878,157.199482313773,144.961112400419,1.36810411250296,1.31011515290915,80,34.4339268292683,29.9029680801087,33.3464247307952,9150.25,6586.64370731707,6222.57868587677,5031.83451645966,1.06784085256495,1.24457982646754,19900.0,2136.24390243902,7456.45868945172,5136.18253559092,76.8425,58.0264195121951,32.3436678757384,29.1530234269443,0.832816645696787,0.91907387063376,202.93,33.9585365853659,80.2779977250928,57.0250150463265,17.51,19.1664731707317,15.9849646598564,17.2230625301884,1.30139362199501,1.04654875894553,19.16,10.3965853658537,7.1459988804925,8.13413924872035,100.0,95.0747317073171,86.54089055089,80.2993646906179,1.23371135911838,1.17566508304448,150.0,42.5169024390244,58.6983815790521,60.7243293192233,4.0,3.89880487804878,3.66284150148471,3.61514647696093,1.30509637194834,1.1604038252202,4,1.70731707317073,1.58113883008419,1.40929961362083,13.6,ca10pt3.617fe9.383as18,92,iron_122,iron-based,121500,0.7997,13.6,ARPES measured,High
4,74.7668405,75.3772562,64.9509200086705,68.8377098424565,1.25235119091335,1.22026653570632,106.353238,24.3680238,39.3372192699957,33.4273403185301,804.75,789.12,777.255431401199,768.467312329024,1.35424885512408,1.2610209504779,508.7,203.14,197.527649963239,170.660117192038,155.25,157.0,144.90855028453,149.302818584502,1.3154236522947,1.23678155470725,155,52.6,60.280075481041,52.406106514413,4733.5,5752.0,4121.48852166217,5260.1291732351,1.26433901246505,1.05680576935466,6051.0,2967.3,2281.323354985,2085.75118362666,46.1625,41.07,35.1795691658995,30.7709578095194,1.15855848865713,1.11570989220024,64.05,20.76,29.9463556839559,30.0171884093098,12.535,15.494,6.65131022184429,11.2184165075071,1.03141237144849,0.958962396242473,27.06,8.246,9.92011466667599,8.89606227496188,36.809,50.2236,11.3813925051241,28.6475534986937,0.968065319414094,0.84495168750635,78.764,31.5764,30.1887635222114,28.0855046712713,3.75,3.6,3.49963551158058,3.39345819027159,1.32294951100453,1.24929672121613,3,1.1,1.29903810567666,1.2,15.9,ba1fe2as1.5p0.5,85,iron_122,iron-based,121500,0.7997,15.9,ARPES measured,High
4,76.797975,75.2535198,68.8456154214048,70.9725176289125,1.27635655631019,1.17313739722155,98.2287,28.1701182,37.1738359167019,28.3589761855739,656.575,778.756,623.416605220372,756.982290750009,1.33563925866593,1.03880693701353,527.7,359.229,209.053119744719,170.565232283722,191.5,158.14,181.839848597122,151.296969358362,1.33770223288979,1.25794714975746,139,51.222,58.5256354087677,49.9818006878504,4491.75,6020.316,3411.73953961297,5527.39022971994,1.19001439294508,0.955913555100164,7018.0,3110.224,2605.18563398081,1898.98881411766,40.5125,43.3547,32.0428510683132,32.7767464684322,1.17422870766256,0.834333549613304,64.05,29.5046,26.3616761369606,30.3002744692189,12.9575,17.93918,9.18758120972356,15.4496189540271,1.11504399590603,0.874804905526902,25.37,10.97282,9.42830412905736,8.44887864320467,61.75,58.972,51.6377606524012,52.9603448131316,1.24488938578894,1.0437500816624,82.0,28.828,30.8737347918907,22.9912856534818,2.75,3.554,2.34034731932072,3.28696532747714,1.2406842919534,0.958359858627418,4,1.954,1.4790199457749,1.27713899008683,16.5,ba0.77k0.23fe2as2,86,iron_122,iron-based,121500,0.7997,16.5,ARPES measured,High
4,60.931453,60.931453,44.4379616806093,44.4379616806093,1.09534782194759,1.09534782194759,124.90825,31.2270625,48.3177418955768,48.3177418955768,902.5,902.5,853.549430903289,853.549430903289,1.33301571129344,1.33301571129344,786.5,196.625,292.520264255316,292.520264255316,137.25,137.25,116.030514014565,116.030514014565,1.23753210688051,1.23753210688051,199,49.75,73.9978884833885,73.9978884833885,4084.60725,4084.60725,607.499041174659,607.499041174659,0.963227445000677,0.963227445000677,7872.571,1968.14275,3266.37189765,3266.37189765,70.925,70.925,55.0011964297805,55.0011964297805,1.17421214199081,1.17421214199081,125.3,31.325,45.7961993510379,45.7961993510379,5.3905,5.3905,1.91785284622409,1.91785284622409,0.80174721379371,0.80174721379371,13.578,3.3945,5.52899002983366,5.52899002983366,23.065645,23.065645,1.59315986021944,1.59315986021944,0.426622582541104,0.426622582541104,78.97342,19.743355,32.7183453334376,32.7183453334376,3.5,3.5,3.30975091964687,3.30975091964687,1.33373602720281,1.33373602720281,3,0.75,1.11803398874989,1.11803398874989,3.96,pr1fe1p1o1,117,iron_other,iron-based,121500,0.7997,3.96,Estimated (family canonical),Medium
3,57.9677666666667,64.6655106280193,55.6565697912206,62.8002941706281,1.05880693332339,0.885790218047271,39.8617,32.6673879227053,16.3425494841601,14.8191249267092,706.0,798.967632850242,668.501456884176,774.468274300961,1.0486584260497,0.880441970433453,521.9,395.669082125604,216.347883434682,174.76277659388,167.333333333333,142.584541062802,157.466931833116,135.829868600341,1.03937989329664,1.07466370983473,140,24.7391304347826,57.7138535265918,47.301391065909,4516.33333333333,5414.95652173913,3190.62208613824,4551.63581845097,0.857576838176928,0.776938152202115,7018.0,2847.09178743961,2873.06878132463,2315.57702099037,87.8666666666667,108.399516908213,55.2497752562127,64.7685543552039,0.712169307971401,0.461424272246543,179.3,88.4463768115942,77.9667592987906,85.8086448228654,7.17666666666667,8.13512077294686,5.57882736371624,6.83594230367886,0.872612476978378,0.779809047317592,11.47,4.87357487922705,4.84820470781597,4.51966116680317,59.84,44.0289855072464,16.0156097659978,7.21181659942347,0.704082538217507,0.658471780178499,99.48,29.5169082125604,42.8127457657179,42.5937367017403,3.33333333333333,4.16908212560387,2.6207413942089,3.5950364584537,0.89794572485678,0.720606448681345,5,2.75845410628019,2.05480466765633,1.8818766016878,31.9,k0.58fe1.56se2,109,iron_11,iron-based,95000,0.6252,31.9,ARPES measured,Medium
3,45.9025333333333,45.9025333333333,30.7376830237545,30.7376830237544,0.847771942608817,0.847771942608817,67.9806,22.6602,28.6295881522751,28.6295881522751,741.733333333333,741.733333333333,720.112888908002,720.112888908002,1.07021662766209,1.07021662766209,426.3,142.1,174.468952984637,174.468952984637,145.666666666667,145.666666666667,143.741434146168,143.741434146168,1.08586196644228,1.08586196644228,53,17.6666666666667,22.8375908439475,22.8375908439475,4712.0,4712.0,2889.5183614054,2889.5183614054,0.815915067134154,0.815915067134154,7339.0,2446.33333333333,3080.89802925489,3080.89802925489,52.6,52.6,43.716521217521,43.716521217521,0.954360096326002,0.954360096326002,62.3,20.7666666666667,26.134396236888,26.134396236888,14.8333333333333,14.8333333333333,10.4671079551234,10.4671079551234,0.839984890670843,0.839984890670843,24.7,8.23333333333333,10.1101708964565,10.1101708964565,71.3333333333333,71.3333333333333,69.5032864239631,69.5032864239631,1.07432700839578,1.07432700839578,35.0,11.6666666666667,15.2825245151302,15.2825245151302,3.0,3.0,2.46621207433047,2.46621207433047,0.936888307539016,0.936888307539016,4,1.33333333333333,1.63299316185545,1.63299316185545,17.3,li1fe1as1,114,iron_111,iron-based,109000,0.7174,15.1,ARPES measured,Medium
4,81.69675,79.83356544,76.2051171197932,75.2756283581176,1.3123003689315,1.15250678016903,81.482,28.70086256,32.9321061498881,29.969216022748,736.0,782.12536,717.965297907083,762.873692500667,1.36265459349296,1.06198654277623,443.7,362.57808,157.511856696567,163.255738192783,168.0,158.4488,160.910379765458,151.427661709647,1.3417468814728,1.16997283360829,139,55.812,51.5897276596805,50.817927727919,6504.75,6164.7344,6127.77033154112,5913.81714944007,1.33208909928805,1.07489142958605,5398.0,2787.1088,2075.08305556669,1659.59262418723,56.4125,43.85008,39.350928142586,32.3477757066699,1.09298997574816,0.864325782559446,98.05,29.3484,41.8555906510707,32.2988148388389,16.675,18.27344,15.1441297665677,16.4296217780173,1.29477649486403,0.953750232657754,19.7,10.70848,7.16497557567365,8.01561167762012,59.5,55.4592,50.4345033221085,49.0930357406632,1.25671421421153,0.996812545197546,73.0,27.928,28.2179021190449,23.0117608052926,3.0,3.5784,2.78315768371374,3.36386789194615,1.30860538725345,0.98763633185753,3,1.9568,1.22474487139159,1.21944800627169,16.0,ba1fe1.892ni0.108as2,91,iron_122,iron-based,121500,0.7997,14.8,ARPES measured,High
3,45.9025333333333,45.9025333333333,30.7376830237545,30.7376830237544,0.847771942608817,0.847771942608817,67.9806,22.6602,28.6295881522751,28.6295881522751,741.733333333333,741.733333333333,720.112888908002,720.112888908002,1.07021662766209,1.07021662766209,426.3,142.1,174.468952984637,174.468952984637,145.666666666667,145.666666666667,143.741434146168,143.741434146168,1.08586196644228,1.08586196644228,53,17.6666666666667,22.8375908439475,22.8375908439475,4712.0,4712.0,2889.5183614054,2889.5183614054,0.815915067134154,0.815915067134154,7339.0,2446.33333333333,3080.89802925489,3080.89802925489,52.6,52.6,43.716521217521,43.716521217521,0.954360096326002,0.954360096326002,62.3,20.7666666666667,26.134396236888,26.134396236888,14.8333333333333,14.8333333333333,10.4671079551234,10.4671079551234,0.839984890670843,0.839984890670843,24.7,8.23333333333333,10.1101708964565,10.1101708964565,71.3333333333333,71.3333333333333,69.5032864239631,69.5032864239631,1.07432700839578,1.07432700839578,35.0,11.6666666666667,15.2825245151302,15.2825245151302,3.0,3.0,2.46621207433047,2.46621207433047,0.936888307539016,0.936888307539016,4,1.33333333333333,1.63299316185545,1.63299316185545,15.1,li1fe1as1,114,iron_111,iron-based,109000,0.7174,15.1,ARPES measured,Medium
5,78.481359,79.92861307,73.9657107536573,75.3951092703133,1.54437511039491,1.19230929307943,81.482,29.4456,30.1385547796626,29.9062669648994,774.34,783.7676,756.546040810124,764.432193936026,1.58793598426661,1.11845356922022,443.7,371.2336,155.698793829625,163.508344222061,163.4,158.384,157.563776200864,151.361662010927,1.57098917779271,1.21833556888006,139,55.96,47.1406406405344,50.8301145385292,6630.2,6163.204,6316.8939472002,5912.26024654792,1.56624462027139,1.13736235366471,5390.0,2824.764,1871.38156451323,1660.60214090673,35.77,42.8924,18.3245189640711,31.5293579709498,1.2051119680147,0.822963378176696,78.0,31.788,30.6940319932068,30.9015372148377,14.61,18.2108,12.9494176820814,16.3374149504419,1.4898044232452,0.977323111928863,20.35,11.0212,7.36114121587135,8.06470231068699,73.4,56.074,61.1237751355649,49.409159724563,1.46985707968648,1.09755595015219,102.0,27.954,36.1308732249859,24.0813729675033,3.2,3.618,2.99255573947769,3.40786341215796,1.5437891850589,1.05903418280815,3,1.984,1.16619037896906,1.20502116163991,20.0,ba1fe1.83zn0.04co0.13as2,88,iron_122,iron-based,121500,0.7997,20.0,ARPES measured,High
3,45.9025333333333,45.9025333333333,30.7376830237545,30.7376830237544,0.847771942608817,0.847771942608817,67.9806,22.6602,28.6295881522751,28.6295881522751,741.733333333333,741.733333333333,720.112888908002,720.112888908002,1.07021662766209,1.07021662766209,426.3,142.1,174.468952984637,174.468952984637,145.666666666667,145.666666666667,143.741434146168,143.741434146168,1.08586196644228,1.08586196644228,53,17.6666666666667,22.8375908439475,22.8375908439475,4712.0,4712.0,2889.5183614054,2889.5183614054,0.815915067134154,0.815915067134154,7339.0,2446.33333333333,3080.89802925489,3080.89802925489,52.6,52.6,43.716521217521,43.716521217521,0.954360096326002,0.954360096326002,62.3,20.7666666666667,26.134396236888,26.134396236888,14.8333333333333,14.8333333333333,10.4671079551234,10.4671079551234,0.839984890670843,0.839984890670843,24.7,8.23333333333333,10.1101708964565,10.1101708964565,71.3333333333333,71.3333333333333,69.5032864239631,69.5032864239631,1.07432700839578,1.07432700839578,35.0,11.6666666666667,15.2825245151302,15.2825245151302,3.0,3.0,2.46621207433047,2.46621207433047,0.936888307539016,0.936888307539016,4,1.33333333333333,1.63299316185545,1.63299316185545,15.0,li1fe1as1,114,iron_111,iron-based,109000,0.7174,15.1,ARPES measured,Medium
3,87.4683333333333,79.5625,82.5557580889105,74.8697876137856,1.04127006958543,1.07975516913754,71.755,12.16,29.905281677694,29.2959213244779,856.166666666667,831.9,852.858789145939,828.385703159405,1.09478408478893,1.06579219659441,181.3,162.3,74.5696244384326,77.0524821144653,127.333333333333,134.5,125.493811962421,132.509764827919,1.08402453889614,0.969842284892234,53,52.25,21.853044537445,22.6329405955126,6311.0,6701.75,6186.50890144244,6571.02446621076,1.07897043586277,0.960307162768716,3055.0,2732.25,1248.20858299671,1275.3725681149,135.133333333333,105.65,86.5308636119092,57.777718729536,0.839248416383795,0.918831663909307,179.3,40.525,83.414480490833,88.4662788863644,12.2333333333333,12.625,10.9253904071815,11.5823716248894,1.0028994706628,0.93649244335651,12.1,5.55,5.06249828532207,4.43642592635108,27.5066666666667,40.38,4.97642232675805,9.93332614861179,0.194158290628553,0.114063035908906,78.48,39.37,36.4253586880837,38.6299521097296,5.0,4.5,4.7622031559046,4.24264068711928,1.05492016798614,1.09861228866811,3,0.0,1.4142135623731,1.5,15.6,fe1te0.5se0.5,107,iron_11,iron-based,95000,0.6252,14.3,ARPES measured,Medium
4,81.75669875,79.8955678,76.2828331659138,75.3568523438184,1.31259587756208,1.18603089464736,81.482,27.6113122,32.8903686946309,29.9229276351082,741.475,782.58,723.246139987131,763.338359957867,1.36274578473721,1.10825829944586,443.7,348.156,157.803998285848,163.156383877555,168.75,158.44,161.714286781057,151.420488765141,1.34244374262868,1.21572847533476,139,50.08,51.3292070852453,50.8142342262481,6502.75,6183.44,6126.39407758987,5927.04527315832,1.33216903974058,1.13678167525772,5390.0,2478.64,2072.76836320415,1684.29710158273,44.3375,43.69,34.2584660957039,32.7561380621539,1.16644465627036,0.86371395091204,64.05,29.192,28.4718144618498,30.7175584967295,16.425,18.296,14.9190429506386,16.4568600810136,1.29351872952397,0.989125528736617,19.7,10.432,7.15973986957627,8.00177380335135,61.75,56.04,51.6377606524012,49.4069739881088,1.24488938578894,1.0766988370367,82.0,24.84,30.8737347918907,23.8972467033338,3.5,3.64,3.30975091964687,3.43273321468726,1.33373602720281,1.06954330840757,3,1.84,1.11803398874989,1.19599331101808,18.9,ba1fe1.8co0.2as2,87,iron_122,iron-based,121500,0.7997,24.0,ARPES measured,High
5,60.93397464,71.53033012,44.6093912440798,55.5778315936912,1.34182238539412,1.21128706168307,122.90607,34.01392738,44.8972461624315,44.2493272211698,1047.9,903.63375,969.690878575021,853.055422851735,1.5349583785485,1.51143057507069,1138.9,216.03375,405.086662332889,311.069731709688,111.0,128.025,93.0916906741733,113.019043273226,1.45637559724317,1.31985409972262,153,47.175,59.6992462263972,54.814226027556,3950.025,4937.1172625,231.971507721961,798.411171951636,1.0903632453347,1.08961832439016,7872.571,1968.4364,3303.27832358498,2961.04777538692,123.64,79.1875,79.5122808428765,57.5082868744384,1.23923452185234,1.45267312800138,312.3,25.98125,110.913111939031,66.1996022929896,9.6564,12.006925,2.68290407719922,4.83711440081924,0.995338910983156,0.969736646722624,27.478,6.91525,10.3083129482957,10.256790915992,28.410856,35.506687,2.0678309853957,6.08759898357157,0.915950052563456,0.914357995960106,78.97342,19.74896125,31.2221645006323,31.0930113882186,2.8,3.2125,2.45950948584936,3.00104150967895,1.49440321137961,1.36607818307259,4,1.2125,1.32664991614216,1.14775596273772,26.2,la1fe1as1f0.15o0.85,95,iron_1111,iron-based,138000,0.9082,24.3,ARPES/DFT measured,High
6,61.8437413666667,74.3646679335,46.7989679265695,56.6098373303278,1.54463825663281,1.21282204282573,134.3606,37.1779646625,44.7721241531842,48.6959597662849,992.55,900.31475,921.77911793652,850.720827457992,1.7177303439653,1.5169747091833,1139.9,283.506,390.029079044114,306.230127285735,126.5,138.8575,105.435566323049,118.939172380498,1.63725809381765,1.32228070968415,196,58.2925,68.2538155221621,69.1685057938221,4737.85416666667,5235.83526,426.312080654252,833.614182127099,1.38040303607639,1.1391700166394,7872.571,1909.39412,3415.21952175974,3123.426138983,103.616666666667,78.16725,41.2962602829784,56.6702143032338,1.2572727988603,1.43082865838696,328.0,31.33875,110.851709003014,62.6837028456161,10.6136666666667,12.55214,3.67801084783307,5.20530895258825,1.33066834178414,1.04563298825047,27.478,6.9172,9.38471597273401,9.99150398590723,24.9590466666667,34.9719286,2.57440964080047,5.98037031592452,1.07152233670091,0.930502973535409,78.97342,19.156669,29.5284253184773,30.9532157205743,3.0,3.2275,2.66716827534,3.02319922804416,1.69201980790846,1.40095797947833,4,1.22,1.29099444873581,1.13830740575646,31.3,sm1fe0.97mn0.03as1f0.12o0.88,97,iron_1111,iron-based,138000,0.9082,31.3,ARPES/DFT measured,High
4,53.17239107,51.2830050433333,48.7945688051842,45.8432860945991,1.31475818124945,1.05331318011513,51.93183072,24.3845347166667,18.8702705837224,21.4571943468946,739.75,733.623333333333,720.750466859291,708.704764839353,1.36177029969475,1.11220404863507,450.6,307.819,160.422855291882,184.834618300313,153.0,153.293333333333,150.541645796024,150.01967033581,1.3705418035466,1.12245181766088,76,61.8133333333333,26.9258240356725,31.0832316352224,5867.25,4866.59333333333,4439.63216699754,3525.31500567891,1.2098110527298,0.959125734448919,7932.0,2456.92666666667,3051.51350767123,2898.30644249745,54.05,50.8133333333333,46.9067939516844,42.5943824974995,1.27778509150979,1.00522870549352,62.3,25.848,23.0760156872888,25.4116211385439,15.075,14.724,11.264497020771,9.9955591560268,1.18348440392156,0.870780981223243,25.1,9.07133333333333,8.91498037014104,10.2674481087886,92.25,89.8766666666667,86.234546308491,82.2745355869611,1.32235629612613,1.06037584939148,90.0,45.6666666666667,32.7900518450337,37.506996532499,3.25,3.01,2.78315768371374,2.47331713943605,1.26585675187274,0.993344902969294,4,1.62666666666667,1.4790199457749,1.63602159724946,22.0,na1fe0.97co0.03as1,115,iron_111,iron-based,109000,0.7174,21.0,ARPES measured,Medium
4,53.17239107,51.2624170766667,48.7945688051842,45.8268390936869,1.31475818124945,1.02355930364751,51.93183072,24.7774226833333,18.8702705837224,21.4513249315773,739.75,733.63,720.750466859291,708.710993049052,1.36177029969475,1.08507238307143,450.6,312.873,160.422855291882,184.835519043283,153.0,153.32,150.541645796024,150.045651478035,1.3705418035466,1.09625557312591,76,62.8266666666667,26.9258240356725,31.083826448278,5867.25,4859.75333333333,4439.63216699754,3522.43752396502,1.2098110527298,0.913006905458908,7932.0,2568.75333333333,3051.51350767123,2889.97825006041,54.05,50.4933333333333,46.9067939516844,42.2176639758783,1.27778509150979,0.975243270144288,62.3,26.2826666666667,23.0760156872888,25.5303862528992,15.075,14.708,11.264497020771,9.98488010177614,1.18348440392156,0.842709217184177,25.1,9.17933333333333,8.91498037014104,10.2670055355331,92.25,89.7366666666667,86.234546308491,82.1453441544486,1.32235629612613,1.03258706303813,90.0,46.3333333333333,32.7900518450337,37.5081411903543,3.25,3.00333333333333,2.78315768371374,2.46857815861804,1.26585675187274,0.96065876429115,4,1.65333333333333,1.4790199457749,1.6340100638885,17.8,na1fe0.99co0.01as1,112,iron_111,iron-based,109000,0.7174,17.8,ARPES measured,Medium
4,53.17239107,51.2830050433333,48.7945688051842,45.8432860945991,1.31475818124945,1.05331318011513,51.93183072,24.3845347166667,18.8702705837224,21.4571943468946,739.75,733.623333333333,720.750466859291,708.704764839353,1.36177029969475,1.11220404863507,450.6,307.819,160.422855291882,184.834618300313,153.0,153.293333333333,150.541645796024,150.01967033581,1.3705418035466,1.12245181766088,76,61.8133333333333,26.9258240356725,31.0832316352224,5867.25,4866.59333333333,4439.63216699754,3525.31500567891,1.2098110527298,0.959125734448919,7932.0,2456.92666666667,3051.51350767123,2898.30644249745,54.05,50.8133333333333,46.9067939516844,42.5943824974995,1.27778509150979,1.00522870549352,62.3,25.848,23.0760156872888,25.4116211385439,15.075,14.724,11.264497020771,9.9955591560268,1.18348440392156,0.870780981223243,25.1,9.07133333333333,8.91498037014104,10.2674481087886,92.25,89.8766666666667,86.234546308491,82.2745355869611,1.32235629612613,1.06037584939148,90.0,45.6666666666667,32.7900518450337,37.506996532499,3.25,3.01,2.78315768371374,2.47331713943605,1.26585675187274,0.993344902969294,4,1.62666666666667,1.4790199457749,1.63602159724946,21.0,na1fe0.97co0.03as1,115,iron_111,iron-based,109000,0.7174,21.0,ARPES measured,Medium
4,53.17239107,51.2624170766667,48.7945688051842,45.8268390936869,1.31475818124945,1.02355930364751,51.93183072,24.7774226833333,18.8702705837224,21.4513249315773,739.75,733.63,720.750466859291,708.710993049052,1.36177029969475,1.08507238307143,450.6,312.873,160.422855291882,184.835519043283,153.0,153.32,150.541645796024,150.045651478035,1.3705418035466,1.09625557312591,76,62.8266666666667,26.9258240356725,31.083826448278,5867.25,4859.75333333333,4439.63216699754,3522.43752396502,1.2098110527298,0.913006905458908,7932.0,2568.75333333333,3051.51350767123,2889.97825006041,54.05,50.4933333333333,46.9067939516844,42.2176639758783,1.27778509150979,0.975243270144288,62.3,26.2826666666667,23.0760156872888,25.5303862528992,15.075,14.708,11.264497020771,9.98488010177614,1.18348440392156,0.842709217184177,25.1,9.17933333333333,8.91498037014104,10.2670055355331,92.25,89.7366666666667,86.234546308491,82.1453441544486,1.32235629612613,1.03258706303813,90.0,46.3333333333333,32.7900518450337,37.5081411903543,3.25,3.00333333333333,2.78315768371374,2.46857815861804,1.26585675187274,0.96065876429115,4,1.65333333333333,1.4790199457749,1.6340100638885,13.0,na1fe0.99co0.01as1,112,iron_111,iron-based,109000,0.7174,17.8,ARPES measured,Medium
4,53.17239107,51.2830050433333,48.7945688051842,45.8432860945991,1.31475818124945,1.05331318011513,51.93183072,24.3845347166667,18.8702705837224,21.4571943468946,739.75,733.623333333333,720.750466859291,708.704764839353,1.36177029969475,1.11220404863507,450.6,307.819,160.422855291882,184.834618300313,153.0,153.293333333333,150.541645796024,150.01967033581,1.3705418035466,1.12245181766088,76,61.8133333333333,26.9258240356725,31.0832316352224,5867.25,4866.59333333333,4439.63216699754,3525.31500567891,1.2098110527298,0.959125734448919,7932.0,2456.92666666667,3051.51350767123,2898.30644249745,54.05,50.8133333333333,46.9067939516844,42.5943824974995,1.27778509150979,1.00522870549352,62.3,25.848,23.0760156872888,25.4116211385439,15.075,14.724,11.264497020771,9.9955591560268,1.18348440392156,0.870780981223243,25.1,9.07133333333333,8.91498037014104,10.2674481087886,92.25,89.8766666666667,86.234546308491,82.2745355869611,1.32235629612613,1.06037584939148,90.0,45.6666666666667,32.7900518450337,37.506996532499,3.25,3.01,2.78315768371374,2.47331713943605,1.26585675187274,0.993344902969294,4,1.62666666666667,1.4790199457749,1.63602159724946,20.4,na1fe0.97co0.03as1,115,iron_111,iron-based,109000,0.7174,21.0,ARPES measured,Medium
5,62.151602,47.9045085,29.794100727137,21.576136470814,1.29409088383841,1.33322065661467,137.89753,18.478415,45.4308125366309,34.2691594676667,829.42,899.085,786.202340484818,859.492125434194,1.5550482437038,1.41930447154943,770.2,300.77,279.831673689738,271.15093633436,142.4,129.3,128.95207418224,116.315718136597,1.52828995011369,1.48441525596986,142,29.25,53.6902225735748,52.3947516455608,4259.41798,4017.572475,521.628495362218,301.624447052577,1.2704572570211,1.11161356048992,7873.9101,1968.477525,2975.26514335599,3150.85360817396,44.874,45.999,28.6972387335944,28.4441886459738,1.33395204191294,1.17627901557164,75.63,19.101,30.1112189059161,32.3070407032275,11.3796,12.5375,6.4857214848529,6.43438236211867,1.2676953739188,1.09710703875948,27.142,6.7855,9.1998530770877,9.94445849455867,68.4361,72.945125,17.9312072410411,16.9500796063317,1.06158205358452,1.03213201339888,199.8195,39.954875,71.4038285586984,69.8048485694001,2.8,2.8,2.45950948584936,2.38827799201349,1.49440321137961,1.36336584430923,4,1.1,1.32664991614216,1.46969384566991,40.6,ca0.8la0.2fe1as1h1,89,iron_122,iron-based,121500,0.7997,40.6,ARPES measured,High
4,77.4375175,66.135854825,69.4711010352998,63.1563812701922,1.27640388707222,1.13770592224127,98.82747,30.862790175,37.5719622365857,21.3096755937946,708.95,807.93075,691.818864460184,792.327909726759,1.36161818647585,1.04584782647702,405.1,447.39775,159.11348937158,152.340953388895,164.75,144.5475,161.05212064637,140.860773736874,1.3649214752823,1.25054157825936,81,47.7375,33.2518796461193,33.3990680072064,5324.25,5437.81,4552.6232493318,4775.43303546343,1.27040615908996,1.02718981373454,6324.0,2571.565,2322.9113602331,2147.13638688836,37.5175,47.184925,22.6231426980854,28.7455679260506,1.04502024525845,0.580254462793221,75.63,38.966325,29.3728857749796,33.5721245975642,14.085,19.3286,11.9753804319338,17.0922230267869,1.22459208736257,0.826907329627917,21.4,13.55075,8.31869430860396,8.62056529700924,85.5,85.8675,56.6099290919218,69.6245912181189,1.0576313640424,1.08722209936628,187.0,39.8825,70.1231060350296,59.5403219990453,3.25,3.7975,3.08007028824102,3.5676903161833,1.33224492243853,0.957450326853039,3,2.3575,1.08972473588517,1.25159648050001,28.1,ca0.81la0.19fe1as2,90,iron_122,iron-based,121500,0.7997,34.0,ARPES measured,High
5,31.750668,33.706828,13.7616456583253,14.9586658616935,1.11513541755443,1.08851927790608,77.95206,15.590412,30.3907724718293,30.3046725410313,968.76,978.328,914.336923951738,928.285197739155,1.55582102247247,1.54553434511392,793.2,179.436,310.528772257902,300.059748076945,105.4,104.96,92.6486467398773,92.3964755262179,1.49281210540281,1.48589101697108,119,27.84,49.8020079916463,49.3019107134805,2645.90378,2939.46378,76.4292517571608,85.1085659759946,0.807489404862233,0.753589300204926,7873.9101,1889.74202,3178.20169231066,3306.03562232664,98.32,96.564,73.7814486387195,70.1336864596211,1.38754340281599,1.38066413568711,179.3,35.172,63.4569586412712,65.0500353881533,4.596,5.028,1.94301545418384,2.06531627868956,1.04745476200662,0.955893228307815,13.578,3.2676,4.96678100986947,5.26962480637853,32.945416,32.705416,1.75718023127628,1.75204249396791,0.720880506952148,0.708171683868358,84.97342,18.954684,40.0981333971573,39.8027197766211,2.6,2.68,2.04767251107922,2.13966286999504,1.37781950803903,1.3587100667255,5,1.04,1.85472369909914,1.82690995946708,40.9,li0.8fe1.2se1h1o1,108,iron_11,iron-based,95000,0.6252,40.9,ARPES measured,Medium
4,77.4375175,66.135854825,69.4711010352998,63.1563812701922,1.27640388707222,1.13770592224127,98.82747,30.862790175,37.5719622365857,21.3096755937946,708.95,807.93075,691.818864460184,792.327909726759,1.36161818647585,1.04584782647702,405.1,447.39775,159.11348937158,152.340953388895,164.75,144.5475,161.05212064637,140.860773736874,1.3649214752823,1.25054157825936,81,47.7375,33.2518796461193,33.3990680072064,5324.25,5437.81,4552.6232493318,4775.43303546343,1.27040615908996,1.02718981373454,6324.0,2571.565,2322.9113602331,2147.13638688836,37.5175,47.184925,22.6231426980854,28.7455679260506,1.04502024525845,0.580254462793221,75.63,38.966325,29.3728857749796,33.5721245975642,14.085,19.3286,11.9753804319338,17.0922230267869,1.22459208736257,0.826907329627917,21.4,13.55075,8.31869430860396,8.62056529700924,85.5,85.8675,56.6099290919218,69.6245912181189,1.0576313640424,1.08722209936628,187.0,39.8825,70.1231060350296,59.5403219990453,3.25,3.7975,3.08007028824102,3.5676903161833,1.33224492243853,0.957450326853039,3,2.3575,1.08972473588517,1.25159648050001,28.0,ca0.81la0.19fe1as2,90,iron_122,iron-based,121500,0.7997,34.0,ARPES measured,High
4,105.313925,76.633,73.0883762545777,42.6054174665645,1.12584817902596,1.15864641056541,188.3839,31.3836909090909,71.6959238182819,75.2194799690394,787.375,982.4,733.513183093207,905.220525559067,1.31211186553251,0.877226855858847,810.6,648.509090909091,315.724764430983,367.154441123029,150.5,113.727272727273,128.740025194666,88.9630381515022,1.25878050352551,1.30036073254033,205,32.8181818181818,72.5827114401219,79.3531701939797,6080.35725,3608.05218181818,854.262665195479,67.4747244434402,0.998141383301719,0.952104272052556,11848.571,2153.766,4613.60013686521,4695.92053361497,74.6375,95.2,48.3485238699581,65.951977310881,1.05768348464572,0.645370390180314,127.05,74.9181818181818,57.1542362275099,58.6627146568337,6.3805,3.53018181818182,3.14406044539472,1.05329884711804,1.04418073353965,1.17877374986123,12.878,1.33345454545455,4.75542224728783,4.24372995923894,116.006645,48.0144981818182,9.6863760659405,0.808664223122662,0.483727931942032,0.700428338207067,399.97342,36.3491381818182,164.780030624066,112.621930629877,2.25,2.18181818181818,2.21336383940064,2.15301268319815,1.36892236074022,1.19884931291362,1,0.909090909090909,0.433012701892219,0.385694607919935,59.0,tl2ba2cu1o6,52,cuprate_Tl_based,cuprate,320000,2.1061,83.0,ARPES measured,High
4,105.313925,76.633,73.0883762545777,42.6054174665645,1.12584817902596,1.15864641056541,188.3839,31.3836909090909,71.6959238182819,75.2194799690394,787.375,982.4,733.513183093207,905.220525559067,1.31211186553251,0.877226855858847,810.6,648.509090909091,315.724764430983,367.154441123029,150.5,113.727272727273,128.740025194666,88.9630381515022,1.25878050352551,1.30036073254033,205,32.8181818181818,72.5827114401219,79.3531701939797,6080.35725,3608.05218181818,854.262665195479,67.4747244434402,0.998141383301719,0.952104272052556,11848.571,2153.766,4613.60013686521,4695.92053361497,74.6375,95.2,48.3485238699581,65.951977310881,1.05768348464572,0.645370390180314,127.05,74.9181818181818,57.1542362275099,58.6627146568337,6.3805,3.53018181818182,3.14406044539472,1.05329884711804,1.04418073353965,1.17877374986123,12.878,1.33345454545455,4.75542224728783,4.24372995923894,116.006645,48.0144981818182,9.6863760659405,0.808664223122662,0.483727931942032,0.700428338207067,399.97342,36.3491381818182,164.780030624066,112.621930629877,2.25,2.18181818181818,2.21336383940064,2.15301268319815,1.36892236074022,1.19884931291362,1,0.909090909090909,0.433012701892219,0.385694607919935,33.0,tl2ba2cu1o6,52,cuprate_Tl_based,cuprate,320000,2.1061,83.0,ARPES measured,High
5,60.93397464,71.53033012,44.6093912440798,55.5778315936912,1.34182238539412,1.21128706168307,122.90607,34.01392738,44.8972461624315,44.2493272211698,1047.9,903.63375,969.690878575021,853.055422851735,1.5349583785485,1.51143057507069,1138.9,216.03375,405.086662332889,311.069731709688,111.0,128.025,93.0916906741733,113.019043273226,1.45637559724317,1.31985409972262,153,47.175,59.6992462263972,54.814226027556,3950.025,4937.1172625,231.971507721961,798.411171951636,1.0903632453347,1.08961832439016,7872.571,1968.4364,3303.27832358498,2961.04777538692,123.64,79.1875,79.5122808428765,57.5082868744384,1.23923452185234,1.45267312800138,312.3,25.98125,110.913111939031,66.1996022929896,9.6564,12.006925,2.68290407719922,4.83711440081924,0.995338910983156,0.969736646722624,27.478,6.91525,10.3083129482957,10.256790915992,28.410856,35.506687,2.0678309853957,6.08759898357157,0.915950052563456,0.914357995960106,78.97342,19.74896125,31.2221645006323,31.0930113882186,2.8,3.2125,2.45950948584936,3.00104150967895,1.49440321137961,1.36607818307259,4,1.2125,1.32664991614216,1.14775596273772,10.5,la1fe1as1f0.15o0.85,95,iron_1111,iron-based,138000,0.9082,24.3,ARPES/DFT measured,High
5,31.750668,33.706828,13.7616456583253,14.9586658616935,1.11513541755443,1.08851927790608,77.95206,15.590412,30.3907724718293,30.3046725410313,968.76,978.328,914.336923951738,928.285197739155,1.55582102247247,1.54553434511392,793.2,179.436,310.528772257902,300.059748076945,105.4,104.96,92.6486467398773,92.3964755262179,1.49281210540281,1.48589101697108,119,27.84,49.8020079916463,49.3019107134805,2645.90378,2939.46378,76.4292517571608,85.1085659759946,0.807489404862233,0.753589300204926,7873.9101,1889.74202,3178.20169231066,3306.03562232664,98.32,96.564,73.7814486387195,70.1336864596211,1.38754340281599,1.38066413568711,179.3,35.172,63.4569586412712,65.0500353881533,4.596,5.028,1.94301545418384,2.06531627868956,1.04745476200662,0.955893228307815,13.578,3.2676,4.96678100986947,5.26962480637853,32.945416,32.705416,1.75718023127628,1.75204249396791,0.720880506952148,0.708171683868358,84.97342,18.954684,40.0981333971573,39.8027197766211,2.6,2.68,2.04767251107922,2.13966286999504,1.37781950803903,1.3587100667255,5,1.04,1.85472369909914,1.82690995946708,40.0,li0.8fe1.2se1h1o1,108,iron_11,iron-based,95000,0.6252,40.9,ARPES measured,Medium
3,87.4683333333333,79.5625,82.5557580889105,74.8697876137856,1.04127006958543,1.07975516913754,71.755,12.16,29.905281677694,29.2959213244779,856.166666666667,831.9,852.858789145939,828.385703159405,1.09478408478893,1.06579219659441,181.3,162.3,74.5696244384326,77.0524821144653,127.333333333333,134.5,125.493811962421,132.509764827919,1.08402453889614,0.969842284892234,53,52.25,21.853044537445,22.6329405955126,6311.0,6701.75,6186.50890144244,6571.02446621076,1.07897043586277,0.960307162768716,3055.0,2732.25,1248.20858299671,1275.3725681149,135.133333333333,105.65,86.5308636119092,57.777718729536,0.839248416383795,0.918831663909307,179.3,40.525,83.414480490833,88.4662788863644,12.2333333333333,12.625,10.9253904071815,11.5823716248894,1.0028994706628,0.93649244335651,12.1,5.55,5.06249828532207,4.43642592635108,27.5066666666667,40.38,4.97642232675805,9.93332614861179,0.194158290628553,0.114063035908906,78.48,39.37,36.4253586880837,38.6299521097296,5.0,4.5,4.7622031559046,4.24264068711928,1.05492016798614,1.09861228866811,3,0.0,1.4142135623731,1.5,14.3,fe1te0.5se0.5,107,iron_11,iron-based,95000,0.6252,14.3,ARPES measured,Medium
4,81.69675,79.83356544,76.2051171197932,75.2756283581176,1.3123003689315,1.15250678016903,81.482,28.70086256,32.9321061498881,29.969216022748,736.0,782.12536,717.965297907083,762.873692500667,1.36265459349296,1.06198654277623,443.7,362.57808,157.511856696567,163.255738192783,168.0,158.4488,160.910379765458,151.427661709647,1.3417468814728,1.16997283360829,139,55.812,51.5897276596805,50.817927727919,6504.75,6164.7344,6127.77033154112,5913.81714944007,1.33208909928805,1.07489142958605,5398.0,2787.1088,2075.08305556669,1659.59262418723,56.4125,43.85008,39.350928142586,32.3477757066699,1.09298997574816,0.864325782559446,98.05,29.3484,41.8555906510707,32.2988148388389,16.675,18.27344,15.1441297665677,16.4296217780173,1.29477649486403,0.953750232657754,19.7,10.70848,7.16497557567365,8.01561167762012,59.5,55.4592,50.4345033221085,49.0930357406632,1.25671421421153,0.996812545197546,73.0,27.928,28.2179021190449,23.0117608052926,3.0,3.5784,2.78315768371374,3.36386789194615,1.30860538725345,0.98763633185753,3,1.9568,1.22474487139159,1.21944800627169,20.3,ba1fe1.892ni0.108as2,91,iron_122,iron-based,121500,0.7997,14.8,ARPES measured,High
4,77.4375175,66.135854825,69.4711010352998,63.1563812701922,1.27640388707222,1.13770592224127,98.82747,30.862790175,37.5719622365857,21.3096755937946,708.95,807.93075,691.818864460184,792.327909726759,1.36161818647585,1.04584782647702,405.1,447.39775,159.11348937158,152.340953388895,164.75,144.5475,161.05212064637,140.860773736874,1.3649214752823,1.25054157825936,81,47.7375,33.2518796461193,33.3990680072064,5324.25,5437.81,4552.6232493318,4775.43303546343,1.27040615908996,1.02718981373454,6324.0,2571.565,2322.9113602331,2147.13638688836,37.5175,47.184925,22.6231426980854,28.7455679260506,1.04502024525845,0.580254462793221,75.63,38.966325,29.3728857749796,33.5721245975642,14.085,19.3286,11.9753804319338,17.0922230267869,1.22459208736257,0.826907329627917,21.4,13.55075,8.31869430860396,8.62056529700924,85.5,85.8675,56.6099290919218,69.6245912181189,1.0576313640424,1.08722209936628,187.0,39.8825,70.1231060350296,59.5403219990453,3.25,3.7975,3.08007028824102,3.5676903161833,1.33224492243853,0.957450326853039,3,2.3575,1.08972473588517,1.25159648050001,34.0,ca0.81la0.19fe1as2,90,iron_122,iron-based,121500,0.7997,34.0,ARPES measured,High
4,121.73029875,111.389542142857,113.17743166066,108.045130471414,1.3223698550793,0.837705195272671,114.120805,77.0684571428571,41.7235318311232,24.5854444433536,614.8,585.825714285714,609.239490489814,582.091785832764,1.3769041763705,0.914923314573971,218.0,381.342857142857,85.849373905696,70.9944116225542,178.75,160.628571428571,176.65389693429,160.086057121073,1.37428592351261,0.918738078553886,70,105.085714285714,28.0301177307553,14.1927259322427,7367.25,7445.02857142857,7312.37554029946,7419.88183288277,1.37860348542014,0.877153487388588,2330.0,5033.71428571429,928.470617467241,634.541881347223,49.65,38.3857142857143,47.8832819264776,36.5525377822343,1.35296274728018,1.07844503245876,34.8,20.2428571428571,12.4419652788456,13.1466919871153,8.165,5.49142857142857,6.87696014336894,4.4597759839486,1.21844980705469,1.1049472239832,12.94,2.10857142857143,4.89741513453781,4.48083993583929,58.0,75.2285714285714,43.30796589914,65.6446709793769,1.17465224634598,0.641106202726812,89.0,57.4571428571429,35.0356960827097,25.08737384683,3.5,3.25714285714286,3.46410161513775,3.23034091701114,1.37605528526042,0.952132567621303,1,2.05714285714286,0.5,0.43705881545081,0.92,ce0.8yb0.2co1in5,163,heavy_fermion_Ce,heavy-fermion,7595,0.05,0.92,Specific heat / transport,Medium
4,53.17239107,51.2716816616667,48.7945688051842,45.8342395137689,1.31475818124945,1.03797979944531,51.93183072,24.6006230983333,18.8702705837224,21.4539688121027,739.75,733.627,720.750466859291,708.708190347915,1.36177029969475,1.0982069797825,450.6,310.5987,160.422855291882,184.835113739246,153.0,153.308,150.541645796024,150.033959407262,1.3705418035466,1.10893106242917,76,62.3706666666667,26.9258240356725,31.0835616148901,5867.25,4862.83133333333,4439.63216699754,3523.73209997014,1.2098110527298,0.935411612374918,7932.0,2518.43133333333,3051.51350767123,2893.73090356001,54.05,50.6373333333333,46.9067939516844,42.386773225655,1.27778509150979,0.989915769604717,62.3,26.0870666666667,23.0760156872888,25.4775078495174,15.075,14.7152,11.264497020771,9.98968426356016,1.18348440392156,0.856332045312505,25.1,9.13073333333333,8.91498037014104,10.267207781411,92.25,89.7996666666667,86.234546308491,82.2034551757612,1.32235629612613,1.04609573570429,90.0,46.0333333333333,32.7900518450337,37.5076907654358,3.25,3.00633333333333,2.78315768371374,2.47070957528333,1.26585675187274,0.97657075968692,4,1.64133333333333,1.4790199457749,1.63491892425554,19.3,na1fe0.981co0.019as1,113,iron_111,iron-based,109000,0.7174,19.3,ARPES measured,Medium
