material,critical_temp,range_ThermalConductivity,wtd_mean_Valence,wtd_std_ThermalConductivity,wtd_gmean_Valence,range_atomic_radius,std_atomic_mass,wtd_entropy_ThermalConductivity,wtd_gmean_ThermalConductivity,wtd_std_ElectronAffinity,wtd_std_Valence,wtd_entropy_Density,std_ThermalConductivity,wtd_mean_Density,mean_Density,wtd_entropy_atomic_mass,wtd_std_fie,gmean_Density,wtd_mean_ThermalConductivity,wtd_entropy_FusionHeat,wtd_gmean_ElectronAffinity,wtd_mean_ElectronAffinity,wtd_std_atomic_radius,wtd_entropy_atomic_radius,std_ElectronAffinity,wtd_std_atomic_mass,gmean_ElectronAffinity,wtd_entropy_fie
Cs1V3Sn0.35Sb4.65,4.1,43.0,4.516666666666667,8.702594688998659,4.145128017643306,165.0,32.269328916680806,1.2182315034778592,28.455500342324015,26.96482786273012,1.2581953566738178,0.9454427139493081,16.439282222773596,5989.838888888889,5499.0,1.0172471911338414,146.4272316336305,4869.018409117827,29.33888888888889,0.80906465943995,76.0167408484535,80.915,50.21734981281093,1.1702215871623252,28.693422591249025,34.35519607469978,72.67378664627887,0.9585678951362656
Ba2Ca0.2Y0.8Zn0.06Cu2.94O6.45,31.0,399.97342,2.0642570281124497,167.66434073342407,2.052792709557453,205.0,38.19237476521273,0.3617284337901542,1.3364958978674997,51.31451113152002,0.2452102413248795,0.8793045535526869,141.4226199623433,3027.1178353413657,4272.238166666667,1.3428890643124454,343.6054027869003,1142.518330578583,102.24670208835342,1.1400678144323249,80.15605284874123,106.68875502008034,79.37928461071735,1.4324265505593914,56.919859354085624,44.30779232224386,19.040902273798128,0.9662441514739117
Bi0.75Pb0.25,8.0,27.0,4.75,11.691342951089922,4.728708045015878,11.0,0.8902000000000072,0.6756650018636826,11.570030434076306,24.292012576153507,0.4330127018922193,0.5917793776166717,13.5,10170.0,10560.0,0.5605696338300129,5.326056233274327,10531.153782943256,14.75,0.3812252425945182,73.48184835266963,78.67500000000001,4.763139720814412,0.5773540491432572,28.05,0.7709358144489136,58.24791841774259,0.5658956700224086
Ce0.1Nd1.9Cu1O4,2.4,399.97342,2.3,138.2101837930967,2.2548965547949824,158.0,53.911737598295794,0.28491568865877276,0.6611874294373637,39.80774204260538,0.4884377427793931,0.7881297554279878,169.2692473619118,3279.0879999999997,5665.10725,0.9640958696269482,357.5314978103755,880.2476272724003,61.929474285714285,0.893956913084223,103.94732073930967,113.27142857142857,70.30308873523471,1.097660312402526,40.643172858427285,55.907645075675966,82.04689050622096,0.7728178822922944
Nb(BRh)2,7.6,123.0,4.666666666666666,52.78257288158659,4.481404746557164,111.0,41.259383778950884,0.8710409658853171,60.248965507395255,34.91946289519483,1.247219128924647,0.940626288632538,52.78257288158659,7826.666666666666,7826.666666666667,0.8609413191505715,56.072235157478396,6402.679460727335,77.0,1.0315997267494645,65.00588380663164,75.66666666666666,47.5417944783558,1.0457986071522143,34.91946289519483,41.25938377895089,65.00588380663164,1.095656435441451
Nb5Se4,1.85,53.48,5.444444444444445,26.5744256525975,5.422026916919784,95.0,6.973190000000002,0.04487424218201594,6.858359427161503,54.11284505549491,0.49690399499995325,0.6193186605214109,26.74,6902.888888888889,6694.5,0.6748830071629052,137.54302581598705,6426.416575355197,30.23111111111111,0.4028110488218702,125.44148724678288,136.0,47.20587952499557,0.6055769551627564,54.45,6.930011937787451,131.19984756088698,0.6911828246603586
SmFeAsO6,55.0,78.97342,2.5555555555555554,27.212179643494515,2.423131275401765,190.0,48.79819567084423,0.920362637676494,0.2972327782261358,46.28712323938244,0.9558139185602919,1.0929560589992577,31.093059313423552,2329.1748888888883,5238.85725,1.3188175590033446,282.8917753191312,829.6689690453801,15.795497777777777,1.0785674629486928,94.29968047700838,111.46666666666667,64.46206655616432,1.3265373782302328,45.95641277340954,43.55521032097872,56.28328239981326,0.7672635205084014
Nb5Re24,8.7,6.0,6.655172413793103,2.266438168986894,6.605467363158408,10.0,46.65031,0.4860393670043361,48.98472088681441,27.04616214991027,0.7554793896622981,0.2745708648290824,3.0,18873.44827586207,14795.0,0.3120553670442261,36.07414085637473,13421.676497367975,49.03448275862069,0.4134194230798215,21.45001450288225,28.344827586206897,3.7773969483114906,0.47129425654885815,35.8,35.243347726357,37.437948661752294,0.4296954833663128
Ba2Ca0.83Tl1.17Cu2O6.75,103.0,399.97342,2.091764705882353,145.2144255280904,2.075816493130985,205.0,69.23265515219245,0.7695451483325323,1.1840980294880814,57.59324845929474,0.28869351332629245,1.1445591444626706,151.1646393289099,3145.1486862745096,5174.2858,1.4327490957699265,356.54891484777147,962.3642483800213,82.82348352941177,1.286890943986745,64.84272544211136,98.82400784313725,77.88124393104927,1.5242081624735495,58.434336002045924,62.46521862216009,29.1775463973801,0.9866022508642823
CaSn6,1.3,133.0,3.714285714285714,46.54030511288038,3.622894657055626,49.0,39.315999999999995,0.635743802560559,78.3295343098377,36.71785124431984,0.6998542122237651,0.1488291200388758,66.5,6487.142857142857,4430.0,0.2080369049888247,41.571340206091676,3366.080807110844,86.0,0.45425732644525674,67.55237454707223,93.81,17.146428199482248,0.47490948851757353,52.464999999999996,27.51546820778955,20.519649119807095,0.37051998214757087
K0.33Ba0.67Fe1.84Co0.16As2,28.0,82.0,3.5660000000000003,23.75658527650807,3.2716931342104565,139.0,34.00851834057526,1.240687488049851,55.22316415037819,29.863357863944238,1.3075335559747596,1.107312473750412,31.56960563580103,6000.068,5373.4,1.2808332436854528,173.66691585906628,4132.936153628734,61.284000000000006,0.9663734442583072,35.01614208320444,45.5797,49.63052141575787,1.3965846193411644,25.562981046818464,27.318516718536372,36.93468845909514,1.1569419648031276
NaFeAs3,10.0,90.0,3.8,34.953683639925565,3.2719469497061864,76.0,21.44838233381074,1.0636106992583167,67.31828261798971,24.433910861751134,1.6,0.7582530840877031,37.5085175512028,5204.6,4856.333333333333,0.7294420546973899,177.03926796052906,3520.9996639897645,73.8,0.5196503973946429,54.23578525558476,61.99999999999999,30.838936427834213,1.0392868278798102,25.58806145234314,20.260267934833482,42.03055599569026,0.8219492173427575
CrGeTe3,6.5,91.0,5.6,37.81322519965733,5.5326474688903655,43.0,31.908564549384263,0.8452507869249686,10.877487017565617,51.28463317603042,0.8,0.9464899938808854,37.54404820415022,6246.6,6251.0,0.7243125809745636,86.71042382551248,6204.259895888279,32.6,1.0273168483656514,141.06388999519461,152.28,17.017637908946117,0.9873714233827009,51.545384533114756,32.64273861969305,114.97718841801681,0.8908546360802438
Mg2B3O2,18.3,159.97342,2.4285714285714284,65.91047929206303,2.379565578968772,97.0,5.5576825897930595,0.5044050269836842,6.209591489003022,57.53229439157788,0.4948716593053935,0.6292813458652453,69.92699406682245,1551.2654285714284,1399.8096666666668,1.0783884919909075,244.46190304588626,182.81242208660555,57.29330857142856,0.3511195166072911,19.37415616181314,53.22857142857143,36.96275014063731,1.0090036046145234,61.15406773060971,5.5878460469932385,18.1991767932615,1.0705499812898975
Ba2CuHgO6,97.0,399.97342,2.0,118.72761738651684,2.0,205.0,70.39249621216739,0.3756069972974485,0.45488466410483724,59.35304204503759,0.0,1.0633528928909186,169.52455758891713,2952.2574,6501.35725,1.242577354913458,332.8650543388416,883.1172780800802,44.445948,1.0327611823930005,56.95943327385494,100.73,83.00481913720431,1.26219544407976,62.07678083430229,65.75131900856742,25.08496200534224,0.8544803206308158
TaTe2,2.5,54.0,5.666666666666666,25.45584412271571,5.64621617328617,77.0,26.67394,0.31449220128141064,8.005204946165835,75.04759970993224,0.4714045207910317,0.6828657356466733,27.0,9710.0,11445.0,0.6785846242720238,51.33595231414334,10192.938732279317,21.0,0.6930479906110416,106.09848817698442,138.63333333333333,36.29814810090944,0.6878188821793274,79.6,25.148431806617463,78.93193270153724,0.6144399994650214
Rb0.82Fe1.68Se2,32.0,78.48,3.9688888888888885,36.32542299210782,3.3417216212413665,162.0,12.711171664152582,0.609018314010849,8.008708360142128,84.71624612627966,1.9468290140319315,0.8499038702922306,33.17304930210667,5360.568888888889,4741.666666666667,1.040631975171255,193.6409580366027,3873.7985656872506,40.29333333333333,0.7928938491541504,61.31298582477072,102.57422222222222,58.307683503596294,1.0930973416486671,78.21305659685102,12.319959502268661,54.690528613767725,0.9240816500201188
Ba2Y1Zn0.06Cu2.94O6.6,32.0,399.97342,2.079365079365079,166.87644507259972,2.06540627632548,205.0,39.44587456495292,0.24075754615990014,1.2266463395131764,50.390972365029555,0.27030772009406984,0.8713763260603224,150.6001990737045,3037.4786825396823,4816.6858,1.3158522309942446,342.87207695811446,1074.9034884108985,98.12503396825396,1.0774015042399407,83.42129576317903,107.5473015873016,79.57246632679738,1.366053616282398,57.644743038719504,44.43493356342612,26.186824391994875,0.9338551688422244
Al2W3C,10.0,95.0,4.666666666666667,35.78485092263981,4.451018253542413,126.0,77.7131557189232,0.9825448787600322,183.3447255530425,37.13692756393411,1.3743685418725535,0.4321595999893053,39.65125751123439,10901.666666666666,8070.0,0.39055498641608727,169.88967008032006,4897.42332945175,186.66666666666666,0.9372842051464606,73.26147405351405,80.61666666666666,49.040799340956916,0.8248532283423888,46.407925568328906,81.07808954950794,81.81734875919474,1.0341174786094645
Ba2Ca0.15Y0.85Cu3O7,75.0,399.97342,2.065384615384615,166.58044942573773,2.05373145541157,205.0,41.80901089662371,0.30116377759873175,1.1279256008475047,50.023923395927255,0.2472032917572525,0.8202677580097765,154.89431832394442,2918.7463846153846,3698.6858,1.3160258935643827,342.7472328426617,791.9470941162945,98.51046615384615,1.0964040674722904,84.4833035812933,108.85503846153847,79.00291021529021,1.3954049462498954,57.15221591504568,44.01932159796996,31.65240959585041,0.9092398108409335
Ca2.8Ce0.2Sn13Rh4,8.0,189.0,4.12,51.81027311257874,3.9367156230505627,49.0,37.27474680560386,1.0858419085466957,90.10004332493739,36.835914319587616,1.1600000000000001,0.8005191189255312,72.9965752621313,7525.39,6999.75,0.7593752160857807,45.01440759356943,5542.36222029838,101.66,1.0031660963300113,67.9872299576502,94.01679999999999,18.535382380733342,0.9955315806604704,44.4773753581526,26.933370666658114,39.40605590784005,0.8892277693689543
Ce0.15Nd0.85Cu1O4,22.0,399.97342,2.1916666666666664,147.98227335168403,2.155271604940709,158.0,53.911737598295794,0.17887847849629637,0.3834673544651221,33.26893779822588,0.45269256185136897,0.8684579165587927,169.2692473619118,2654.594333333333,5665.10725,1.2379019000526614,323.6757159694457,880.2476272724003,69.36771999999999,0.9130540724485845,116.85509287467798,123.56666666666666,61.74186349903389,1.2385186062427875,40.643172858427285,47.322568348208165,82.04689050622096,0.6620451188242743
InAs,12.3,32.0,4.0,16.0,3.872983346207417,42.0,19.9482,0.6634676154115522,64.03124237432847,24.55,1.0,0.6857571079268752,16.0,6518.5,6518.5,0.6708747542415614,194.10000000000002,6470.268155184914,66.0,0.33656851311466274,49.1609601208113,54.95,21.0,0.6809991432654108,24.55,19.9482,49.1609601208113,0.6594653236239088
Sr0.2La1.45Nd0.4Cu1O4,12.0,399.97342,2.2624113475177303,137.88750317370105,2.224530375056547,171.0,47.99059761818667,0.3432630875832597,0.6575699778409859,43.1576656001611,0.43994503317080347,1.0897567189168251,153.904552684576,3008.1441134751776,4949.4858,1.3437372996968664,355.41668768392265,1077.2619296031896,61.383875177304965,1.2296258468078893,96.75386600841838,111.14624113475178,68.43332054045857,1.445239274882974,49.91544835018514,52.89571682540437,49.06727405826816,0.8725559323615018
Hf(VGa2)2,3.9,8.0,3.75,3.0,3.6628415014847064,72.0,56.225364860730096,1.0213947202495384,27.82731994863113,17.98012791945597,0.82915619758885,1.050412168402873,3.39934634239519,7807.0,8441.333333333334,0.9924058632255077,31.454759178858758,7830.482768000464,28.0,1.044847003581261,16.393400059303342,28.6,29.77729839995563,1.0803367531573553,20.726955074652587,50.39508279258875,13.343431239380287,1.0482296358440775
SrCaCuBiO5,110.0,399.97342,2.3333333333333335,131.37361220701857,2.214346357779822,171.0,67.2338347072841,0.8733335344118403,0.873870319507931,55.09400050239613,0.9428090415820634,1.1636465373727334,154.00802848500925,2547.4605555555554,4584.2858,1.4459207023830243,335.4738704843907,874.1647863395044,71.45921111111112,1.453038089490635,63.380442218689026,103.94444444444446,66.83663518212998,1.587816988609474,57.645672517544625,60.23167747172395,33.148782764191665,0.9849856986541604
BaCaCuHgO,126.0,399.97342,2.0,156.16394830023805,2.0,205.0,68.0098970781871,0.8106289812340867,12.600828832252985,61.474345413351095,0.0,1.1393794443755445,156.16394830023808,5511.0858,5511.0858,1.3274646482340862,295.54154361104634,988.2823631871092,125.26531599999998,1.2865897378623778,17.26127815708719,56.644000000000005,67.33617155734353,1.5088962503634213,61.47434541335109,68.00989707818708,17.26127815708719,1.5479887875620486
Ba2YCu2O7,90.0,399.97342,2.083333333333333,147.27425301040716,2.068732166263833,205.0,43.82335412287858,0.2737806712947661,0.6705274513521371,51.36363621279163,0.27638539919628335,0.9329558580821246,168.30104677323928,2451.8335833333335,4235.85725,1.281438655185939,347.80209440858744,669.5565878093886,71.09883833333333,1.1390308628267156,84.21962715253511,108.275,81.96137301599252,1.3365612782989345,54.83075522687974,45.84790497382407,53.52796464943869,0.8279124769344983
Sr0.154La1.846Cu1O4,35.0,399.97342,2.263714285714286,138.43432222092937,2.2257058959879394,171.0,44.28945852751441,0.2844362717767906,0.62979735051522,42.606186634255025,0.4406461859865461,0.7714421368609777,166.74235110633435,2959.4645714285716,4434.35725,0.9847698689310909,353.8138795510257,674.4847514452675,61.35633142857143,0.9666909395142957,98.29811951227256,111.75466,67.13242526620388,1.1628558045819608,54.3730969207199,52.50169618063992,48.477264684806585,0.7876406794225335
NbBRu,3.1,93.0,4.666666666666666,39.06404996924922,4.481404746557164,111.0,40.7607970561159,0.9307091715892588,55.93018510716946,32.18792043954101,1.247219128924647,0.9416679422290266,39.06404996924922,7800.0,7800.0,0.8623694773563539,56.68868199796736,6388.936076453272,67.0,1.047763878103165,63.3260077461161,72.86666666666666,48.30688931773143,1.044922841661919,32.18792043954101,40.7607970561159,63.3260077461161,1.0955773432139808
LaFeAsO2,26.0,78.97342,3.0,31.222368135026787,2.8252345004947674,147.0,44.38629680106991,0.9156303664283897,2.0508319760462648,49.98430153558215,1.0954451150103324,1.090149981670243,31.093059313423552,3949.9716000000003,4937.10725,1.2532720989531352,304.7403904965667,793.2988862678468,28.410632000000003,0.9855685850918238,67.2397516396973,86.24000000000001,58.34517974948744,1.349121082797664,46.19433812709086,45.46985508419731,55.728699673172414,1.1851078008187463
BaYCu3O7,100.0,399.97342,2.0833333333333335,171.6276544774766,2.068732166263833,205.0,43.82335412287858,0.15001010739013804,0.8682581190214617,43.07763078798038,0.2763853991962833,0.6974796484199349,168.30104677323928,2906.00025,4235.85725,1.3464049355248404,323.0072131117542,669.5565878093886,102.93217166666668,0.9561568133581531,99.90123859065694,116.97916666666667,71.20861371117027,1.3487062657281996,54.83075522687974,38.035920800340485,53.52796464943869,0.8119880915063333
AlAuO2,3.0,319.97342,3.0,141.95421692089354,2.7831576837137404,126.0,82.8416387901846,0.6822897159137057,2.699802209634326,63.88225007777983,1.224744871391589,0.373567803615504,135.32696931382847,5500.7145,7333.809666666667,0.6987010166885496,310.2133247863476,420.71154894057804,138.76329,0.7704212232001901,118.98108355052295,138.325,52.848841046895245,1.0672067980480446,73.71233878319755,76.90674453919851,112.03806635482897,0.89263815332094
K0.8Fe1Se2,31.0,99.48,4.157894736842105,44.43010434092128,3.428558109691028,140.0,16.34254948416012,0.7278275539185228,5.901416376451804,83.02575610788088,2.0586954963797837,0.8225185448894381,42.81274576571794,4788.631578947368,4516.333333333333,0.8829269536198836,202.87979397496463,3190.6220861382294,42.11578947368421,0.8921591213060462,77.56518634977091,118.45263157894736,54.59064484099015,1.0918108494966248,77.96675929879063,16.29730748995553,55.249775256212665,0.8842312878480879
Sr0.126La1.874Cu1O4,32.0,399.97342,2.267714285714286,138.45803891107056,2.2293186091812496,171.0,44.28945852751441,0.277062087251739,0.6273072841698203,42.26666832454353,0.44276782509434387,0.758456397737365,166.74235110633435,2973.5285714285715,4434.35725,0.964028339995989,353.8555395395604,674.4847514452675,61.26833142857143,0.9473011354347832,99.09779192305008,111.92654,66.98545553738528,1.142515433895789,54.3730969207199,52.72153419748513,48.477264684806585,0.7820164829791989
NbGe2,2.0,6.0,4.333333333333333,2.8284271247461903,4.308869380063766,73.0,10.138190000000002,0.6193762897414465,57.92936307633778,15.509208734024945,0.4714045207910317,0.6872999976638376,3.0,6405.333333333333,6946.5,0.6687884345649501,45.443395804255445,6754.118003114844,58.0,0.6078351158554207,108.34928922115442,109.53333333333333,34.41253001774531,0.6863956843277539,16.450000000000003,9.558377197276862,102.741422999684,0.614134141360259
Sr0.163La1.837Cu1O4,38.5,399.97342,2.262428571428571,138.4266862554015,2.2245459105521648,171.0,44.28945852751441,0.28670766102095274,0.6305998262334809,42.71459751869183,0.43995433436497766,0.7754766814693026,166.74235110633435,2954.9439999999995,4434.35725,0.991190390843485,353.8004871992443,674.4847514452675,61.38461714285714,0.9725516246871981,98.04245489650113,111.69941285714286,67.1795681183753,1.1690232057690708,54.3730969207199,52.43066774513781,48.477264684806585,0.7893538360042321
Ca0.73La0.27Fe2As2,44.0,187.0,3.654,51.989902827376014,3.4685777249178344,81.0,37.57196223658566,1.1208092260839366,68.35057283056192,31.99712059982273,1.1481654932978955,0.9896692595775136,70.12310603502956,5998.584000000001,5324.25,1.1881069643014328,138.95006006749333,4552.623249331799,81.50200000000001,0.9219665361112508,27.019214049481324,41.91802,30.247457479927135,1.2331944813656224,29.37288577497962,21.40320479851132,22.623142698085417,1.0827836290700639
Pr(Sn3Os)4,1.85,74.0,4.4,24.83867951401604,4.337887084790794,102.0,29.889686580723605,0.7641114790684007,50.85543841166903,22.804736350153227,0.8,0.9890739556553398,31.25522178594945,10232.0,12180.0,1.0210917100937174,94.29010552544736,10311.786099781293,60.2,0.9567227159326923,93.47624050274871,97.1,39.9279350830969,1.0333662313247425,26.73312551872676,27.753365494000903,84.47913633567617,0.9273993532450573
LaAlSi,2.5,222.0,3.333333333333333,91.45612184114424,3.3019272488946263,84.0,52.50317536554145,0.7906172525575137,77.09641041021224,41.7090717550351,0.4714045207910317,0.9989002749132538,91.45612184114425,3725.333333333333,3725.3333333333335,0.7933118793339706,107.94888708190659,3381.4586447306237,132.66666666666666,0.7323603745479432,66.51267401226089,76.19999999999999,38.05551500403354,1.064041115721231,41.7090717550351,52.503175365541445,66.51267401226089,1.0845884495958804
In0.12Au0.88,0.1,238.0,4.760000000000001,77.34084561213434,4.702709526385128,18.0,41.0742845,0.14758998856630462,271.76257143732664,63.01004186635651,0.6499230723708769,0.19589235779767977,119.0,17861.2,13305.0,0.2629471816643999,107.65975693823573,11877.836503336794,291.44,0.14952658781782463,176.4715055244641,201.032,5.849307651337892,0.34429034397773484,96.95,26.695125177675482,82.57554117291637,0.2758748382653253
Nb1Sn0.14Se1.71,8.6,66.48,5.550877192982456,27.116471255095284,5.5171940617460935,95.0,16.466770648149428,0.4863800832800935,3.366366419167792,52.26005188087328,0.5879261222886032,0.8729008881985197,28.768618705496134,6257.505263157895,6899.666666666667,0.8783680003667389,133.24251953303505,6708.391114961664,22.55059649122807,0.6763105477400333,143.76158395366784,153.9814035087719,44.72591762039953,0.8586630165145537,47.14038136837202,9.949582389488768,123.262749840939,0.7524619523001742
Nb5(SeS)2,3.4,53.795,5.285714285714286,24.231098819492274,5.267362620690749,111.0,26.024168383359,0.020130179995773753,12.54678009483095,50.34312874906464,0.45175395145262565,0.48087436463850536,25.28528700428154,7089.857142857143,5116.333333333333,0.6063496934894179,139.16595290867514,4325.781774547723,38.675,0.22803943640839197,110.74096538243643,119.42857142857142,46.72673490735299,0.5523892210122947,52.55412025289317,21.034479081874025,151.37258836410913,0.9138883849114127
Nb5.2Re23.8,8.8,6.0,6.641379310344828,2.3016718320286973,6.590157158661354,10.0,46.65031,0.49663917305254274,49.02452718379862,27.46661719554245,0.7672239440095658,0.28312637181175576,3.0,18787.58620689655,14795.0,0.32132453161707364,36.634943326456764,13421.676497367975,49.07586206896551,0.4239188988427181,21.703006199036533,28.838620689655173,3.836119720047829,0.4819375496027736,35.8,35.791234827468884,37.437948661752294,0.44028219152056136
SnSe2,4.8,66.48,5.333333333333333,31.338972542187786,5.241482788417792,42.0,19.875,0.07907291272351442,2.6263977438900135,41.34217647337348,0.9428090415820634,0.6836832182030445,33.239999999999995,5649.333333333333,6064.5,0.6830679194968193,109.46012972767753,5935.224511339061,22.68,0.6701833285343837,161.3558324532586,167.26666666666665,19.79898987322333,0.6779688917802904,43.85,18.738329701443508,146.2162781635478,0.5867499646174252
Sr0.16La1.85Cu1O4,38.0,399.97342,2.2639087018544934,138.34250876974667,2.2258813529873516,171.0,44.28945852751441,0.286741896831531,0.6330594643292874,42.71264726820436,0.4407503816674123,0.7736324161584275,166.74235110633435,2961.0008559201146,4434.35725,0.9871481733247753,353.99809372668636,674.4847514452675,61.306179743223964,0.9703082831743661,98.03185986139265,111.6290727532097,67.20297775613349,1.1657701332076418,54.3730969207199,52.5086021047935,48.477264684806585,0.7896814559596008
AlCl3,1.17,234.9911,4.5,101.7541311316247,4.400558683966967,39.0,4.235730500000001,0.0011454400657879482,0.11345129839835416,132.71839312996522,0.8660254037844386,0.023615922076752123,117.49555,677.4105,1351.607,0.5036438404070598,293.45270807235704,93.15471002584889,58.756675,0.6916783353554019,208.63116628538512,273.875,16.887495373796554,0.6358613412050651,153.25,3.6682502165845627,124.18534535121285,0.39193229204758107
Ba2Ca1Tl0.75Cu2.25O7,100.0,399.97342,2.0576923076923075,151.1014630941357,2.047335923180714,205.0,69.23265515219245,0.7163539027248,1.1697403649786737,56.68114282086495,0.23316068563427195,1.1220098231792024,151.1646393289099,2894.423307692308,5174.2858,1.4662871706990515,353.24607174099435,962.3642483800213,90.05277384615384,1.2336999638592194,66.61684638898579,101.35153846153845,77.96383198402408,1.5040962249118772,58.434336002045924,56.378803045063,29.1775463973801,0.9620420330278532
SrSn3,5.4,32.0,3.5,13.856406460551018,3.363585661014858,74.0,15.544999999999995,0.41975778522898427,56.96041084324509,44.28420902251727,0.8660254037844386,0.34037643228691056,16.0,6140.0,4970.0,0.4968519250509448,68.93562214124134,4384.666463939989,59.0,0.5890026049647302,53.85176808801802,83.23249999999999,32.04293994002423,0.6375687698770898,51.135,13.462364901829094,26.654530571743333,0.5077182168280909
BaY2CuO5,60.0,399.97342,2.2222222222222223,123.91224854660517,2.188574761024538,205.0,43.82335412287858,0.4336981849796313,0.6710862769650126,53.8094993678832,0.415739709641549,1.0282931999063532,168.30104677323928,2380.1272222222224,4235.85725,1.3068405488443222,349.3343606855122,669.5565878093886,50.23698888888889,1.1020916993897405,77.8702230199221,101.11666666666667,82.41224288767887,1.3162950210867486,54.83075522687974,42.95819507644742,53.52796464943869,0.8701578197570866
Y(Sn2Pd)2,4.9,54.0,3.75,22.28788908802267,3.7224194364083982,67.0,12.229640257473731,0.8660763399249318,48.24632287179394,33.91285707515661,0.4330127018922193,1.001118443831399,24.567367696917707,7778.75,7935.0,0.9994534233194867,66.50632958598753,7325.05134085553,55.5,1.086667206708811,67.1412332909538,75.975,27.36215452043205,1.0738739943236686,32.47402380707112,12.210160637424828,57.16226830061315,1.0356155904348725
WS2,8.8,169.795,6.0,80.04213060771323,6.0,106.0,75.8875,0.016910548693574223,1.9259819581093762,57.228508824031245,0.0,0.4545904402124844,84.8975,7723.333333333332,10605.0,0.5716085198172913,108.09305661738354,6142.475071174479,56.80333333333333,0.3024535953267698,148.15882974578287,161.0333333333333,49.968879203849355,0.6918064569865294,60.7,71.54742114305883,127.04389005379203,0.5911507810334683
La2AgBi3(S3O)2,0.5,429.97342,4.2,127.40819986916334,3.7039373047906454,147.0,70.8810561914151,0.41611936238114494,2.4719755341110443,56.91892128282123,1.7204650534085253,1.215122666616908,169.94767134246771,5800.3429,5675.4858,1.166804552866696,233.2143402537674,1120.4669215527274,48.064158,1.1992746943740242,111.20479572310782,125.12,47.37942591463092,1.4355628192152008,50.75248171272022,76.19913651662665,110.86234984625659,1.4912454792669774
Nb1Sn0.13Se1.7,5.0,66.48,5.554770318021202,27.051742474235965,5.521829768612546,95.0,16.466770648149428,0.4705885638042087,3.353033316324441,52.314555403953655,0.58212799604837,0.8648472371152177,28.768618705496134,6258.86925795053,6899.666666666667,0.870277993688886,133.3542971091663,6708.391114961664,22.471378091872793,0.6695925147081471,143.74438375941358,153.99081272084806,44.83250134768845,0.8508786533750922,47.14038136837202,9.782332262956114,123.262749840939,0.7465342879357048
SrLaAlO4,6.3,234.97342,2.2857142857142856,80.32889425482713,2.2456485239871014,171.0,49.49129246663145,0.5574662250830635,0.6579389464396918,55.44569606601488,0.45175395145262565,1.0162873458785948,95.6464707397407,1640.245142857143,2869.35725,1.2493123768401972,374.92005515189766,499.73075066044595,40.44376,1.1876823808950139,66.68573320651618,95.71857142857144,69.94254201609682,1.362662221300044,50.0747957434676,45.23369427105199,37.730840544956365,0.8167894084880543
Ba2Sm1Al0.15Cu2.85O7,56.5,399.97342,2.088461538461538,164.02962189660587,2.0730381733239454,205.0,55.512137324713734,0.3219446660984344,1.067333977261524,47.73958880117554,0.2839649532504957,0.9522506694682163,159.3735985997663,3101.846384615385,4504.8858,1.3593672890855648,351.33349285511497,977.4513190275607,94.18738923076923,1.110219333105972,88.92831492826181,109.8626923076923,81.89429423955055,1.3984718237996367,48.23104394474579,50.85294217147751,56.933054853064256,0.9041009629244963
NdFeAsO3,41.0,78.97342,2.833333333333333,30.20334891221483,2.667168275339995,158.0,46.42798595653272,0.9538162174092304,1.0394058524113663,49.914385034109486,1.0671873729054748,1.0919973506657559,30.409949810351133,3435.8811666666666,5153.10725,1.2856854920925687,308.0437725930088,819.819435760413,24.346623333333334,1.0175591323622246,76.71104510989043,95.95,61.391276977180475,1.3637521132689792,45.95641277340954,46.398111184496386,56.28328239981326,1.0429622228209854
Nb5Ir3O,10.5,149.97342,5.0,52.14908950733549,4.7989717843782485,150.0,72.1340768347887,0.6619525212100612,32.565315018789995,31.140898438477265,1.1547005383792515,0.6678477035838781,62.022537814887905,12281.26988888889,10377.143,0.7553784397779263,202.77792998472214,651.3044547974871,80.00295333333334,0.665378114411745,111.23419729538,115.33333333333333,45.7626728046147,0.7656924129505466,28.530724179771926,57.806652420011325,123.93565643755223,1.0350292557562488
Nb0.99B2,0.13,27.0,3.6622073578595318,12.706477476444741,3.5528444351221293,111.0,41.047689999999996,0.6931345545630173,33.96533506244644,27.95425044817843,0.9412205538107216,0.6573649895133828,13.5,4483.043478260869,5515.0,0.48670929869244106,64.2853638252723,4591.535690811949,35.93979933110367,0.5135404626229658,41.04275915117008,47.86755852842809,52.23774073649505,0.6913753961967894,29.699999999999996,38.63492951445082,49.702313829438566,0.6030726770715025
KMoS2,4.6,138.795,4.75,61.22049702713953,3.8336586254776353,156.0,28.607091701922833,0.6912290646404494,4.916212317550043,70.41687919100079,2.165063509461097,0.773915073866425,58.446646182651065,3764.0,4365.333333333333,1.0363116584888692,242.68285245356748,2583.693446110202,59.8525,0.49570220290019923,110.42989942358388,131.575,67.40688021263111,1.0882254525000687,66.6203338995602,26.806400348925532,90.3699174025532,0.8870601505953049
HfGeTe4,6.5,57.0,5.333333333333333,21.05878016937881,5.241482788417792,85.0,43.22786215702399,0.8949724653147251,6.940552082430993,70.542130831314,0.9428090415820634,0.9382813296813011,23.612614331233114,7265.5,8291.0,0.8323465606800372,108.90219873303239,7617.9778184724955,15.833333333333332,0.9974342079290655,79.05471783571913,148.13333333333333,31.537015288916187,0.9415668211772539,78.46193698574841,30.574277314980538,32.60119150800824,0.7802898579996576
YNi2(BC19)2,15.0,123.0,3.739130434782609,34.79738816437783,3.672985653365209,145.0,32.97527465218021,0.3233932091874092,114.54358960269576,36.26799950755174,0.6055820990080052,0.9400226676276017,49.98187171365234,2942.9565217391305,4525.0,1.10600547989945,140.64657794122988,3857.7260826024963,125.47826086956522,0.2300255257277423,130.91256310226768,140.8217391304348,36.21606031272133,0.9440099234873466,54.46340514510638,19.814548160022014,62.713941036026476,0.4987947329849972
Y0.96Sn0.96Pd2.08,5.0,54.0,3.76,22.581266572094666,3.7331435881231827,67.0,12.229640257473731,0.8272940533381015,49.68439834837617,27.906601369568452,0.4270831300812525,0.826983890596583,24.567367696917707,9079.64,7935.0,1.01528832436079,77.7503166810271,7325.05134085553,57.08,0.8630197690781737,56.60590636893913,62.28,23.68979527138215,1.0265017220038861,32.47402380707112,10.406607883637394,57.16226830061315,0.9821620245855622
NbSi,0.555,96.0,4.5,48.0,4.472135954999579,87.0,32.41044,0.5779217946828968,90.0,23.75,0.5,0.518897878049698,48.0,5450.0,5450.0,0.54183385079901,61.19999999999999,4468.568003286956,102.0,0.6462323708709015,108.78768312635403,111.35,43.5,0.6529700004473018,23.75,32.41044,108.78768312635403,0.6895781217208024
MgAl2O4,10.8,234.97342,2.2857142857142856,106.45647240011606,2.2456485239871014,97.0,4.675636966634624,0.5681917971889097,1.2361408109306096,57.277430822555694,0.45175395145262565,0.5611257719096034,97.99603348718469,1020.530857142857,1479.8096666666668,1.0289439638595002,341.36093352751345,188.57404704156218,90.01518857142857,0.7140958287331699,53.145335466577244,94.21428571428572,39.972950037417526,1.0794549836146325,59.05694050848065,5.061093500460173,21.108284221871365,0.7550597534631205
VGa41Mo7,9.2,110.0,3.469387755102041,38.47635404905141,3.3469795999737193,54.0,18.462545429117355,0.7526612958545675,36.326208013509635,15.1783142835361,1.0709911643593408,0.6224390845446162,51.38957957493804,6533.34693877551,7431.333333333333,0.5543073596523557,37.89694403704521,7184.4505168005035,44.755102040816325,0.8449673969284184,34.860795015198214,36.98571428571429,19.24917172880168,0.5919377872948869,17.554929665354848,9.706528808605398,48.80553999633076,0.5495400988416628
Ce1Al0.9Si1.1,17.0,224.0,3.7,90.40910106596324,3.6692590185696066,74.0,53.073803881324906,0.7951314916985959,71.8375284364589,42.10397038549004,0.45825756949558405,0.9786773076818153,92.32912144424783,3894.0,3906.3333333333335,0.7891390446752552,111.0123744854099,3478.245994802783,129.16666666666669,0.6615521812163629,69.96462444371733,79.90333333333334,33.51982829444221,1.0691912426180337,41.29086527981165,53.04776506450484,67.39666676598249,1.0695924493240165
Nb5Pt3O,3.8,70.97342,5.0,20.491590979924748,4.7989717843782485,150.0,73.3532121229154,0.6867244253312236,25.3791835601675,54.50145767673457,1.1547005383792515,0.6730520306193252,30.256966898353983,11911.26988888889,10007.143,0.7541468001995947,202.77792998472214,640.4424581189297,53.669619999999995,0.6267003465529294,123.12093040148719,133.43333333333334,45.682479014266384,0.7639017352056919,48.71360749888635,59.04500168766946,137.17969564692743,1.0350292557562488
In0.3Au0.7,0.45,238.0,4.4,109.06530153994899,4.289586002220474,18.0,41.0742845,0.32277889544100513,212.6910134082572,88.85614272519373,0.9165151389911681,0.40433642998720987,119.0,15703.0,13305.0,0.5002495372609872,151.82073277388696,11877.836503336794,248.6,0.32625589176545916,123.15231118086734,166.13,8.248636250920512,0.59065323791997,96.95,37.64520356748027,82.57554117291637,0.5164932208225147
La1Bi1Se1.93O0.48F0.52,3.7,12.97342,4.271805273833671,5.234334749030124,3.7367882866789803,153.0,73.70104916344832,0.8289340204746041,0.955615302458753,83.34150921496054,1.7990182658056615,1.079905273152931,5.294940269402857,5117.289622718054,4149.625,1.217129191215641,338.79494412605106,234.02878760302167,4.468714482758622,1.1182864892544706,130.5628428171086,154.39858012170387,50.03805652326837,1.3293728643330764,97.04163230284207,65.13893551269186,133.45767487292042,1.4976217619110324
La(Sn3Os)4,0.74,74.0,4.2,24.83867951401604,4.095345022158439,50.0,30.10569305379115,0.7641114790684007,50.85543841166903,23.604575827580547,0.9797958971132712,0.9784844809868647,31.25522178594945,10133.2,12015.333333333334,1.0194286224797673,89.17501892346307,10049.444466210733,60.2,0.9440920209441725,92.73866317646984,96.7,22.27105745132009,1.0138920824641777,27.67578163103779,27.71505699455341,83.37108533041356,0.931338129564206
NbTe4Ir,0.4,147.0,5.833333333333333,54.27706698044764,5.8204206926748006,75.0,41.152296010589744,0.7603741834880299,9.321697517861576,38.62419003106156,0.37267799624996495,1.013678663523361,60.94259594077036,9348.333333333332,12456.666666666666,0.8787252793472504,76.4816844450719,10645.551590587898,36.0,0.9812870847890665,161.9485511070994,167.81666666666663,31.543620591175006,0.9852051268762485,42.92818292088414,29.523350022389064,136.81446638335296,0.8250332846981949
Nb0.9Ni0.1B2,5.3,64.0,3.5666666666666664,15.82757790131586,3.4498973334986895,111.0,33.669807852774504,0.917745629266008,34.61481518152646,29.564691591303447,0.9551032521262935,0.8672904335025498,26.23398982660133,4507.933333333333,6646.0,0.6878016170986556,62.254653016639836,5726.624572547789,37.233333333333334,0.5579548834459261,41.50341498208791,48.86333333333333,50.730978920401505,0.8347548431700573,35.707546665780455,37.55775540153703,65.45101089920423,0.7090784249150731
NaAlGe,1.7000000000000002,175.0,2.6666666666666665,71.53087911291644,2.2894284851066637,72.0,22.518803878671857,0.9707639420714289,125.44375611323223,33.896541940964354,1.247219128924647,0.9115448892578405,71.53087911291645,2997.0,2997.0,0.9571895223457816,110.54499335363657,2405.0929348613386,145.0,0.7521867740923043,66.03079371110925,72.93333333333334,32.417416443771224,1.0743992140065812,33.896541940964354,22.518803878671857,66.03079371110931,1.08253957308703
SN4,50.0,0.17917,3.6000000000000005,0.071668,3.4460950649911055,31.0,9.029149999999998,0.637736085566895,0.039088616305295844,77.19999999999999,1.2,0.0177539460361084,0.089585,393.0008,980.6255,0.6556823546175192,161.0,49.51726971471669,0.061664000000000004,0.6889567865363978,16.009956453911737,47.10000000000001,12.4,0.5927102049815566,96.5,7.223319999999999,41.38538389335057,0.4248695935016549
Sc3In1B0.93,4.0,66.0,3.0,25.832294040157297,3.000000000000001,97.0,43.287209304324385,0.9947190284368431,24.600367933333708,4.803361930498942,0.0,0.9766559817985401,28.871362204709975,3763.245436105477,4251.666666666667,0.8270324910586072,78.69475345151663,3772.236733416988,31.46247464503043,0.8161017094566118,22.946943243253305,23.412981744421906,36.864885543477016,0.8039234811484625,4.659995231280344,33.914394485596226,25.61294917801495,0.9543433430172614
Ba2Cu4HgO6,92.0,399.97342,2.0,182.44027382484146,2.0,205.0,70.39249621216739,0.13792011450718855,2.1743153551747696,52.67891660273463,0.0,0.8913100386016816,169.52455758891713,4338.659538461538,6501.35725,1.3228581079725028,321.2990636214548,883.1172780800802,126.49688307692308,0.7490583728150306,67.63361898100061,105.15384615384616,74.1960460835877,1.2901313309797198,62.07678083430229,57.667728600023054,25.08496200534224,1.0375266230522848
K0.1Ba0.9Bi0.25Pb0.75O3,12.0,99.97342,2.4299999999999997,18.064626265692187,2.291188894219094,205.0,81.44688677562574,1.154355300324638,0.39577352853208286,55.00872598052058,0.9407975340103736,0.9775338312901319,35.85272322487406,2839.7774,5097.4858,1.3096786247586683,354.7758608967075,862.0907869211202,10.905948,1.216434889782296,74.66794623917785,99.404,81.76519736415977,1.3610111617977965,45.24110520312253,79.56171920765415,51.794177721939214,0.8083893356062687
YbIn5Co,0.02,61.0,3.1428571428571423,17.253216204167703,3.125860882311626,70.0,46.59291941884167,0.7160759309918798,75.86109796888823,13.1466919871153,0.3499271061118826,0.8113789405678486,25.590796956892312,7431.428571428572,7593.333333333333,0.7632705689122206,69.16131099665124,7532.819904358053,78.42857142857142,1.0488279430422,36.55253778223432,38.385714285714286,23.36926291048975,0.8488460542625706,14.313707493945175,30.50469143018461,46.73505980698652,0.8578154366347475
Nb3N5,9.25,53.97417,3.75,26.130132691921002,3.633411076646971,142.0,39.449839999999995,0.006480057834923195,0.4541772891374406,38.294122835625835,0.9682458365518543,0.002267251027702403,26.987085,3214.531875,4285.6255,0.5015251841232459,357.2343013958066,103.54259992872504,20.26614375,0.1053358888980048,20.38571124795914,38.162499999999994,68.74545439518165,0.6271451301305915,39.55,38.1971433326368,27.2873597110457,0.5284751663428864
Ba2Ca2Tl0.8Cu3Hg0.2O8.33,139.0,399.97342,2.0489895897121864,154.66058528338033,2.040124325453281,205.0,74.99341813115817,0.7553191912729663,1.5946104727353279,58.52163998097501,0.21584626429942638,1.26114556293301,145.5860106665169,3012.7803778322113,6567.571499999999,1.650639947260504,347.64064558757417,1495.1585979362962,102.55244405388856,1.2570982205717929,58.182083728178235,98.11543172075935,75.31496643508238,1.597284178542461,57.69476916401425,54.75912758033621,17.791907695634254,1.0596755470887553
Sr2Ca2Cu3Bi2Pb0.5O11,108.0,399.97342,2.3414634146341466,143.40548282706442,2.2243114945901032,171.0,76.81799620977857,0.810600350955043,1.0872428874287154,53.47616035092136,0.926829268292683,1.314201363747608,144.85279511096027,2950.52287804878,5710.238166666666,1.6458229314145183,329.9782546329932,1339.9747016290096,83.11182341463415,1.478734624424544,67.11324863938376,104.9609756097561,64.94331029026365,1.688173836143939,54.35274622521131,61.886520627748055,33.70051224895619,1.0630932995329423
Zr0.3Nb0.7Ga1Ni2,1.8,68.0,2.925,28.536281730456757,2.7369670033331204,70.0,14.476300728883572,0.8689576475028814,56.2883724332231,35.8177941113073,1.126665433924375,1.1237309868534902,26.76167969317322,7918.075,7473.25,1.2774931388313489,64.96153433956128,7360.185644715263,63.925,1.1325108524321157,72.5037158897792,82.875,24.777812655680485,1.2442452210978747,33.586557951061316,13.767030306549332,59.90261583119866,1.1543731177401115
Tl0.6Bi2Te3,2.3,43.0,5.321428571428571,12.890581516624248,5.219381238434885,33.0,37.32675238345221,1.0024850155797829,5.705391295630459,61.25301950074937,0.9278843611976129,1.0184279440013588,19.200694431886227,8105.357142857143,9290.0,0.9919406417335964,101.38569233227082,8975.953587223185,9.392857142857144,0.7296782333155252,116.50875835461213,138.02142857142857,12.062496695568967,0.9762720364007422,70.09992867328754,40.078920989550994,71.65129831148676,0.8762658351333794
Sr3SnO,5.0,66.97342,2.4,21.191374949243475,2.29739670999407,171.0,43.00589855760098,0.6699466542363093,9.474728684075494,59.32172330605374,0.8,0.6933195248701837,27.35076495577165,3040.2858,3313.8096666666665,0.7637510814258506,296.20832938997506,301.74155080954705,34.405316,0.5726156502573787,21.234237019641814,54.178,67.3973293239428,0.6630570067561843,57.8145346969274,33.96337008333537,46.607124970476335,1.044812827163821
Ba1.89Sm1.11Cu3O6.95,94.5,399.97342,2.085714285714286,166.82522835486458,2.070730270375771,205.0,54.87713673042718,0.18919726436335071,1.0863443428581838,46.762930432211924,0.2799416848895061,0.8966966162190957,168.85424375765058,3218.970003861004,4956.10725,1.3431278068751238,349.1670807131978,758.1898745423927,96.41967034749034,1.0123367029617893,90.72640932591644,110.92204633204634,81.79857445484379,1.3609985283928416,51.125719738210044,50.99342703280332,60.72149282571546,0.8833393386943751
TiNbN,14.0,53.97417,4.0,22.16121530556832,3.9148676411688634,142.0,32.31825279067336,0.6045287336262554,3.1307396170540995,37.14748383882218,0.816496580927726,0.6449916160800427,22.16121530556832,4359.417,4359.417,0.8867225808506963,349.22449640437435,364.2295941381628,25.341943333333333,0.7177702065067069,18.922919480886762,35.06666666666666,62.403703593794994,0.9881997438378383,37.14748383882218,32.31825279067336,18.922919480886762,1.0290881361461035
La0.6Y0.4Ni2B2C1,1.9,127.0,2.833333333333333,45.47699051901595,2.7494592739972052,145.0,48.514869426166904,1.1458162928578026,48.0006724391399,49.68337537737235,0.6871842709362768,1.223160667446824,49.95838267998675,5078.733333333333,4849.2,1.3327107275652779,154.2623466695616,4234.319466184202,65.1,1.141517820348764,63.47967649758424,80.15666666666667,47.18314199890559,1.463514567049938,50.42351038949986,40.54445846310578,59.815304021809936,1.405508051581919
Fe0.9Ni0.1Te0.5Se0.5,2.0,90.48,4.45,39.3123034176325,4.157494559739066,53.0,28.740107897848954,0.4588195941871677,10.003809437979845,86.1104481175194,1.5644487847162016,1.1637132890682726,41.844870653402666,6753.450000000001,6960.25,1.197652153351263,78.28605543134739,6776.872013057362,40.980000000000004,1.1365508586212112,63.494156935752116,110.465,22.350111856543357,1.1539033778624082,72.84388701188317,29.18699537844894,92.60346644154939,1.211507774279571
YInGe2O7,9.26,81.97342,2.5454545454545454,29.917313804968387,2.442189246997311,164.0,36.23159978593229,0.9019452185221465,0.40419075311302444,42.03813892130504,0.7820295697311479,1.0440223112973623,32.7514786684216,2039.8184545454546,4276.60725,1.3712735658662625,312.3931185155456,706.1581351841969,19.926005454545457,0.6662289481870038,104.58825563392381,118.18181818181819,55.530648227460695,1.3488309601541641,50.972560020073544,35.81662570270466,63.47591515540711,0.7586743925124733
BaYCuO,91.0,399.97342,2.25,168.30104677323928,2.2133638394006434,205.0,43.82335412287858,0.3362619157811732,7.552384610479556,54.83075522687974,0.4330127018922193,1.0154071231009878,168.30104677323928,4235.85725,4235.85725,1.1995407452482953,311.74349231379307,669.5565878093886,108.756645,1.11209819664271,53.52796464943869,77.2375,77.52580215644338,1.25670056650299,54.83075522687974,43.82335412287858,53.52796464943869,1.3150043081430218
Sr0.45La1.55Cu1O4,50.0,399.97342,2.2214285714285715,138.17992623505646,2.1878705959949745,171.0,44.28945852751441,0.3431473723864145,0.6567331807513176,46.00324318707967,0.4152083322666749,0.8808323446867357,166.74235110633435,2810.7880000000005,4434.35725,1.1551375535722825,353.37300072635276,674.4847514452675,62.286617142857146,1.0984789430251647,90.22913716227012,109.93764285714286,68.65865880259699,1.3045507208615366,54.3730969207199,50.067366862870855,48.477264684806585,0.8283032797641348
SrLaCuO,40.0,399.97342,2.25,166.74235110633435,2.2133638394006434,171.0,44.28945852751441,0.40369322101352245,8.339818346101616,54.3730969207199,0.4330127018922193,0.9959827795684113,166.74235110633435,4434.35725,4434.35725,1.1972730334986863,314.50596576217754,674.4847514452675,112.006645,1.0885753418849908,48.477264684806585,79.6075,65.57962717185879,1.2752739905252208,54.3730969207199,44.28945852751441,48.477264684806585,1.3130080242159092
La1.9Ce0.1Cu1O4,28.0,399.97342,2.3,138.57409617211104,2.2548965547949824,147.0,52.62781560848236,0.24153176921501535,0.6147544030289287,40.651118919259225,0.4884377427793931,0.8047801009576202,169.808985016895,3044.5737142857142,5449.10725,0.9776304889943267,354.0619088607562,851.7722706920351,60.843759999999996,0.9015109995092953,102.83576362347715,112.72857142857143,66.1323657214708,1.1102807808046626,41.13960986689106,53.71624497724724,81.23844817113971,0.7758176907534384
BaLaTlCuO5,52.0,399.97342,2.2222222222222223,123.51964044006748,2.188574761024538,205.0,65.51936429028767,0.5974264287302883,0.7275579961783544,53.102105233662,0.41573970964154905,1.3010113976154631,153.0347209630528,3385.9049999999997,6093.4858,1.5290042256389944,362.3872575635689,1267.6275000047654,53.01476666666667,1.4065004727706836,78.3709807125008,102.00555555555556,74.71046995560698,1.5853295935519516,52.09979270592159,68.27879698060252,48.57665603366704,0.9445443278133099
K0.73Fe1.67Se2,32.0,99.48,4.031818181818181,42.85619248724893,3.42605489505354,140.0,16.34254948416012,0.679663308801973,8.37460880650809,85.05503980013701,1.9209103816198392,0.7860854134664204,42.81274576571794,5321.013636363636,4516.333333333333,0.9218653429241328,183.0758754768404,3190.6220861382294,46.81136363636363,0.788354625203441,62.10220902487296,104.12522727272727,49.3895733279039,1.085876090868915,77.96675929879063,15.154756505661458,55.249775256212665,0.9133809636644767
CePrCuO,21.0,399.97342,3.0,169.808985016895,2.82842712474619,199.0,53.101375326837996,0.2572097739330622,6.2443573872191855,40.643172858427285,1.0,1.0889279026358298,169.808985016895,5572.60725,5572.60725,1.1786487477301035,319.05266806594796,868.3951283958364,106.006645,1.06747319560728,82.04689050622096,91.35,72.2958332132634,1.2633055889985414,40.643172858427285,53.101375326837996,82.04689050622096,1.3096366134106745
Al20.25V2Ga0.05,1.74,206.0,3.1793721973094167,58.954794712407704,3.1406388855413865,53.0,17.491766195638835,0.07148773504369023,195.0442140993896,2.411357996824104,0.5714630429443585,0.5015659154841483,96.6413760019773,3013.013452914798,4904.666666666667,0.4659247911112806,20.828893061104754,4600.981013202843,216.2421524663677,0.4698186181738819,44.63486773949628,44.695964125560536,15.155030127480892,0.39360948258285905,8.95333581533845,7.109450965196709,41.151720239288714,0.3403875036011629
K0.37Tl0.63Fe2Se2,29.0,99.48,4.0520000000000005,38.44169798539082,3.6494404392632256,140.0,64.96031109818132,0.8339343427872145,10.068381448224086,85.89395340395039,1.6701185586658212,1.0928598759821833,37.558130943911465,6633.644,6349.75,1.2020953759062665,157.20429410114724,4429.310367685943,45.004,0.8788099005718409,50.469395682780565,91.78080000000001,38.285628583059726,1.257149334973142,73.51864984478428,47.962442964564474,43.22554455068446,1.0704308460549936
Nb65.2Rh34.8,2.9,96.0,5.348000000000001,45.72825752201805,5.327519867391393,25.0,4.9995600000000024,0.6741309080915592,77.0549405226603,11.241529974162773,0.47633601585435464,0.6851229163307783,48.0,9920.24,10510.0,0.6597692950872884,26.627183286258415,10329.399788951923,87.40799999999999,0.6123480333666713,95.18250782021863,95.81280000000001,11.908400396358866,0.6253793112676116,11.800000000000004,4.762940982849597,98.6971124197664,0.6571042589816982
Ba2Y1Cu1O6.6,63.5,399.97342,2.0943396226415096,115.56369966381517,2.077984858035172,205.0,43.82335412287858,0.4375694066777933,0.4144420813503177,54.07414472229303,0.29230062990244654,1.0645300796055774,168.30104677323928,1930.323716981132,4235.85725,1.2147918109819436,355.19973888416916,669.5565878093886,42.75239886792453,1.2022280639263005,79.85868163266854,105.88679245283018,85.71532191816324,1.2822285531438307,54.83075522687974,48.15300860678509,53.52796464943869,0.7508556056069956
In2Rh,2.2,68.0,4.0,32.05550741379015,3.77976314968462,17.0,5.956249999999997,0.6921528958521803,100.28584879279087,38.08948527991536,1.4142135623730951,0.689930713991164,34.0,9023.333333333332,9880.0,0.6186611776058932,76.13183010775161,9539.889936472013,104.66666666666666,0.5405321163404511,46.840046566044784,57.33333333333333,8.013876853447538,0.6514964364123816,40.400000000000006,5.615606353923162,58.141895393941184,0.6696304833972417
La0.2Ce0.8Al3,2.3,224.0,3.2,96.8224664011406,3.1776715231464365,77.0,53.04907369505898,0.09021913377005567,110.22411013477686,3.1003024046050736,0.4,0.9036299550498409,105.12637897100592,3670.1000000000004,5178.333333333333,0.9728548905360486,15.979420358698883,4805.875383496686,179.1,0.5019987704127592,45.67527944905958,45.775,29.944740773631686,0.821704994252209,3.1710495984067415,48.88442319478022,48.226791347474084,0.6676549143040735
Fe0.99Te0.45Se0.55,14.0,78.48,4.507537688442211,38.69139796332846,4.250036005482332,53.0,29.905281677694028,0.10943353918939572,9.406885139433054,88.5850570669065,1.4999810609647537,0.9628187372412901,36.42535868808371,6660.155778894473,6311.0,1.0914151452282115,78.71991180465372,6186.5089014424375,40.12361809045226,0.9463155687988241,58.166727706785736,106.21507537688441,23.102738404894883,0.9717482290799719,83.41448049083297,28.293989297113853,86.53086361190915,1.0626899050171537
NbAs2,2.63,4.0,5.0,1.8856180831641267,4.999999999999998,84.0,8.99239,0.6478476860936295,51.299278400300906,3.818376618407354,0.0,0.6827391083395965,2.0,6674.666666666666,7148.5,0.6653824935273821,133.21891757554556,7005.739789629644,51.33333333333333,0.6313343765222325,82.11316419994601,82.19999999999999,39.59797974644666,0.6906654601681252,4.049999999999997,8.47810659743213,83.45178248545683,0.5726636983830189
Ba2Ca0.06Y0.94Cu4O8,88.0,399.97342,2.062666666666667,174.86830399219988,2.0514694214605185,205.0,41.80901089662371,0.20206732356531695,1.2803456735543546,47.038347574319495,0.2423624466693542,0.7219771923091028,154.89431832394442,3144.5408,3698.6858,1.3021960430772836,335.44070203175335,791.9470941162945,110.94617600000001,0.9855951525903364,90.67216853848153,111.99774666666667,76.02165637647092,1.3530832955370549,57.15221591504568,42.158129103226564,31.65240959585041,0.8922195564910542
BaAlSi,7.9,217.0,3.0,89.27983472704734,2.8844991406148166,142.0,51.75910528103785,0.8212080716726218,85.9298147397365,51.02334433047942,0.816496580927726,1.0838868693776935,89.27983472704734,2846.6666666666665,2846.6666666666665,0.7970675522903394,119.97674774721975,2805.4913491970383,134.33333333333331,0.7699407250824792,45.117549458856566,64.85,65.35203813875195,1.021001834630102,51.02334433047942,51.75910528103785,45.11754945885659,1.08045015988975
Nb5AlSn2,2.0,181.0,4.5,58.8885334763908,4.436202961165585,80.0,38.62357084505695,1.0594552244137467,68.49333033931688,18.707151039108012,0.7071067811865476,0.7247953763614546,82.43111602355563,7521.25,6193.333333333333,0.7745081589113223,37.81914197863299,5530.3674489631285,79.875,0.538855930987046,84.85039624015616,87.45,31.011086727169044,0.7793257146044505,26.976203505229485,26.58033591488424,74.8505896627768,0.8875772416645088
Zr0.2Ti0.8Pb1O3,0.05,34.97342,2.8,14.572634604598306,2.639015821545789,158.0,72.43497977897142,0.8752649733689226,0.429341962607938,57.665774944935926,0.9797958971132712,0.7895886504442604,12.61880867863821,3250.4174,5589.85725,0.9832691296231211,307.4064421966462,830.4149021828907,11.455948000000001,1.0200531249419202,66.62053905363487,95.98,59.69254559825707,1.2964340069252287,50.562387206301885,74.51336018670476,37.70828104611063,0.8125283134491147
Nb4Rh2C,8.9,96.0,5.142857142857142,45.96182977121741,5.102099571075231,131.0,40.69665302983472,1.0531961279350301,82.8455852772583,23.365035800511492,0.6388765649999398,0.8130851552864914,43.091633629846164,8777.142857142857,7760.0,0.7375596321056157,143.27631360701716,6224.238193254216,93.71428571428571,1.0309720387615553,101.78133543813014,104.02857142857142,44.28940076822177,0.7947868426167117,28.101878149966346,29.795230652081052,114.82064159581705,1.0259392134758167
La1Ce0.13Pr0.87Cu1O4,23.0,399.97342,2.4285714285714284,138.5771170794374,2.339861625517374,199.0,51.34453149256953,0.28289360352547754,0.6143144295431221,40.254739865420234,0.7284313590846836,1.205384498799034,156.37170740335165,3108.2980000000002,5687.2858,1.4479221055407216,356.4851741049445,1284.3766868409286,60.83518857142857,1.23317403934559,103.36080115934926,112.9857142857143,76.42564432312024,1.4724100168282843,40.021514214232326,54.10192143405126,74.16017413334559,0.8776605789132299
La0.01Mg0.99B2,40.0,147.0,2.67,62.576237147623026,2.624285852902312,108.0,57.46839615031108,0.571733279838341,48.45239490480778,12.664059380783081,0.4702127178203499,0.6190256803748109,66.24365797736581,2234.0266666666666,3448.0,0.8043381450527269,32.5873918290836,2972.983359618424,70.84333333333333,0.2817956060855089,10.729797811805009,19.459999999999997,27.726341266023542,0.7215450911804882,19.63720957773787,9.537746802639878,12.793278534881344,0.6365904356546723
Nb0.15Si0.85,0.302,96.0,4.15,34.27885645700568,4.136152028136659,87.0,32.41044,0.22623640068401424,128.68758006661423,16.96089251778927,0.3570714214271425,0.6703315200332501,48.0,3266.0,5450.0,0.6582020322392257,43.705541982682234,4468.568003286956,135.6,0.29342009859311685,126.59969593280243,127.975,31.065213664161398,0.5504099761094288,23.75,23.145683759758235,108.78768312635403,0.38575920871490993
Mg0.88Al0.12B2,31.0,208.0,2.7066666666666666,68.40240411629469,2.6635927169339406,58.0,7.076865506462605,0.8952455258600086,49.61660968577319,12.932903772935141,0.45528989543903664,0.713649857310455,86.00904345216004,2257.8133333333335,2299.3333333333335,0.8982689659364327,48.9954440693781,2260.0404618542298,74.33333333333334,0.3175486766319525,12.140156405481308,20.999999999999996,26.306447034055275,0.8337597559005362,17.539732672484554,6.531872002009164,12.300733646503737,0.7171304705255575
Sn63Pb37,4.0,32.0,4.0,15.449737861853839,4.0,9.0,44.245,0.5449779156624693,52.69049785678919,34.85847105080772,0.0,0.6920643494810225,16.0,8801.1,9325.0,0.6930704046776417,3.379630157280527,9104.691098549138,55.16,0.5983649553253825,72.70498776164258,82.086,4.3452387736463916,0.6660561674194629,36.099999999999994,42.72335323110769,63.10372413732805,0.6601661512047605
Ba2Nd1Cu3O6.96,80.0,399.97342,2.07716049382716,166.61076858121774,2.0635608706826645,205.0,53.28609560082255,0.20314090469530982,1.1089534426474028,47.25641687890697,0.2668459331140522,0.88273653225915,168.30104677323928,3157.4032283950614,4870.35725,1.32984743994247,350.45077179721756,749.1889155042081,96.69637320987653,0.9798389791831652,89.83529666121436,110.64043209876542,78.71740833234922,1.3370329195242636,51.125719738210044,49.93834370763614,60.72149282571546,0.8782335658472908
La1Ce0.12Pr0.88Cu1O1,21.0,399.97342,2.75,169.56465417317395,2.632148025904985,199.0,51.34453149256953,0.2809032562287367,6.478118650803174,41.13960986689106,0.82915619758885,1.1979269668139787,156.37170740335165,5438.32725,5687.2858,1.32284169056935,318.5484538888864,1284.3766868409286,106.446645,1.1603538750556377,81.23844817113971,90.85,71.92188748913644,1.3837798296884178,40.021514214232326,52.79560610538432,74.16017413334559,1.3728983249971172
Nb(NiSn2)2,3.4,37.0,3.75,13.36740438529485,3.5565588200778455,53.0,24.581716514390664,1.035498925904067,68.53243918838922,10.043250220919523,1.0897247358851685,1.0665084939669738,15.326085243430198,8024.5,8262.666666666666,0.9287196703949321,26.001298044520787,8233.025661800506,69.75,1.0602979312057648,104.15723432484045,104.675,22.431841208425134,1.0612746173810454,11.266173559228827,24.62996924709966,102.65409714747827,1.0369917124767887
Ba2Ca2Cu3Hg0.8Pb0.2O1,131.6,399.97342,2.0444444444444443,169.49937867942393,2.03104502500855,205.0,75.58723525099255,0.7040768082191128,39.68275188977549,58.38418393138105,0.29481109247603554,1.2531163423455935,146.47283582293812,5566.292111111111,6482.571499999999,1.5179466961764292,245.71355084054002,1484.2362921386243,183.29628666666665,1.1677418891846199,23.848322569609635,61.040000000000006,59.36451947787926,1.4701184772658162,56.61312764917888,57.085914385647115,19.564750178290982,1.6144653849245727
Sr0.3Ca0.7Al1Si1,8.0,200.0,3.0,59.176994403794,2.8844991406148166,108.0,24.74643596000564,1.1457269976304087,161.0769918763294,54.633303310953714,0.816496580927726,1.272456856373702,75.58108228915486,2301.333333333333,2302.5,1.385908059648456,98.98919447203427,2250.358877091988,178.5,0.8498098078830941,29.96814664072436,61.256,41.64032500673676,1.355078989253923,53.075571829232324,17.835730480699073,19.687158734276185,1.2652619132447716
CaSnRh,8.2,133.0,4.0,54.85131417447231,3.634241185664279,49.0,33.96087356633938,1.013965903038033,126.20174282199962,50.03975508422167,1.632993161855452,0.8716548492367742,54.85131417447231,7103.333333333333,7103.333333333333,1.0129693867184277,58.84739208797241,5205.624154053303,139.0,0.9665965001032686,36.04249795961308,74.62333333333333,20.07209228976613,1.0916247786383657,50.039755084221675,33.96087356633937,36.042497959613115,1.0946975170576518
Nb(BIr)2,7.2,123.0,4.666666666666666,52.78257288158659,4.481404746557164,111.0,74.16976585144891,0.8710409658853171,60.248965507395255,50.76181854723314,1.247219128924647,0.8072907229425241,52.78257288158659,11196.666666666666,11196.666666666666,0.7648998300487091,85.04261676751642,7805.816568723271,77.0,1.048730578260205,72.22280518486266,89.43333333333332,48.641546028061235,1.044525337714873,50.76181854723314,74.1697658514489,72.22280518486274,1.092524552964115
Yb(SiRh)2,0.0935,111.0,4.333333333333333,52.32590180780452,4.160167646103807,111.0,59.193384056459855,0.9703378878290255,95.73756448289856,35.157202517960506,1.247219128924647,0.9189247748879177,52.32590180780452,7116.666666666666,7116.666666666667,0.907464524472044,75.63325253411286,5754.799722700403,113.0,0.870996166640537,91.80277061394261,99.26666666666665,45.419036635411906,1.0611776238933333,35.157202517960506,59.193384056459855,91.80277061394261,1.0927382248733921
Ti0.5Nb0.5N1,13.5,53.97417,3.75,22.102248681915263,3.6628415014847064,142.0,32.31825279067336,0.606905054861836,0.9435530292254186,34.16558026728069,0.82915619758885,0.6457781620182381,22.16121530556832,3269.8755,4359.417,0.9840961365103481,370.405676252403,364.2295941381628,19.012915,0.7469557127341018,15.491584401100692,28.424999999999997,65.96021528163776,1.0719001284492935,37.14748383882218,32.37659705633183,18.922919480886762,0.8492316310839975
GdNbN,14.8,53.97417,3.6666666666666665,23.29197151709337,3.5568933044900626,177.0,58.57938956255747,0.45799162749605904,2.4848696807750974,32.333367697576236,0.9428090415820634,0.6930658377477942,23.291971517093373,5490.750333333333,5490.750333333333,0.8320358151531602,365.30748996184326,439.17748209250715,21.67527666666667,0.6338758884806356,33.7217486488496,49.199999999999996,76.53466897789234,0.967343124233525,32.333367697576236,58.579389562557466,33.72174864884961,1.0188120247142727
Na1Sn1.8As2,1.5,90.0,3.791666666666667,34.12637359872859,3.2885920195734206,76.0,39.12473168990843,1.089322390497842,69.1500067628365,20.525955367534053,1.4994211846205485,0.8256336050092252,39.041288685470185,5329.166666666666,4668.333333333333,0.8628773149567162,173.22473661402984,3434.8410071991125,75.125,0.6194009786795878,82.59848922007387,85.2375,28.45607604517687,1.0903336409264017,22.27050865057993,35.34846937207204,77.73178090009097,0.9791643121918179
Ba1Fe1.85As2Ru0.15,14.0,102.0,3.69,24.93241063355086,3.4647619603476802,139.0,30.558628525017284,1.0595057000799946,49.5609889640959,32.19438236711492,1.2624975247500487,1.1363282078036678,37.559120064240055,6277.280000000001,7370.25,1.2057347747870868,163.57338433865092,6651.963421571945,56.43,1.0064552147669747,32.767089472494106,44.33800000000001,50.90473848277781,1.2040625490817107,38.31369492426957,29.925222034429417,38.38877850523812,1.08093973881908
Hf33Zr33Ti33Nb67,9.2,32.0,4.403614457831326,15.377128776787707,4.376977092563741,32.0,47.37713352686162,1.0858909206097276,32.173343079379194,36.947506260906096,0.4906218780902974,1.2594554469609667,13.573871960498227,8295.265060240963,8224.5,1.2672417643752403,34.39313197215986,7606.3014411764225,35.31325301204819,1.2833762575130632,21.55760042648193,45.93253012048193,11.321968235531108,1.3268104721033314,33.975800211326884,42.429118485227214,15.023170258604914,1.3195262232582015
Ba1.925La0.075Y1Cu4O8,74.0,399.97342,2.0716666666666663,174.89054920884786,2.05896929078356,205.0,46.482335222954795,0.16509104607829742,1.2657218234236194,46.528078132023914,0.25793517704174346,0.7595878445049492,155.32960917300804,3169.4087999999997,4617.8858,1.3501423430318176,335.0357984254153,1043.1537920704804,110.18917600000002,0.9872010631067352,91.9650018295034,112.27691666666666,75.6796898484366,1.366496628475834,50.2814916246525,42.24349824366746,52.69696747744452,0.8951135599228505
Sr2Ca2Cu3Bi2(PbO5)2,110.0,399.97342,2.533333333333333,156.2725054871183,2.3667769435989734,171.0,76.81799620977857,0.8442737054442981,5.386333797970216,56.57973072478243,1.0873004286866728,1.3742933874021754,144.85279511096027,4409.809666666667,5710.238166666666,1.631661383734279,313.0984336523508,1339.9747016290096,114.74219333333333,1.4889812409416847,48.66626849466713,87.66666666666667,62.84244849887163,1.7346292795571887,54.35274622521131,70.18506890609711,33.70051224895619,1.467196124951075
Nb5SiB2,7.2,123.0,4.375,36.14813273185767,4.279510194803085,111.0,35.339317498862684,0.9321474871835356,51.59391077903581,32.93461087898261,0.8569568250501305,0.5042877162013395,52.78257288158659,6262.5,4453.333333333333,0.38386812568272355,63.9711458393548,3662.3283879410696,59.25,1.028244344683215,69.65611718199992,78.6875,50.34366270942153,0.6807709728032352,43.731783509123986,37.29151698397204,69.36432874090578,0.9448683376817566
Bi0.7Pb0.3,8.3,27.0,4.7,12.372954376380767,4.676242239113106,11.0,0.8902000000000072,0.646090505060809,12.456137802623903,25.70824964870226,0.45825756949558405,0.6355630438998829,13.5,10248.0,10560.0,0.6093368597586156,5.636568104795715,10531.153782943256,16.1,0.43622066141373295,70.1455523766348,75.87,5.0408332644514235,0.6236548495681085,28.05,0.8158817767299443,58.24791841774259,0.6139299275054044
Ba2Ca0.2Y0.8Cu3O6.95,73.0,399.97342,2.0617760617760617,166.82827237382517,2.0507287507015484,205.0,41.80901089662371,0.32400495996864154,1.1553102490296165,50.2676956682841,0.24074837479721847,0.8197811103626517,154.89431832394442,2918.728305019305,3698.6858,1.3193869952795925,342.98330050513556,791.9470941162945,99.59727652509652,1.1057355850264416,83.63727429730436,108.62,78.969684614335,1.405545508350075,57.15221591504568,43.99236111451161,31.65240959585041,0.9154575320423242
Mg(BO2)2,36.5,159.97342,2.25,66.29815277686174,2.213363839400643,97.0,5.5576825897930595,0.4153319523336858,1.3217472789525528,64.51931396876442,0.4330127018922193,0.6834639767728796,69.92699406682245,1050.2145,1399.8096666666668,1.015096601826137,273.08200576932927,182.81242208660555,46.76329,0.4606466727288653,30.443355841070133,78.675,39.70516339218364,1.0724714579120573,61.15406773060971,4.834078297876442,18.1991767932615,0.9142066753749487
Sr1Fe0.87Co0.13As1F1,4.0,99.9723,2.7824999999999998,29.59154499163359,2.3623314000246496,177.0,23.161780880687882,1.2545072922861071,7.9270819290072,129.9706617616068,1.4950564370618256,1.2140129476095889,34.70987033635245,4091.5190000000002,5026.5392,1.3688296950725936,425.9423719163779,1123.5149076029763,41.68942500000001,1.1235336588138967,43.24883529603464,109.7425,64.31287273944463,1.36777565745209,118.23126821615337,25.887218003037063,45.350528682837506,1.3728323884084879
La1.85Eu0.15Cu1O4,20.0,399.97342,2.2857142857142856,138.55669431547426,2.2456485239871014,183.0,55.6328765861556,0.2501114676286372,0.6172026155684616,40.62924200772701,0.45175395145262565,0.8219223564575505,169.3938278833325,3017.4880000000003,5087.85725,1.0325748338858682,353.8787847093223,801.4914048186555,60.89376,0.9789607650464125,102.86486228220359,112.74285714285715,67.57158562349613,1.1647690843360259,41.13960986689106,54.14350535004864,81.23844817113971,0.786701997320347
Nb0.9Bi1.2Se3,2.6500000000000004,53.48,5.588235294117647,19.811685063414043,5.5660513405481185,95.0,58.28377328041447,0.5570243047373862,2.2446645655464113,52.18631845522383,0.49215295678475035,1.0675085773188293,23.64567331810762,6648.235294117647,7723.0,1.0077024774162018,125.79616455719561,7391.947396981657,11.71764705882353,1.065415179307726,142.78215404525167,152.85882352941178,35.83169036763513,1.059170888954081,50.17708640405499,54.03207299242116,116.85540322486312,0.8690831435659603
Sr0.12La1.68Eu0.2Cu1O4,5.0,399.97342,2.2685714285714287,138.45325700139014,2.230093524611847,183.0,49.79947345323547,0.29695836801414166,0.628103501650177,42.11010662901411,0.4432164441066358,0.926392702148447,154.20524542388117,2950.7708571428575,4596.2858,1.190474615294769,353.6454262057476,1016.5066992288404,61.27804571428571,1.1314354911403923,99.3824012948959,112.02051428571428,68.59623265671284,1.3231542515441819,49.91544835018514,53.38853515124669,49.06727405826816,0.8299836718162158
Nb1B1.93,0.004,27.0,3.6825938566552905,12.801910843520298,3.5713922471761825,111.0,41.047689999999996,0.6929885437566652,34.20616426892543,28.164203855744656,0.9482896921126147,0.6513779887627625,13.5,4545.324232081912,5515.0,0.4765037549152463,64.76818597129159,4591.535690811949,36.21501706484642,0.5235411653143597,41.51970192886994,48.47303754266211,52.630077912250115,0.6897621986849409,29.699999999999996,38.92510131203405,49.702313829438566,0.6113256967062928
Ba2Y1Cu3B1O6.6,59.0,399.97342,2.1470588235294117,162.96029659532627,2.1228815815548123,205.0,47.17659819755977,0.3010465897512433,1.5479254400192743,52.32898059591466,0.3541645464350675,0.9913444027784741,154.0443368522174,3003.0464264705884,3880.6858,1.3486743040773514,334.2301438971848,868.5940526526408,94.13054617647057,1.2808308908837864,78.53023923701105,102.23529411764706,76.9857646482615,1.4782438780520333,52.81929193012719,44.12158508092307,47.0884511500252,1.085131186190862
Nb2Pd0.963S4.967,7.43,70.795,5.504918032786885,29.107172276986272,5.4550295157930435,111.0,32.34013239650079,0.6992017752226057,1.7007755482381999,60.906284702879454,0.7020334540338965,1.0693597086982742,30.175107566778728,4849.113366960908,7517.666666666667,1.0701873006515386,145.86728357249768,5867.006645385917,22.369638713745275,0.8269781111961476,139.55494689029425,155.0073266078184,49.83541431243776,1.0251486385383264,62.73990401296097,31.794311759337507,99.13783066984345,0.8044395016513566
Hf23Zr20Ti20Nb21Re16,5.3,32.0,4.69,13.989778411397374,4.584554943075665,32.0,53.97694625298382,1.5381293651536432,30.67812362396981,32.11429929174852,1.0834666584625483,1.4994143569774239,14.01427843308388,10427.8,10783.6,1.5040913272788141,56.722753247704745,9321.061393963515,33.31,1.5950093933644849,14.413725514627998,31.641,12.007914056987584,1.5973106283164509,31.344320059621648,53.34091507546593,15.213644642271495,1.6084838993970343
AlVNi2,4.57,204.0,3.0,75.11990415329349,2.7831576837137404,53.0,13.498204871656254,0.889200785515669,88.13087564677267,32.85006659049567,1.224744871391589,0.8387033523185048,85.60373823613078,6656.5,5906.0,0.929968800225693,66.47500940203018,5277.096802735799,112.0,1.0021171233974508,73.71748850031909,80.775,18.872930350107268,1.0259632988272211,31.03012872820364,13.003720367908567,63.84037368160444,1.003326752388208
Ba1.25La1.875Cu1O4,16.0,399.97342,2.230769230769231,129.44000391496198,2.196172454291099,205.0,51.96882778610336,0.4104565748750071,0.9881719706750154,51.23112297175171,0.4213250442347432,1.0322240989785494,168.85424375765058,3061.780430769231,4654.35725,1.213454290299926,373.33403434140996,724.9532108523879,55.01308553846154,1.1816678499397348,77.65494328507998,98.71076923076924,81.35937372121109,1.3228772908327888,51.43371188967407,56.855346636113765,60.123178555098235,0.9581136421639191
Nb2C11S2,7.6,139.795,4.3999999999999995,51.821305470498004,4.349708576911132,131.0,34.39631684329136,0.24418316431200227,51.64721513689462,29.797683728027515,0.7118052168020874,0.9101199019537025,57.57366686834065,3061.3333333333335,4263.333333333333,1.017340853639499,141.97103366532204,3360.844695035536,109.89399999999999,0.20058401827354427,149.03947022859575,152.50666666666666,44.00131311171924,0.9532839551975629,46.779933969836065,27.29468697885444,139.98345995074442,0.6705954793195648
Nb20.4Ge3.9Ru5.7,2.2,66.0,5.0600000000000005,25.590967156401106,5.028241630499479,73.0,11.956448178511133,0.9470350098878704,63.7135576499773,11.544421813152882,0.5624944444170094,0.8269058702575995,29.79932885150268,8869.89,8754.333333333334,0.8184218104106071,34.121545612706335,8263.594461733543,67.32000000000002,0.863184748715546,94.1260426694134,94.76500000000001,24.334048163016362,0.755167425945608,13.4442883370184,8.058083907252236,102.76094495684274,0.8742970498903411
Zr1Ag0.05Te3,4.5,427.0,5.444444444444445,47.3866981516243,5.309640552733882,83.0,14.868261128547163,1.029129761046462,5.274292404195963,64.23333118590791,0.9938079899999066,0.6588394443318782,196.74518206722792,6359.382716049384,7747.0,0.5459098436672434,90.56965125468386,7525.509778674743,13.209876543209877,0.6385002668679105,131.56236082446608,154.08765432098767,35.79450741614496,0.7174616694536737,61.050270724670455,15.697749448419145,101.2493912720604,0.558332466700672
Ca0.83La0.17Fe2As2,31.0,187.0,3.6340000000000003,53.62786063232431,3.4405637206048003,81.0,37.57196223658566,1.1025624114449495,72.19113859021216,32.41583249005954,1.1679229426635989,0.9573678304091909,70.12310603502956,5906.664000000001,5324.25,1.151105355269642,137.32329765615157,4552.623249331799,85.24199999999999,0.91522349627352,25.676441057817783,41.00542,30.21593030174646,1.1994528475374195,29.37288577497962,18.973059033817652,22.623142698085417,1.065664007670383
La2Cu1O4.1,40.0,399.97342,2.2816901408450705,137.77146000570247,2.241987398472486,147.0,50.6026250231325,0.23211242207424196,0.5895357617825977,40.55952544281063,0.4498230823287694,0.6831525045694661,185.56701285309688,2994.0646338028173,5035.809666666667,0.8447735957168518,353.33431518330383,428.5264154815169,60.01534901408451,0.8183233149936254,103.25171096725535,113.11971830985915,66.17780657380581,1.0093386050282935,39.60347908398397,53.53878151960101,94.56848147757235,0.737332504415009
Eu1Fe2As1.64P0.36,28.0,78.764,3.8,27.807145379990665,3.680109614089167,133.0,45.22647099745868,0.8227956864086053,31.65106073509086,27.39261623138615,0.9797958971132712,1.08792324366862,30.85416411118603,6208.112,5167.0,1.1873758155239456,153.91186309053634,4556.621828444576,50.816992,0.9573860260455821,39.24981185132999,48.476,44.012335725339554,1.2135294379192998,24.22533539499505,38.08476570882465,47.53463930300815,1.2263122330240015
Ba2Dy1Cu3O6.3,90.0,399.97342,2.08130081300813,169.72276594763167,2.0670279931487543,205.0,58.26271400930444,0.18234850446110654,1.3076422519864852,47.91252298251267,0.27329652543043265,0.9115129245741076,169.1368152708572,3452.0327398373984,5255.60725,1.3268698631251634,348.19206136877665,787.3467974735561,101.39572796747969,1.0331893140036317,87.63862603985069,108.9308943089431,81.43753138618679,1.3414568465748298,51.125719738210044,53.108902605217864,60.72149282571546,0.9219031317940031
Sr1.94Pr0.006Cu1Bi2O6,10.0,399.97342,2.5492417321395946,113.53347553743127,2.365400428231709,199.0,66.37809683572135,0.5499602780821198,0.650765593705286,50.3394054717292,1.1597251507200175,0.9638259145299921,154.83278229961323,3076.065594737804,5602.2858,1.1424926253584562,334.34199396578515,1169.3932541905538,44.22962543394848,1.1728796938842387,75.04181511129138,107.18775808514525,67.1206858136596,1.3317093162119185,48.65215621121021,72.01796216952972,55.62715365078562,0.913520927021302
Nb2Te5Pd3,3.3,68.0,5.2,31.16151472569971,5.1225667174414315,75.0,14.27841258765133,0.792569026504703,13.817099464585503,62.781399315402325,0.8717797887081347,1.0549218974009882,28.894443910359115,8440.9,8944.333333333334,0.9770336213683144,77.69668010925562,8630.966273775233,33.6,1.0651825687471312,112.82194980450763,129.92999999999998,30.50180322538325,1.0828612101436434,58.23212171988927,14.092929518049253,97.50385026215282,0.9911512798036813
Sr0.14La1.86Zn0.012Cu0.988O4,19.0,399.97342,2.265714285714286,137.75476916646204,2.2275115201700615,171.0,39.86342571212244,0.30484310756139044,0.6272551219924507,42.68027114426237,0.44171280724202766,0.7882618237317967,149.17316219025264,2963.376571428572,4975.4858,0.9852159707131691,353.6895680716451,1081.2281669461959,60.832331428571436,0.9775942630662559,97.95864617840154,111.63762857142858,67.05599412005292,1.165578719269988,57.803736765022386,52.612282926286404,24.190716806782554,0.7933015053297392
Nb2Cu,1.45,346.0,3.9999999999999996,163.10596419369696,3.6840314986403855,53.0,14.68019,0.5173791023568116,105.26463857566314,15.226366021550328,1.414213562373095,0.6431968911282799,173.0,8700.0,8765.0,0.5675877023579121,38.37232799238997,8762.830592907745,169.33333333333331,0.4953736146213198,97.26183638311237,98.36666666666666,24.984439601924677,0.5812817182036764,16.150000000000006,13.84061586414259,102.48531602136966,0.6531422600355308
LiNbO2,5.0,84.97342,2.5,36.42477208746954,2.114742526881128,150.0,38.56709124200867,0.6712027507944682,1.34193246469808,35.33959358849504,1.5,0.22631382560688237,35.11032164318762,2276.9645,3035.4763333333335,0.7453019199599276,364.2357298165571,187.12089135496623,34.76329,0.398303563850411,102.10423628975221,108.425,68.13726953730975,1.0575644960725088,33.89890198156211,34.80618023884659,91.36644494765007,0.8326568546766618
Ba2Y1Cu3O6.44,66.0,399.97342,2.080385852090032,168.85656887915175,2.066261299556434,205.0,43.82335412287858,0.20304543467263833,1.2961203637163978,50.02675369319665,0.27188962259305083,0.8126421735048682,168.30104677323928,3085.305688102894,4235.85725,1.2847231288524439,343.5213812142267,669.5565878093886,100.73723273311896,1.0378551293922933,84.61809309662833,107.66881028938906,79.70317513753436,1.3364144674227774,54.83075522687974,44.524340694074276,53.52796464943869,0.9220436094504958
K0.6Fe2H1.11Se2N0.37,44.0,99.97417,3.424342105263158,41.70747328667137,2.7666481226458965,190.0,28.07571429208838,0.6229358385364946,3.131810625716946,77.98581050059511,1.976223695205152,0.7483584338035388,44.228933761475915,4259.895174177632,2710.06818,0.9958836855422908,274.78979763964634,81.75769155516141,36.06084080592105,0.8129741680173127,53.27625676744707,89.30230263157895,55.48028068673386,1.3400489224440015,67.81186916757272,28.553568026596515,40.31622472719516,1.4282219521334438
Nb2PdSe5,5.5,70.48,5.5,29.051746935425417,5.4493478530039345,95.0,11.21096209871194,0.7370224708124548,3.06907727380303,58.699455651223886,0.7071067811865476,1.059693052171276,30.03061548930802,6657.25,8470.666666666666,0.9608988398624507,118.52178531286978,7918.632689863475,22.7,0.9866792456627685,136.99982359701818,151.6125,42.1515124283815,1.0112544087103044,60.43790201520897,9.747202324619874,98.31095454224348,0.8271974543210479
HfZrTiNbRe,5.3,32.0,4.800000000000001,14.01427843308388,4.67788567485604,32.0,53.97694625298382,1.5272192903168889,31.32583600510044,31.344320059621648,1.1661903789690602,1.467640488719288,14.01427843308388,10783.6,10783.6,1.5035231388568806,58.27916952050707,9321.061393963515,34.0,1.5899250834429404,15.213644642271495,31.360000000000003,11.906300852909775,1.607557304072118,31.344320059621648,53.97694625298382,15.213644642271495,1.6055867065652913
Ba2Ca0.22Y0.78Cu3O6.5,59.0,399.97342,2.0624000000000002,168.72129875067623,2.0512476203128838,205.0,41.80901089662371,0.33240481205574257,1.3285708737910695,50.82155150573914,0.24188063171738244,0.8192134455128012,154.89431832394442,3019.0758800000003,3698.6858,1.3152872996309772,343.94156930362453,791.9470941162945,103.4746216,1.105042376493661,81.77505635020712,107.356752,79.31416492506241,1.4074557094849323,57.15221591504568,44.25268138897952,31.65240959585041,0.9430704428358598
FeSe2,8.0,78.48,5.0,36.995826791680166,4.762203155904597,53.0,11.557499999999997,0.06934347764938945,2.7746694950373927,84.52283057783198,1.4142135623730951,0.6880652060233774,39.24,5837.333333333333,6346.5,0.5743549420174349,85.46563961941402,6159.935551610907,26.68,0.6856925884481759,87.2471371764231,136.73333333333332,24.984439601924677,0.6835778364070377,89.64999999999999,10.896515498084694,58.136047337258816,0.5999422757279287
Ba2Y1Cu3O6.353,18.0,399.97342,2.0809519954666884,169.2377433305404,2.0667356671441737,205.0,43.82335412287858,0.20302937651751957,1.332092111954478,50.1168372684306,0.2727613790415526,0.8126177826487716,168.30104677323928,3107.02488763863,4235.85725,1.2835049601361217,343.65131112181535,669.5565878093886,101.44652009552335,1.0370518486255644,84.30805680953611,107.42350036428397,79.76869600879273,1.3357761434381628,54.83075522687974,44.57304894691626,53.52796464943869,0.9271411977330315
Hf8Zr15Ta34Nb33,7.3,34.0,4.7444444444444445,14.244292770903366,4.7228495620720095,10.0,43.83952462488018,1.0623144160959468,44.313765988324306,29.148381485253626,0.43617303169756716,1.13897838410955,16.284578594486256,11700.61111111111,11260.25,1.1918193309931189,58.600728527473244,10545.209267535367,47.21111111111111,1.1751037617476032,37.20730932693415,51.63111111111111,3.4927791474468446,1.256984917427482,30.848865457257904,43.96017515110211,20.65247386863254,1.2174175874298725
Sm1Fe1As1O0.89F0.11,45.0,78.97342,3.2224999999999997,31.093024168286018,3.021915404121808,196.0,48.92858521161047,0.9143409944990755,6.08508694537026,61.36240048881726,1.132693140263505,1.0904884109176711,31.222164500632303,5238.864592499999,4191.425,1.1865102830356273,304.26915199776244,240.44128883669822,35.506675800000004,1.0098328808443235,57.59576253851303,77.8175,69.13749181883878,1.2819920584435736,110.64830048401105,48.70206447291967,80.14466493707918,1.4818307366731749
Mg44.1Al14.9Zn41,0.05,115.0,2.149,38.29914326718027,2.124553115491004,27.0,18.763917185169344,1.0586447789647102,150.58105470279423,15.133760066487111,0.35608847215263795,0.7816100479225795,47.66783215358364,4096.157999999999,3859.3333333333335,0.8582416633114276,115.81981714710999,3223.818496350768,154.775,1.0408857415372923,2.4815790281210925,7.8325000000000005,9.204183342372097,0.9833292555582407,20.034692133618847,19.889670401991104,4.626065009182741,0.9613195332511404
Sr2Ca2Cu(BiO4)2,90.0,399.97342,2.3,128.61062627310054,2.1919164527704345,171.0,67.2338347072841,0.9618847673086959,3.085720576173448,63.059003798030304,0.9,1.301676879933504,154.00802848500925,2710.5716,4584.2858,1.4787782653446502,344.2054806362037,874.1647863395044,87.810632,1.429713342070036,35.207944156678636,80.34,71.63825793526809,1.4950656262787976,57.645672517544625,56.802215827905876,33.148782764191665,1.243196805873867
NbTe4,2.2,51.0,5.800000000000001,20.400000000000002,5.785155024015764,75.0,17.346809999999998,0.47413931305783746,5.347807373898011,41.63999999999999,0.4,0.5683956134380044,25.5,6706.0,7405.0,0.42957728637611126,82.16,7312.783327844477,13.200000000000001,0.5899627222897043,163.90738121912727,170.88,30.0,0.5994040605018361,52.05,13.877447999999998,129.5874993971255,0.44017586190834496
TbNi2B2C,16.6,129.0,2.833333333333333,46.151020212630904,2.7494592739972052,158.0,60.22959034524035,1.09862845858913,45.85519088241647,48.46082323783706,0.6871842709362768,1.1454369277574927,51.57700553541277,5535.833333333333,5461.75,1.0219346962550209,153.97532720825401,4491.699396754826,64.5,1.1394024868073722,65.91101968992517,81.71666666666665,53.80726923216066,1.2776430810027406,50.245422677095675,52.462909590139255,71.1419562770795,1.3226862082356576
Ba1Y1Cu1O6.6,60.0,399.97342,2.104166666666667,121.1430652999829,2.086281154886712,205.0,43.82335412287858,0.3390471128758694,0.27980713033530563,47.831917069897976,0.3054766312211496,1.0187784421839101,168.30104677323928,1765.7741041666668,4235.85725,1.3492645346382781,325.55837343537775,669.5565878093886,45.330773750000006,1.2100361308206664,94.7619469574829,115.30729166666667,76.17796004896837,1.3490118877259052,54.83075522687974,41.08813363035681,53.52796464943869,0.6588124224059102
SrSn4,4.8,32.0,3.6,12.8,3.4822022531844965,74.0,15.544999999999995,0.35788563412640184,58.84010662273194,40.908,0.8,0.28488797250153325,16.0,6374.0,4970.0,0.43260537082681094,63.68000000000002,4384.666463939989,60.6,0.5297061990576545,61.98487825569299,88.346,29.6,0.5872870923453943,51.135,12.435999999999996,26.654530571743333,0.44352915721455416
Sr1La1.875Cu1O4,27.0,399.97342,2.238095238095238,130.80099868099126,2.2027057521521574,171.0,44.28945852751441,0.47453065272988226,0.9805980223589239,51.81037965173913,0.42591770999995987,0.9637371357340287,166.74235110633435,2935.805206349206,4434.35725,1.1802280403478245,363.9089527002312,674.4847514452675,58.34683428571428,1.171451021585463,73.27177413479022,100.22126984126984,72.71557293829859,1.3260188257916465,54.3730969207199,50.636968345222684,48.477264684806585,0.9413600578366987
LaInPt,0.4,69.0,4.0,30.26916289265731,3.77976314968462,39.0,33.63011910634375,0.911110732979422,42.29981985329037,79.0394135155929,1.4142135623730951,0.9324479460739002,30.26916289265731,11635.333333333332,11635.333333333334,1.073891338190553,150.3243234550624,9877.470541828403,55.33333333333333,0.836945140111859,67.76567558014605,95.56666666666666,15.937377450509226,1.0944922046978784,79.03941351559291,33.63011910634374,67.76567558014612,1.0734410561261722
Ho2Te5Pd0.08,2.8,68.0,5.129943502824859,8.959301299004888,4.910489612699242,103.0,24.188157657564577,0.9006408710275445,4.9890183330026225,63.79671461313,1.3529864423534517,0.7365121144457062,29.473151624260794,7027.096045197742,9019.333333333334,0.6860112125966639,132.52722873828375,8705.848264951237,7.440677966101695,0.6463408285996772,130.39638685489368,150.55310734463276,46.300167520911735,0.7401578721720998,65.23630550204047,17.103066508161035,81.6813311071994,0.5697735658505663
Eu1Fe1.88As2Ir0.12,2.0,136.0,3.8720000000000003,27.89546887937179,3.7418422505441007,117.0,55.62943660985612,1.0302091467240764,47.265862301208585,31.626814891164745,1.0274317495580911,1.217048630111382,49.936835101956554,6841.664000000001,10351.25,1.2361992522785927,148.5508523839564,8546.358233559828,56.104,1.008839097668258,41.635661549245974,52.227199999999996,42.929311944171666,1.188527709966205,49.79826176685286,39.140982790836716,57.24573846088021,1.0895450981777453
Ta2Ni0.25C1S2,5.85,139.795,5.0476190476190474,50.777568623196665,4.9172887818554445,133.0,65.64228902632871,0.9252340673409759,8.105684199692908,75.30308043435205,0.9988655696858585,0.7164045972209337,50.903122494474744,7944.190476190476,7444.5,0.6632700361339539,137.44839344887959,5062.787966502642,52.792380952380945,0.8504030457513807,93.12168367266405,124.14761904761905,57.82372148556256,1.0484752123566334,62.174768797318414,74.97138325134135,103.66957589304909,1.1907035368556709
Ba2Y1Cu3O6.333,17.0,399.97342,2.081083272520879,169.32558297828632,2.0668456788257257,205.0,43.82335412287858,0.2030256814198567,1.3405748091720764,50.13753126555153,0.27296295616472177,0.812612169285684,168.30104677323928,3112.061125192573,4235.85725,1.283220730354996,343.67927622418654,669.5565878093886,101.61098930835969,1.0368665862562978,84.23632813836888,107.36661801670317,79.78345196122268,1.3356245153951831,54.83075522687974,44.58412022458237,53.52796464943869,0.9283208750695557
SnI,4.0,66.551,5.5,33.2755,5.2915026221291805,30.0,4.097235000000005,0.03999965848713406,5.484797170360996,93.94999999999999,1.5,0.6743134416988912,33.2755,6125.0,6125.0,0.692590527702502,150.04999999999995,6009.276162733746,33.7245,0.691820957604482,179.66902905064077,202.75,15.0,0.6864755255818468,93.94999999999999,4.097235000000005,179.66902905064077,0.6777851510316221
AlB2,6.5,208.0,3.0,98.05214032453459,2.9999999999999996,31.0,8.0852695,0.4816248391908122,55.53905213499043,7.4481914284983,0.0,0.6500863753142359,104.0,2540.0,2580.0,0.687055001776849,105.12320813640007,2577.207791389744,96.33333333333333,0.3176763543260162,32.70772199307243,33.46666666666666,14.613540144521982,0.6746428168221295,7.9,7.622865188227689,35.224991128458775,0.5782857601070486
Ba2Ca1.9Tl1.1Cu2O6.75,103.0,399.97342,2.08,143.2779782942481,2.065938059172583,205.0,69.23265515219245,0.8825234482575041,1.7323968913471188,60.80645313442283,0.2712931993250107,1.219742376505553,151.1646393289099,2976.701509090909,5174.2858,1.5035590683808004,358.2475969410675,962.3642483800213,92.129412,1.3349455917250383,52.37507355982201,91.83258181818182,77.90083834514256,1.554505246749249,58.434336002045924,59.52714375208353,29.1775463973801,1.0673641705261603
Ca0.82La0.18Fe1As2,25.0,187.0,3.795,59.70027449685637,3.564075713637452,81.0,37.57196223658566,1.0837984310454492,70.10199458496574,33.64151594053841,1.2541830010010502,1.0230423715619859,70.12310603502956,5426.32,5324.25,1.1328706596884413,152.14842785171987,4552.623249331799,86.33500000000001,0.8259093805129574,28.562989342796403,47.07085,33.3953286403952,1.245556654657824,29.37288577497962,21.035689155480707,22.623142698085417,1.043350686404902
BaCaCuHgOF,134.0,399.97342,1.8333333333333333,150.0034874380148,1.7817974362806785,211.0,67.7102998300664,0.8110807571611875,4.54373040214476,116.1446461673259,0.37267799624996495,1.1399675877999889,150.00348743801482,4592.854166666667,4592.854166666667,1.4420647480636835,415.75404454503575,341.957273364519,104.39237999999999,1.3229681675096032,28.218680066850897,102.12,76.06010050538251,1.6308666321214955,116.1446461673259,67.7102998300664,28.218680066850922,1.7026037622228254
La(TiAl10)2,1.14,222.0,3.083333333333333,81.07828007549247,3.072789542222968,77.0,48.592605555002095,0.08620044005381935,151.56085781253506,9.900462952138485,0.27638539919628335,0.788442551689836,102.59629622944485,3137.75,4451.0,0.9093263778184568,25.22325178393053,4213.224743474866,198.75,0.5922599689953084,38.965577123765726,41.550000000000004,25.45297952434384,0.7156439680449438,17.889848145433394,30.947950382758894,27.062407083118753,0.5774177827612201
In0.3Pb0.7,6.5,47.0,3.6999999999999997,21.538105766292446,3.6692590185696066,2.0,46.190999999999995,0.6931451065667826,45.184739909921696,2.841196930872622,0.458257569495584,0.5223964005789713,23.5,10131.0,9325.0,0.4889835207389558,72.03808992470582,9104.691098549138,49.099999999999994,0.5350692945904755,34.61774980985269,34.74,0.9165151389911679,0.6131486039384548,3.1000000000000014,42.33475078514103,33.356258783023016,0.5629756032110305
Lu5(Sn3Rh)6,4.0,134.0,3.6666666666666665,42.955906189291476,3.5662786822825217,72.0,30.925431325798304,1.035663284052186,33.07006621548334,28.77908190953206,0.9428090415820634,0.9465969819338331,55.222781128403476,9287.222222222223,9867.0,0.8268736554625462,98.45346835992508,9639.222092134976,47.888888888888886,0.786396053853828,71.98222901175993,77.23333333333333,33.29479253391652,0.867379808031487,27.594564682197834,30.263434858212708,85.41096667681406,0.9891996152659992
Li(SnAs)2,1.6,35.0,3.333333333333333,14.29063407348401,2.714417616594906,53.0,45.98441198676883,1.0758869420928932,65.78919578829988,19.642188155996152,1.699673171197595,0.8248195162057462,14.29063407348401,4524.0,4524.0,0.7946650493936136,174.43004965378594,2818.812015325118,67.33333333333333,0.7405119311954576,80.84982386012123,83.13333333333333,21.740898478827102,1.0866976034488214,19.642188155996152,45.984411986768826,80.84982386012132,1.0695604824202725
CsBa122S,0.5,35.795,2.024193548387097,2.2730214474824915,2.006550463586293,211.0,48.61233895751229,0.08350286278713318,17.45929201852469,16.85520693377679,0.3694745544824293,0.056971322928721695,14.613327440692244,3484.3467741935488,2449.6666666666665,0.05965488209172885,45.92597476416262,2346.911191626528,18.00165322580645,0.02820249640368497,15.915480006206963,17.204838709677418,15.414417062668761,0.07299050825398255,81.29524723021771,9.419702552087676,52.694723585288244,0.1183137514593583
Re0.3Te2Mo0.7,4.1,136.0,6.1,56.616065642968245,6.093206958014113,67.0,37.38744747460927,0.5661128066321943,9.688169913017358,65.66500810088192,0.3,1.051449617987931,56.570506646327836,8660.666666666666,12513.333333333334,0.8548840524598965,78.81596348456321,11047.655895277512,39.23333333333333,0.991010598467666,119.53336736849013,146.52666666666664,31.305732524393814,0.9495787628737571,73.15139552097872,23.973928249222922,60.83395494871577,0.7831533486290403
BeAl,2.7,45.0,2.5,22.5,2.449489742783178,6.0,8.984678500000001,0.687531122961194,211.3054660911543,21.25,0.5,0.6754958587296732,22.5,2274.0,2274.0,0.5627544909724744,160.79999999999995,2233.741256278353,212.5,0.6822362336714481,8.124038404635959,22.75,3.0,0.6928068773058083,21.25,8.984678500000001,8.124038404635959,0.669218508874375
La1.8Eu0.2Cu1O4,150.0,399.97342,2.2857142857142856,138.55425087270717,2.245648523987102,183.0,55.6328765861556,0.25415458667357677,0.6175294137281322,40.6073482844408,0.45175395145262565,0.8535115216416939,169.3938278833325,3011.045142857143,5087.85725,1.0737385188760467,353.82404835148884,801.4914048186555,60.90090285714285,1.011789002204701,102.89396917475746,112.75714285714287,67.98225458732234,1.1979572607814923,41.13960986689106,54.29352133142907,81.23844817113971,0.7957767332828297
Ba1Y1Cu3O6.6,60.0,399.97342,2.086206896551724,173.47630618081928,2.0711439121140938,205.0,43.82335412287858,0.14993539458242702,0.979172001482608,43.54810904024393,0.28066932062240874,0.697356904556119,168.30104677323928,3006.1578793103454,4235.85725,1.3436007839786033,324.61468524442586,669.5565878093886,106.48064034482759,0.952127545162033,98.68522016917214,116.09913793103449,71.67712318522133,1.349098495488817,54.83075522687974,38.321093308856376,53.52796464943869,0.8335363275866867
Ba2Y1Cu3O6.993,89.0,399.97342,2.0769645193565767,166.47017528338736,2.063396904979109,205.0,43.82335412287858,0.20314693482279556,1.0984944831825083,49.45297774379939,0.2665351423673579,0.8127962067823558,168.30104677323928,2954.0516429615946,4235.85725,1.2918054718572423,342.4128430378964,669.5565878093886,96.45084845224352,1.0428649746576792,86.51612743629,109.15127376279537,79.24168348269627,1.33970897445021,54.83075522687974,44.19645270216134,53.52796464943869,0.8908969841727234
Ba1Fe1.094Ni0.096As2,70.0,73.0,3.6930787589498806,22.39922787004095,3.443138902881097,139.0,32.932106149888135,1.060736786399203,44.76135532285007,32.74064191633864,1.300201864629141,1.1187875409504222,28.217902119044926,5831.342243436754,6504.75,1.100382375671323,177.98146602220936,6127.7703315411245,50.87398568019093,0.8797199809030327,36.35193701413036,48.72620525059666,55.49824659749699,1.16606651298629,41.855590651070735,30.65087508012153,39.35092814258604,1.03504101295461
AlSi,7.9,85.0,3.5,42.5,3.464101615137755,7.0,0.5519804999999991,0.668573490292159,187.74983355518586,45.55,0.5,0.6904392981109333,42.5,2515.0,2515.0,0.6929462143177485,104.39999999999998,2508.186595929418,192.5,0.4648068631570694,77.09993514912964,89.55,3.5,0.6926799160755606,45.55,0.5519804999999991,77.09993514912964,0.6813705039800746
BaLaCuO,35.0,399.97342,2.25,168.85424375765058,2.2133638394006434,205.0,51.96882778610336,0.3081479898123455,7.062487730467844,51.43371188967407,0.4330127018922193,1.0331288005310189,168.85424375765058,4654.35725,4654.35725,1.181795239330503,323.8118078066332,724.9532108523879,107.756645,1.0885753418849908,60.123178555098235,81.8375,75.23754049674936,1.2592439721428927,51.43371188967407,51.96882778610336,60.123178555098235,1.3059670359915807
In5Co2,2.4,18.0,3.2857142857142856,8.13157112614726,3.2570020851886716,4.0,27.9424025,0.6326591066986156,86.78376070153719,15.721037510551374,0.45175395145262565,0.6323989853177034,9.0,7764.285714285714,8105.0,0.45642157296106367,90.39596568567039,8065.915943028417,87.14285714285714,0.63745882154621,37.80522897399096,40.34285714285714,1.8070158058105024,0.5933710430874802,17.400000000000002,25.24618148490945,44.52055704952488,0.648735094124584
LaInPd,1.6,69.0,3.333333333333333,30.26916289265731,3.3019272488946263,39.0,13.768072471086466,0.911110732979422,42.29981985329037,10.605763632205946,0.4714045207910317,1.0556520321433949,30.26916289265731,8493.0,8493.0,1.0921445434925272,119.91182871871592,8144.059288639654,55.33333333333333,0.8893256593659791,43.63208367113297,45.03333333333333,16.21384867602041,1.094280092589208,10.605763632205944,13.768072471086466,43.63208367113297,1.0813799671161217
Ta2Te6Pd,4.4,68.0,5.555555555555555,27.91698452002576,5.507946617676637,77.0,31.356363163884648,0.9062917621499803,8.2029605122508,71.74713484192027,0.6849348892187751,1.0054052578949428,29.31817790306136,9195.888888888889,11637.666666666666,0.8672375736721988,46.0567470694282,10769.707086174732,22.555555555555554,0.9111060120750297,112.53067965082971,141.15555555555554,32.53981416930403,0.9495912865237315,70.31056503510375,24.331131255134597,70.06183651531163,0.816491625207933
NbNi2C,1.54,86.0,3.25,30.553232234904378,2.9906975624424406,131.0,33.156051102547714,0.9977692106033249,88.95106353169382,24.30236613994613,1.299038105676658,0.8567527739112315,35.223098481914775,7161.5,6579.333333333333,0.8594830789111187,164.50882005229994,5567.024806022532,94.0,0.9103991437532357,115.07651758762191,117.5,47.04452678048744,0.9575689060165586,27.934964152871622,28.770336288227497,115.60687470839045,1.0498459472692079
Rb0.8Fe1.8Se2,31.4,78.48,3.956521739130435,36.43763483699481,3.349856875915929,162.0,12.711171664152582,0.5888829017760305,8.428611834053438,84.81885891697269,1.9219161830695952,0.8372775557195675,33.17304930210667,5442.782608695652,4741.666666666667,1.0413771389737012,189.96075278657918,3873.7985656872506,41.22608695652174,0.7738173138204576,59.374284892316645,100.58260869565218,57.19145044305765,1.0883044132036548,78.21305659685102,12.402490660729786,54.690528613767725,0.9222878238119052
CSO,5.15,139.97342,3.9999999999999996,65.94208921065413,3.634241185664279,39.0,8.6678728618323,0.012817735306525042,0.9137182327612196,25.325919967934475,1.632993161855452,0.6934278478369577,65.94208921065412,1407.1429999999998,1407.143,1.0093048403536256,132.44976406169997,184.98318230369003,46.74386,0.09761800397591333,164.6317683579038,166.46666666666664,15.923427883328248,1.0703169036105002,25.325919967934475,8.6678728618323,164.6317683579038,1.0918819403019702
Sr0.095La1.905Cu1O4,23.5,399.97342,2.272142857142857,138.48422670959397,2.2333252393536562,171.0,44.28945852751441,0.26825695680360906,0.6245619072589242,41.88674045465781,0.44506305446417316,0.7431761857714906,166.74235110633435,2989.0994285714287,4434.35725,0.9394679599141169,353.90165408669816,674.4847514452675,61.170902857142856,0.9234332684774569,99.9907340593682,112.11683571428571,66.82220112556385,1.117604632405632,54.3730969207199,52.96293509505957,48.477264684806585,0.7751793197308451
Ba2Ca0.3Y0.7Cu3O7,78.0,399.97342,2.0538461538461537,166.6936534666638,2.044145629577061,205.0,41.80901089662371,0.3633760215100197,1.160468383100977,50.59357391597984,0.22571385770955707,0.8162803226910917,154.89431832394442,2885.031,3698.6858,1.3244091836905263,343.0978424115424,791.9470941162945,100.62200461538461,1.119751430031365,82.47607975581445,108.54084615384616,78.76918719950719,1.4202792876097692,57.15221591504568,43.83859693961487,31.65240959585041,0.9173193797201213
LaAlGe,2.5,222.0,3.333333333333333,95.52079471100636,3.3019272488946263,77.0,45.95068158832199,0.6586464998430441,56.80512087666572,34.83851636080708,0.4714045207910317,1.0460068061728438,95.52079471100636,4723.0,4723.0,0.923460246442047,95.82174422680201,4453.5287685744515,102.66666666666666,0.8760889452503053,64.0248113435054,71.33333333333333,34.76588366008646,1.0714542602173895,34.83851636080708,45.95068158832199,64.02481134350546,1.0872158369791847
La1Ce0.09Pr91Cu1O4,26.0,399.97342,3.8867030590174063,39.21245792650192,3.8483142673279986,199.0,51.34453149256953,0.6134424985980953,10.432862357933162,19.22876913741528,0.4510631477095698,0.1388401143010187,156.37170740335165,6385.350973323721,5687.2858,0.12780153503736813,157.37371237793786,1284.3766868409286,16.4496479555052,0.16983965905932719,54.15273514832152,55.93300030899165,40.905013533197696,0.14100684286364057,40.021514214232326,25.863095472682712,74.16017413334559,0.44940553284402757
Mg(BC)2,22.0,133.0,3.0,58.55481762132529,2.8844991406148166,78.0,6.098060972145162,0.9188734889864528,84.56758478477866,67.14655612911208,0.816496580927726,1.0883337826583706,58.55481762132529,2152.6666666666665,2152.6666666666665,1.0276476280008064,151.60226471483423,2129.925629442823,109.0,0.8030574919446278,18.732559783100754,61.699999999999996,33.079029946814074,1.0453438928785568,67.1465561291121,6.098060972145162,18.732559783100754,1.0840151357677295
Al24Si,3.0,85.0,3.04,16.656530250925613,3.0347212391137734,7.0,0.5519804999999991,0.12021206157741945,230.81753470552889,17.851881245403803,0.19595917942265426,0.15074728759956418,42.5,2685.2,2515.0,0.17289755155931263,40.9162766634502,2508.186595929418,231.6,0.4454576147451036,46.019382128258925,47.64399999999999,1.3717142559585798,0.16061826628382486,45.55,0.21633129167461246,77.09993514912964,0.20924851230230093
Na0.1Fe1Se1,8.4,139.48,4.333333333333333,43.8423206430166,3.96048900502519,87.0,22.964794764684488,0.4556994703240262,7.423214641753068,88.20227088669067,1.6426846010152705,0.7033744492654888,57.09133111855853,6090.380952380952,4553.666666666667,0.7521777375503946,116.25058847045844,3324.113912655821,44.53333333333333,0.6571204923457566,57.947379650553096,104.34761904761905,28.893031274614085,0.8754665686448002,77.27709161769022,14.719728699141939,56.82816207442817,0.796873985655802
Nb2Pd0.81Se5,6.5,70.48,5.536491677336747,28.39721819896161,5.4904934388361095,95.0,11.21096209871194,0.7157037955943105,2.8432734519999783,57.426591369036686,0.675347861420773,1.0369031063006982,30.03061548930802,6526.71318822023,8470.666666666666,0.9308520142586721,119.68869769414778,7918.632689863475,21.524967989756725,0.9576588857247725,140.06323519372205,153.95800256081947,42.322184538833966,0.9827503948750561,60.43790201520897,9.316918956867136,98.31095454224348,0.7951172270979885
CeGe3Rh,1.3,139.0,4.4,45.08835769907793,4.337887084790794,60.0,27.599491554294186,0.8092890014024073,51.33192358364696,26.912123662022662,0.8,1.0418479779537804,57.563491516373084,7021.6,8154.0,1.0509255651236884,85.36349102514494,7624.809620759551,68.2,0.6409458901766372,100.04021845220852,104.84,26.725268941584105,1.0311395174030091,30.571555406946505,26.68146892433024,88.36894857490319,0.8940398924230104
Na1Fe1As0.8P0.2,33.0,139.764,3.0,42.71037031208645,2.4662120743304703,92.0,20.545731052013668,0.9847648441981367,57.434279460149156,25.111263519694816,1.632993161855452,0.968586991019208,50.544657907636484,4596.066666666667,4098.0,1.1593989920174592,190.44544859063683,2986.731311264406,86.34906666666666,0.8872368589899864,41.77308280843221,49.86666666666667,32.650608297889676,1.188555866412341,24.149365933705173,21.012224257101778,48.167971022520746,1.2876147179085347
CsCSN,3.6,139.97417,3.5,57.29685054949939,2.9129506302439405,242.0,49.782974129743465,0.5164383508657583,2.2728836309850973,78.2850879797679,1.8027756377319946,1.0971306358447466,57.29685054949939,1525.06275,1525.06275,0.9174797092515006,372.07736678680146,319.43842072203404,44.05770750000001,0.1977884692420386,59.47174918193381,103.1,99.35039003446337,1.1253594682833592,78.2850879797679,49.782974129743465,59.47174918193381,1.3009902704349323
Nb1.4Al0.5V1.4Ga0.5Mo0.2,10.2,206.0,4.55,66.88168658160468,4.440857925899818,80.0,25.985118874142596,1.391218869198299,51.83801718364109,20.86814019025174,0.9205976319760985,1.3135040811322687,79.54269293907517,6727.5,6712.8,1.3066648705429518,35.93744208690985,6119.346594536264,69.7,1.22480569626938,58.18958043702626,61.864999999999995,27.876334048794867,1.3361023930828937,20.516529921017348,23.835833266426018,53.736927328323766,1.3855413856666605
BaY(CuO2)3,31.0,399.97342,2.2,156.6899811779909,2.168943542395397,205.0,43.82335412287858,0.3368105868801812,2.4399350974198786,55.557181353988796,0.39999999999999997,1.0160800111622645,168.30104677323928,3388.9716000000003,4235.85725,1.268663694380906,347.6515117182722,669.5565878093886,87.010632,1.1356709896926478,65.10698088981708,90.29,83.54495795677917,1.3254117673651618,54.83075522687974,46.053967477380276,53.52796464943869,1.1292339475647353
Ce0.12Pr0.88Cu1O4,24.0,399.97342,2.333333333333333,148.18539989988244,2.244924096618746,199.0,53.101375326837996,0.1505339032141533,0.3694759674660607,33.26893779822588,0.7453559924999299,0.8419853681899847,169.808985016895,2601.9326666666666,5572.60725,1.2132706581946757,324.9874330732737,868.3951283958364,68.81105333333332,0.894347775393889,116.85509287467798,123.56666666666666,73.74770926762554,1.2064925851140997,40.643172858427285,46.34611357914349,82.04689050622096,0.6560818318927403
Sc3In1B0.85,0.5,66.0,3.0,26.038061694717992,3.000000000000001,97.0,43.287209304324385,0.982525104973683,24.56262881613714,4.802982033273286,0.0,0.9642691239913166,28.871362204709975,3784.7422680412374,4251.666666666667,0.8187894872882986,76.85411837163488,3772.236733416988,31.536082474226806,0.8182127028812427,22.869051501300408,23.334020618556703,35.94483320473572,0.7904541553217918,4.659995231280344,33.76029923212875,25.61294917801495,0.9433666723463581
BaCaTlCuO,125.0,399.97342,2.2,151.16463932890994,2.168943542395397,205.0,69.23265515219245,0.9499041222086742,17.747413171233188,58.434336002045924,0.39999999999999997,1.1650654412700607,151.1646393289099,5174.2858,5174.2858,1.3232866093473508,293.2861360514676,962.3642483800213,132.805316,1.3455084673751718,29.177546397380127,60.484,67.2113085722931,1.5073207916084055,58.434336002045924,69.23265515219245,29.1775463973801,1.5410061897713758
Sr1.65La0.35Cu1Bi2O6,29.0,399.97342,2.577272727272727,113.3767570094255,2.393236557469714,171.0,66.1563516991654,0.5655213104927554,0.643382579233518,48.558988004175596,1.1553951776465599,1.1062418599509152,154.83278229961323,3183.561272727273,5503.4858,1.2853083846771423,335.43149717907136,1151.4510483583238,43.49631636363637,1.2897245801561903,78.9948473504484,108.03631818181817,66.23421003161732,1.4858770541659396,48.91393568299325,72.82803905691077,55.18822577951503,0.960356845074227
Li0.6Fe2As2,18.0,35.0,3.608695652173913,15.18194629761754,3.2459664424463925,53.0,28.629588152275065,1.0054120177197179,65.37342002917306,29.363187606072575,1.3749033305079912,0.7362079206777307,15.2825245151302,5983.260869565218,4712.0,0.7524596659319056,142.01554069756568,2889.5183614053967,67.17391304347827,0.7252313822092856,39.48160106375046,50.01304347826087,22.352224233090354,1.0082566498710055,26.134396236888023,21.59870132476594,43.71652121752102,0.9174853518161863
Nb0.91Ni0.09B2,6.0,64.0,3.5766666666666667,15.549852089328695,3.4604504713741004,111.0,33.669807852774504,0.9038914467825936,34.55465211742951,29.413244822698495,0.9543526019710371,0.8527691501120059,26.23398982660133,4506.806666666666,6646.0,0.6722587525512467,62.47608826494253,5726.624572547789,37.11,0.5551000475319087,41.46759614450645,48.777,50.8950793299313,0.8243080305385806,35.707546665780455,37.675105520994975,65.45101089920423,0.7019064361131621
MgGaB,32.0,133.0,2.6666666666666665,62.23075338340896,2.6207413942088964,58.0,25.2003229785299,0.7518201443085311,50.03730549241562,13.135786572904147,0.4714045207910317,0.9606872517111951,62.23075338340897,3367.333333333333,3367.3333333333335,0.8444231920469732,93.19788981874356,2933.439097196652,72.0,0.6785334369322926,10.874383635300672,20.03333333333333,25.48637980482037,1.0757963527503571,13.135786572904147,25.2003229785299,10.874383635300678,1.0896614644210214
GdNi2B2C,16.5,129.0,2.833333333333333,46.151020212630904,2.7494592739972052,166.0,59.54288180493849,1.09862845858913,45.85519088241647,48.46082323783706,0.6871842709362768,1.1428664644623718,51.57700553541277,5482.833333333333,5382.25,1.0238444090267866,148.18131254948744,4447.607501969332,64.5,1.132859748923806,65.91101968992517,81.71666666666665,56.25438254532313,1.2769432984419504,50.245422677095675,51.89260998323846,71.1419562770795,1.326797685954046
K0.3Tl0.5Fe1.6Se2,29.0,99.48,4.227272727272727,38.86006490766709,3.814363485516756,140.0,64.96031109818132,0.8399353040808346,7.696091380705446,87.23445514983891,1.6903958165260957,1.0967672515956175,37.558130943911465,6458.681818181818,6349.75,1.175782213809813,156.69904776433052,4429.310367685943,41.00909090909091,0.9024802643797281,57.15342534416362,101.32727272727271,38.250931766320875,1.250578089792469,73.51864984478428,45.61196347065546,43.22554455068446,1.0285298583415308
InSn9,3.7,15.0,3.9000000000000004,4.5,3.886566631452294,11.0,1.945999999999998,0.3663428559233033,68.3673438943646,23.519999999999996,0.30000000000000004,0.3250829733914482,7.5,7310.0,7310.0,0.31852912892967467,45.06000000000002,7309.999999999999,68.5,0.19615327855601108,95.77526541531981,100.96000000000001,3.3000000000000003,0.33972162433554287,39.199999999999996,1.1675999999999989,57.51104241795655,0.27998537163708476
Ba2Ca2Tl0.2Cu3Hg0.8O8.33,138.0,399.97342,2.012247397428047,155.32826506327007,2.009956485601474,205.0,74.99341813115817,0.711276436441857,1.497373655793703,59.557155530055844,0.10998817520209171,1.2584435094897968,145.5860106665169,3074.6542296387024,6567.571499999999,1.651723428694806,339.08027527699534,1495.1585979362962,101.1672634047765,1.2318896858790682,52.83328498442925,97.40998162890388,75.66262447223059,1.6001920722540692,57.69476916401425,54.37978697332815,17.791907695634254,1.0861400819691678
Nb3Sn95,18.0,13.0,4.030612244897959,2.239441420507589,4.027417236092421,53.0,12.901809999999998,0.1162466631260114,66.55903483508453,3.652012162673915,0.1722647246544299,0.15403033552933232,6.5,7348.571428571428,7940.0,0.11366183060814652,7.683006719587578,7914.966835053702,66.60204081632652,0.34202090413476005,108.0805445768019,108.15102040816326,9.130030406684785,0.17217644211526167,10.600000000000001,4.44505349438754,97.62622598461955,0.13033391328719957
LiSnSe2,5.5,84.48,4.25,38.27280496645105,3.464101615137755,64.0,46.25906304234399,0.7221489341064418,6.2643368655453,58.2688756970649,2.0463381929681126,0.7995873958811128,36.33250885914706,4370.75,4221.333333333333,0.78133396853536,176.23334495775762,2661.1908922155653,38.26,0.9860921137266279,126.57525289058829,140.725,27.617928959282953,1.0880566127320022,56.07508854701484,40.33136735454799,109.31444481683899,0.9400940441646899
Ba0.85La1.85Cu1O4,38.0,399.97342,2.24025974025974,132.65877140302229,2.2046397615790974,205.0,51.96882778610336,0.3635454818836005,0.8427944229959501,48.799522948254626,0.42724114674275276,0.9828581644470742,168.85424375765058,3028.4825974025975,4654.35725,1.2065098044076186,368.8064852976032,724.9532108523879,57.072249350649344,1.1599578779010655,84.57307840631958,103.19577922077922,77.94987491214698,1.3276539283722004,51.43371188967407,56.01197323294852,60.123178555098235,0.9099991398232821
Sr2CaCu2(BiO3)2,93.0,399.97342,2.3333333333333335,161.02948481171887,2.214346357779822,171.0,67.2338347072841,0.7485357335133127,5.652320455460879,58.96835763754266,0.9428090415820634,1.12482130448544,154.00802848500925,3834.920777777778,4584.2858,1.4388253094779897,321.97163129385274,874.1647863395044,119.78663777777777,1.3392707837513183,44.142360974052224,86.32555555555555,67.1317113342619,1.5098054837548833,57.645672517544625,57.309289112091875,33.148782764191665,1.3483831275645781
PbClF,10.0,34.9911,3.3333333333333335,16.490533311030976,2.714417616594906,112.0,85.10622570567183,0.008793923438840705,0.2051064289717387,143.28085085670807,1.699673171197595,0.0040637541374867,16.490533311030976,3781.6366666666668,3781.6366666666668,0.6460337651568295,394.8030648310623,39.53923462819252,11.678866666666666,0.7925690867082917,161.68690288839878,238.86666666666667,46.59279868057819,0.9700103519047711,143.28085085670807,85.10622570567182,161.68690288839878,1.043589956952693
Ti5AlSn2,1.25,213.0,3.875,68.86842073839068,3.858714519841238,58.0,39.25563468062903,1.0435879267335348,39.07656307647859,42.18431099058037,0.33071891388307384,0.8726415968854371,91.6624241442479,4981.875,4839.0,0.8648876174761185,37.95667760750406,4463.986779501836,59.875,0.6555608042793694,20.605809411332913,38.3875,20.8746257451481,0.8149316738018137,41.30797609286721,32.881544028045205,35.18635835026798,0.8898576623739138
Mn0.02Al0.98,1.5,227.3,3.02,31.822000000000003,3.0173106763045334,43.0,13.978253,0.00555347289407656,219.4705841253841,5.949999999999999,0.13999999999999999,0.20853637967598448,113.65,2795.4,5085.0,0.167613300329175,19.54399999999999,4490.990981954876,230.45399999999998,0.11528403795229317,41.124956173790366,43.15,6.0200000000000005,0.12447891552842819,21.25,3.9139108400000002,8.124038404635959,0.1158705523912002
Nb15Cu,6.9,346.0,4.8125,83.75326486173539,4.721703954181944,53.0,14.68019,0.6345875729271131,61.19950356780799,7.818585130156226,0.7261843774138906,0.2409325401243041,173.0,8594.375,8765.0,0.17925202244370275,19.70380277383023,8762.830592907745,75.625,0.14011916635612737,89.33544364433165,89.61875,12.829257334312068,0.18822566040700556,16.150000000000006,7.107016423645082,102.48531602136966,0.25268775573235225
Li2AlB4,3.8,208.0,2.4285714285714284,70.70606012765462,2.1917998669297094,80.0,8.680030945676034,1.0516627795726454,51.03976680523559,14.458003926926441,0.9035079029052512,0.7553383406996641,87.64068055925222,1944.2857142857142,1898.3333333333333,1.0041012726933807,130.4644216103473,1525.987177727792,73.28571428571428,0.32186583212938413,37.479191920946896,39.857142857142854,34.94777444667271,1.009076302289573,13.434863436431186,6.339070512279828,42.323443794543344,0.8568071651222857
Hf8Zr14Ta34(TiNb3)11,7.3,35.0,4.616666666666666,16.446681529516322,4.590089629917705,32.0,52.69980138851622,0.8798127132740745,40.113389212864426,17.678122936430654,0.48619840486049404,0.8995589286295971,16.117071694324622,13232.516666666666,9909.6,0.9655843697739027,67.58861269967497,8896.55102083117,43.800000000000004,0.9914413817110144,23.632928483339345,33.08833333333334,4.78179417745636,1.1477755462137584,30.4080647197417,42.24315382504459,17.530162565274047,1.0831414995198159
BaSn5,4.4,49.0,3.666666666666667,18.26122181624828,3.5635948725613575,108.0,9.308500000000002,0.2014243747703273,53.81967692900385,34.789490949934226,0.7453559924999298,0.29699316680774157,24.5,6676.666666666667,5410.0,0.4831539855845339,76.65986382861782,5065.382512703262,58.833333333333336,0.48043931370360504,78.58605600983952,93.24166666666667,40.24922359499622,0.5716835039635475,46.675,6.9381462561855995,40.99951219222005,0.3753540903212855
Ca87Pr0.13Fe2As2,46.0,187.0,2.0906397454186325,28.746966221598882,2.060902754099977,133.0,38.391912361416935,0.08697753023845363,189.35205152002982,11.339617540696388,0.46578671790154075,0.5967748537094779,70.12310603502956,1787.7230330297377,5447.75,0.32996166705548474,57.44686467024309,4641.470481222989,193.78569077142546,0.39812249335365,4.288845418349458,5.890321518709536,13.032118264021413,0.17245626909721612,29.58883097978019,6.710433140903381,22.848276322883216,0.285536337001813
Nb3Ge2,23.0,6.0,4.6,2.939387691339814,4.573050519273263,73.0,10.138190000000002,0.6820148175994905,56.324423601574175,16.117642507513313,0.48989794855663565,0.6046631165373384,3.0,7271.200000000001,6946.5,0.6427522950836223,47.226162240859665,6754.118003114844,56.4,0.686326101803236,99.51700160179742,100.75999999999999,35.7625502446344,0.6076174884739517,16.450000000000003,9.933356966154797,102.741422999684,0.6841285652770854
Fe1Te0.3Se0.7,19.0,78.48,4.5,38.87630661469785,4.242640687119285,53.0,29.905281677694028,0.0904480708663979,8.336483676507225,88.94360066918811,1.5,0.9334599448565546,36.42535868808371,6559.65,6311.0,1.0846087690812354,83.22072698552924,6186.5089014424375,40.132000000000005,0.9400561556609683,57.92078437522535,106.13,24.37724348649781,0.9406043921827615,83.41448049083297,24.573739443763944,86.53086361190915,1.0152123168939562
GdFeAsO,56.0,78.97342,3.25,31.464821348103584,3.0800702882410227,185.0,51.50005196094466,0.8921157214189781,5.829565540608652,45.95641277340954,1.0897247358851685,1.0887534374973713,31.464821348103584,5375.85725,5375.85725,1.1523872030852738,267.4475696281422,844.7130837935551,35.006645,1.0280566103705644,56.28328239981326,72.675,67.12814238454689,1.2598041949019394,45.95641277340954,51.50005196094466,56.28328239981326,1.3434375182735796
AlB6,4.7,208.0,2.9999999999999996,72.78483807127158,3.0000000000000004,31.0,8.0852695,0.6761448395498515,36.77961736355601,5.528848276567745,4.440892098500626e-16,0.4306725115734663,104.0,2494.285714285714,2580.0,0.6054879593513074,78.03374466294981,2577.207791389744,56.71428571428571,0.14984696531896824,30.050355771414623,30.457142857142856,10.84774028946836,0.4779630723510835,7.9,5.6585099165393355,35.224991128458775,0.34087130943479726
Ce1Zn0.35In4.65Co1,1.3,109.0,3.2357142857142858,28.398300466537695,3.1916368716637398,43.0,33.934583112460736,0.8342692693763176,64.53018847308974,15.34883381530323,0.5292948717156533,0.9897118783140393,41.08755894428385,7439.9285714285725,7509.75,0.862792632786682,99.64358454419595,7466.063817807799,76.32857142857142,1.1858144089247813,31.446941912641282,36.940714285714286,11.134786454519686,0.9879887269972236,24.02712009376072,24.758557909483503,19.78130398184306,1.0652000196374711
Ba2Ca2Cu3HgO9,134.0,399.97342,2.0,153.70485796889392,2.0,205.0,68.0098970781871,0.6854563768845937,1.2519295024700285,59.363061983254205,0.0,1.13612284554155,156.16394830023808,2973.3447647058824,5511.0858,1.5401614247138897,334.85095987426956,988.2823631871092,96.73760117647059,1.2039871017855837,53.26967993150809,98.96117647058824,75.44997655359289,1.558517292080809,61.47434541335109,53.680332994003756,17.26127815708719,1.038618450119347
Nb0.9Bi1.2S3,0.31,53.795,5.588235294117647,19.916742079263447,5.5660513405481185,111.0,73.38930469794083,0.501191831399929,1.298247926189014,54.645951359638715,0.49215295678475035,1.057545661259816,23.73619844597417,4966.470588235294,6770.0,0.9679351419095339,154.52054521238773,5476.7794136922175,11.532352941176471,0.9407957355732863,144.90822765071232,155.8,42.87948832520208,1.0793991002121799,52.53217003788144,72.63433309171633,117.83825344493884,0.8505945236369679
Eu(SnAs)2,4.8,53.0,3.9999999999999996,22.095751225568733,3.9148676411688634,117.0,31.55028418311879,0.9495304652987421,36.06264811655775,23.39463376265781,0.816496580927726,1.088355927856195,22.095751225568733,6093.666666666666,6093.666666666667,1.0597690105492066,164.01293309438202,6032.570615900573,43.666666666666664,0.9122763882291234,76.37204463176309,79.93333333333334,49.492984912566705,1.0540961933526518,23.39463376265781,31.550284183118787,76.37204463176316,1.0737542963002544
Hf0.11Zr0.11Ti0.11Nb0.11Re0.56,4.4,32.0,5.790000000000001,12.511194986890741,5.608172971759309,32.0,53.97694625298382,1.0687777371382605,37.95814892051836,24.46935013440283,1.3949551964131324,0.8533135998407017,14.01427843308388,15389.98,10783.6,1.000452744187617,64.4202171604536,9321.061393963515,40.300000000000004,1.1366824743087056,15.56260481756753,24.448,9.528819444191395,1.3134742408282092,31.344320059621648,52.04891004180849,15.213644642271495,1.2234862791676409
Sr0.125La1.675Eu0.2Cu1O4,125.0,399.97342,2.267857142857143,138.44902502954568,2.229447743051287,183.0,49.79947345323547,0.29830948584250366,0.6285479966371106,42.17128023612547,0.44284274170133014,0.9287986434289084,154.20524542388117,2948.2594285714285,4596.2858,1.1942449863436218,353.63798053289275,1016.5066992288404,61.29376,1.1348516526023047,99.23871556038289,111.98982142857143,68.62164232892104,1.326785903662321,49.91544835018514,53.35017983343616,49.06727405826816,0.8309992813417488
Nb3Pd,3.5,17.0,4.75,7.361215932167728,4.728708045015878,29.0,6.7568100000000015,0.6148115111726551,57.824236487559,14.029611541307904,0.4330127018922193,0.6258351776359874,8.5,9433.25,10296.5,0.5894399030522295,60.57847699472148,10150.719678919313,58.25,0.4590239151569407,78.04819236857773,79.49999999999999,12.55736835487436,0.5287925024202231,16.199999999999996,5.8515691085447346,69.53790333336202,0.5999430776756367
Sn0.4Sb0.6,3.0,43.0,4.6,21.06561178793533,4.573050519273263,12.0,1.5250000000000057,0.6471456165440563,36.18734043634512,2.0085815890822034,0.48989794855663565,0.6806738715470829,21.5,6942.2,7003.5,0.6704724502733346,61.28623336443508,6996.789978268602,41.2,0.4884172826604398,106.32112594429263,106.34,5.878775382679628,0.6805807876995712,2.049999999999997,1.494188743097744,106.730314344145,0.6543718120937291
Nb2Pd1.2Se5,5.5,70.48,5.463414634146343,29.64676194382311,5.408406160456122,95.0,11.21096209871194,0.7476319096201481,3.313463770577541,59.8562704421459,0.7357611282438223,1.075113001406518,30.03061548930802,6788.121951219513,8470.666666666666,0.9857038201859278,117.32727023277089,7918.632689863475,23.878048780487806,1.0098691474194101,133.9958058129139,149.26097560975612,41.96334198078499,1.0344732081973964,60.43790201520897,10.135612124525316,98.31095454224348,0.855485280231399
